title,description,city,address,start_date,end_date,keywords,text_for_embedding
Graines de Mosson - Un site d'agriculture urbaine où monde de la science et production agricole se rencontrent,"Un projet d'agriculture urbaine unique à découvrir. Pendant 2h, plongez dans un univers insoupçonné d'innovation au cœur de la transformation d'un quartier.",Montpellier,70 rue de Leyde 34090 Montpellier,2025-06-06T08:00:00+00:00,2025-06-06T14:00:00+00:00,,"Titre : Graines de Mosson - Un site d'agriculture urbaine où monde de la science et production agricole se rencontrent. Description : Un projet d'agriculture urbaine unique à découvrir. Pendant 2h, plongez dans un univers insoupçonné d'innovation au cœur de la transformation d'un quartier.. Lieu : Montpellier, 70 rue de Leyde 34090 Montpellier. Date de début : 2025-06-06T08:00:00+00:00. Date de fin : 2025-06-06T14:00:00+00:00. Mots-clés : None."
Balade au lac du Crès,"L'association Vélocité propose une balade familiale à travers la ville et les vignes. Départ le matin, pique-nique au lac, puis retour.",Montpellier,"rue de rhodes, montpellier",2025-05-11T09:00:00+00:00,2025-05-11T13:30:00+00:00,,"Titre : Balade au lac du Crès. Description : L'association Vélocité propose une balade familiale à travers la ville et les vignes. Départ le matin, pique-nique au lac, puis retour.. Lieu : Montpellier, rue de rhodes, montpellier. Date de début : 2025-05-11T09:00:00+00:00. Date de fin : 2025-05-11T13:30:00+00:00. Mots-clés : None."
Escape Game Téléportation - Mission Locale Montpellier,Escape Game sur les métiers de l'Industrie,Montpellier,"355 r Vendémiaire, 34000 Montpellier",2025-12-03T07:30:00+00:00,2025-12-03T11:00:00+00:00,,"Titre : Escape Game Téléportation - Mission Locale Montpellier. Description : Escape Game sur les métiers de l'Industrie. Lieu : Montpellier, 355 r Vendémiaire, 34000 Montpellier. Date de début : 2025-12-03T07:30:00+00:00. Date de fin : 2025-12-03T11:00:00+00:00. Mots-clés : None."
Les rencontres de la création avec CitésLab,"Rencontre avec CitésLab CitésLab - Révélateurs de Talents, ce sont d'abord des hommes et des femmes de terrain - les chefs de projets CitésLab. Les chefs de projets CitésLab rencontrent et révèlen...",Montpellier,34080 Montpellier,2025-09-15T09:00:00+00:00,2025-09-15T09:30:00+00:00,"['Atelier', ""Création d'entreprise"", 'Se préparer', 'Tout public', 'en physique']","Titre : Les rencontres de la création avec CitésLab. Description : Rencontre avec CitésLab CitésLab - Révélateurs de Talents, ce sont d'abord des hommes et des femmes de terrain - les chefs de projets CitésLab. Les chefs de projets CitésLab rencontrent et révèlen.... Lieu : Montpellier, 34080 Montpellier. Date de début : 2025-09-15T09:00:00+00:00. Date de fin : 2025-09-15T09:30:00+00:00. Mots-clés : ['Atelier', ""Création d'entreprise"", 'Se préparer', 'Tout public', 'en physique']."
Les rencontres de la création avec AXENTS,"Vous avez une idée, besoin de conseils ? Depuis 1995, AXENTS favorise l'émergence de projets et le développement de la création d'entreprise dans le département de l'Hérault.",Montpellier,34080 Montpellier,2026-04-29T07:30:00+00:00,2026-04-29T08:00:00+00:00,"[""La semaine de la création et reprise d'entreprise - ReStart"", ""Création d'entreprise""]","Titre : Les rencontres de la création avec AXENTS. Description : Vous avez une idée, besoin de conseils ? Depuis 1995, AXENTS favorise l'émergence de projets et le développement de la création d'entreprise dans le département de l'Hérault.. Lieu : Montpellier, 34080 Montpellier. Date de début : 2026-04-29T07:30:00+00:00. Date de fin : 2026-04-29T08:00:00+00:00. Mots-clés : [""La semaine de la création et reprise d'entreprise - ReStart"", ""Création d'entreprise""]."
BOOST' VOTRE CANDIDATURE : Rencontre avec l'Apije !,"Vous souhaitez donner une nouvelle impulsion à votre parcours ? Votre agence de Montpellier Cévennes vous invite à rencontrer Mme Olivia PIERI, experte en recrutement pour l'association Apije.",Montpellier,34080 Montpellier,2026-05-21T09:00:00+00:00,2026-05-21T09:10:00+00:00,"['Recrutement', 'Insertion']","Titre : BOOST' VOTRE CANDIDATURE : Rencontre avec l'Apije !. Description : Vous souhaitez donner une nouvelle impulsion à votre parcours ? Votre agence de Montpellier Cévennes vous invite à rencontrer Mme Olivia PIERI, experte en recrutement pour l'association Apije.. Lieu : Montpellier, 34080 Montpellier. Date de début : 2026-05-21T09:00:00+00:00. Date de fin : 2026-05-21T09:10:00+00:00. Mots-clés : ['Recrutement', 'Insertion']."
Démonstration de jeu de balle au tambourin,🏟️ Hommage à Max Rouquette – Le retour du tambourin sur la place,Montpellier,Place Max Rouquette 34000 Montpellier,2025-09-20T13:00:00+00:00,2025-09-20T15:00:00+00:00,,"Titre : Démonstration de jeu de balle au tambourin. Description : 🏟️ Hommage à Max Rouquette – Le retour du tambourin sur la place. Lieu : Montpellier, Place Max Rouquette 34000 Montpellier. Date de début : 2025-09-20T13:00:00+00:00. Date de fin : 2025-09-20T15:00:00+00:00. Mots-clés : None."
Visite du Centre Opérationnel de Proximité (COP) - Dans les coulisses de la SNCF,🚆 Dans les coulisses de la SNCF,Montpellier,"120 Rue Isabelle Eberhardt, 34000 Montpellier",2025-09-20T08:00:00+00:00,2025-09-20T14:00:00+00:00,,"Titre : Visite du Centre Opérationnel de Proximité (COP) - Dans les coulisses de la SNCF. Description : 🚆 Dans les coulisses de la SNCF. Lieu : Montpellier, 120 Rue Isabelle Eberhardt, 34000 Montpellier. Date de début : 2025-09-20T08:00:00+00:00. Date de fin : 2025-09-20T14:00:00+00:00. Mots-clés : None."
"Visite commentée de l'Agora, Cité Internationale de la Danse, couvent des Ursulines","Visite découverte de l’Agora, Cité Internationale de la Danse 💃",Montpellier,"2 boulevard Louis Blanc, 34000 Montpellier",2025-09-20T08:30:00+00:00,2025-09-20T15:30:00+00:00,,"Titre : Visite commentée de l'Agora, Cité Internationale de la Danse, couvent des Ursulines. Description : Visite découverte de l’Agora, Cité Internationale de la Danse 💃. Lieu : Montpellier, 2 boulevard Louis Blanc, 34000 Montpellier. Date de début : 2025-09-20T08:30:00+00:00. Date de fin : 2025-09-20T15:30:00+00:00. Mots-clés : None."
Atelier plan par plan,✏️ Atelier dessin : initiez-vous à la perspective !,Montpellier,"39 Boulevard de Bonnes Nouvelles, 34000 Montpellier, France",2025-09-18T13:15:00+00:00,2025-09-19T19:45:00+00:00,,"Titre : Atelier plan par plan. Description : ✏️ Atelier dessin : initiez-vous à la perspective !. Lieu : Montpellier, 39 Boulevard de Bonnes Nouvelles, 34000 Montpellier, France. Date de début : 2025-09-18T13:15:00+00:00. Date de fin : 2025-09-19T19:45:00+00:00. Mots-clés : None."
Visite libre de la bibliothèque Jean Claparède,Lecture en liberté : architecture et poésie occitane,Montpellier,"39 Boulevard de Bonnes Nouvelles, 34000 Montpellier, France",2025-09-20T09:00:00+00:00,2025-09-21T16:00:00+00:00,,"Titre : Visite libre de la bibliothèque Jean Claparède. Description : Lecture en liberté : architecture et poésie occitane. Lieu : Montpellier, 39 Boulevard de Bonnes Nouvelles, 34000 Montpellier, France. Date de début : 2025-09-20T09:00:00+00:00. Date de fin : 2025-09-21T16:00:00+00:00. Mots-clés : None."
L’Opéra Comédie et ses coulisses,Visites guidées avec un médiateur,Montpellier,"Place de la Comédie, 34000, Montpellier",2026-05-09T08:00:00+00:00,2026-05-10T13:00:00+00:00,"['visite', 'histoire', 'patrimoine', 'coulisses']","Titre : L’Opéra Comédie et ses coulisses. Description : Visites guidées avec un médiateur. Lieu : Montpellier, Place de la Comédie, 34000, Montpellier. Date de début : 2026-05-09T08:00:00+00:00. Date de fin : 2026-05-10T13:00:00+00:00. Mots-clés : ['visite', 'histoire', 'patrimoine', 'coulisses']."
Happening cuivré,Performance en plein,Montpellier,"Place de la Comédie, 34000 Montpellier",2026-05-09T10:30:00+00:00,2026-05-09T11:00:00+00:00,"['performance', 'amateurs']","Titre : Happening cuivré. Description : Performance en plein. Lieu : Montpellier, Place de la Comédie, 34000 Montpellier. Date de début : 2026-05-09T10:30:00+00:00. Date de fin : 2026-05-09T11:00:00+00:00. Mots-clés : ['performance', 'amateurs']."
Rhapsodie Mexicaine,Une comédie philosophique avec une archéologue qui manie l'autodérision comme personne !,Montpellier,162 avenue de Palavas 34070 Montpellier,2025-09-06T14:30:00+00:00,2025-09-06T15:30:00+00:00,"['théâtre', 'comédie', 'philosophie', 'theatre', 'montpellier', 'dia de muertos', 'fete des morts mexicaine', 'mexique', 'maya', 'olmeque']","Titre : Rhapsodie Mexicaine. Description : Une comédie philosophique avec une archéologue qui manie l'autodérision comme personne !. Lieu : Montpellier, 162 avenue de Palavas 34070 Montpellier. Date de début : 2025-09-06T14:30:00+00:00. Date de fin : 2025-09-06T15:30:00+00:00. Mots-clés : ['théâtre', 'comédie', 'philosophie', 'theatre', 'montpellier', 'dia de muertos', 'fete des morts mexicaine', 'mexique', 'maya', 'olmeque']."
Journée Portes Ouvertes de la Faculté d’Éducation de l’Université de Montpellier,"La Faculté d’Éducation propose une journée de présentation des formations dans les métiers de l’éducation, de l’enseignement, de la médiation et de la formation.",Montpellier,"2 place Marcel Godechot, 34090 Montpellier",2026-02-14T08:30:00+00:00,2026-02-14T15:30:00+00:00,"['éducation', 'enseignement', 'médiation', 'formation']","Titre : Journée Portes Ouvertes de la Faculté d’Éducation de l’Université de Montpellier. Description : La Faculté d’Éducation propose une journée de présentation des formations dans les métiers de l’éducation, de l’enseignement, de la médiation et de la formation.. Lieu : Montpellier, 2 place Marcel Godechot, 34090 Montpellier. Date de début : 2026-02-14T08:30:00+00:00. Date de fin : 2026-02-14T15:30:00+00:00. Mots-clés : ['éducation', 'enseignement', 'médiation', 'formation']."
CAP vers la réussite du CAP Petite Enfance,Mettez toutes les chances de votre côté pour décrocher votre CAP petite enfance !,Montpellier,34080 Montpellier,2025-12-09T08:00:00+00:00,2025-12-09T11:00:00+00:00,"['Se préparer', 'Découverte formation']","Titre : CAP vers la réussite du CAP Petite Enfance. Description : Mettez toutes les chances de votre côté pour décrocher votre CAP petite enfance !. Lieu : Montpellier, 34080 Montpellier. Date de début : 2025-12-09T08:00:00+00:00. Date de fin : 2025-12-09T11:00:00+00:00. Mots-clés : ['Se préparer', 'Découverte formation']."
Les rencontres de la création avec AXENTS,"Vous avez une idée, besoin de conseils ? Depuis 1995, AXENTS favorise l'émergence de projets et le développement de la création d'entreprise dans le département de l'Hérault.",Montpellier,34080 Montpellier,2026-01-14T10:00:00+00:00,2026-01-14T10:30:00+00:00,"[""Création d'entreprise""]","Titre : Les rencontres de la création avec AXENTS. Description : Vous avez une idée, besoin de conseils ? Depuis 1995, AXENTS favorise l'émergence de projets et le développement de la création d'entreprise dans le département de l'Hérault.. Lieu : Montpellier, 34080 Montpellier. Date de début : 2026-01-14T10:00:00+00:00. Date de fin : 2026-01-14T10:30:00+00:00. Mots-clés : [""Création d'entreprise""]."
"Formation certifiante - Devenez expert·e en réparation de cycles et vélos à assistance électrique, un métier d'avenir !",Vous souhaitez vous lancer dans un métier porteur et innovant ? Le centre de formation AFPA vient à vous !,Montpellier,34080 Montpellier,2025-11-20T08:00:00+00:00,2025-11-20T11:00:00+00:00,"['Découverte secteur / métier', ""S'informer"", 'Découverte formation']","Titre : Formation certifiante - Devenez expert·e en réparation de cycles et vélos à assistance électrique, un métier d'avenir !. Description : Vous souhaitez vous lancer dans un métier porteur et innovant ? Le centre de formation AFPA vient à vous !. Lieu : Montpellier, 34080 Montpellier. Date de début : 2025-11-20T08:00:00+00:00. Date de fin : 2025-11-20T11:00:00+00:00. Mots-clés : ['Découverte secteur / métier', ""S'informer"", 'Découverte formation']."
Les rencontres de la création avec ADIE,"Rencontre avec ADIE : L'Adie, c'est l'association qui finance votre entreprise et vous accompagne tout au long de votre projet. Un crédit et des conseils pour me lancer.",Montpellier,34080 Montpellier,2026-05-06T08:00:00+00:00,2026-05-06T08:30:00+00:00,"[""Création d'entreprise"", 'Se préparer']","Titre : Les rencontres de la création avec ADIE. Description : Rencontre avec ADIE : L'Adie, c'est l'association qui finance votre entreprise et vous accompagne tout au long de votre projet. Un crédit et des conseils pour me lancer.. Lieu : Montpellier, 34080 Montpellier. Date de début : 2026-05-06T08:00:00+00:00. Date de fin : 2026-05-06T08:30:00+00:00. Mots-clés : [""Création d'entreprise"", 'Se préparer']."
Les rencontres de la création avec AXENTS,"Vous avez une idée, besoin de conseils ? Depuis 1995, AXENTS favorise l'émergence de projets et le développement de la création d'entreprise dans le département de l'Hérault.",Montpellier,34080 Montpellier,2026-05-13T08:00:00+00:00,2026-05-13T08:30:00+00:00,"[""La semaine de la création et reprise d'entreprise - ReStart"", ""Création d'entreprise""]","Titre : Les rencontres de la création avec AXENTS. Description : Vous avez une idée, besoin de conseils ? Depuis 1995, AXENTS favorise l'émergence de projets et le développement de la création d'entreprise dans le département de l'Hérault.. Lieu : Montpellier, 34080 Montpellier. Date de début : 2026-05-13T08:00:00+00:00. Date de fin : 2026-05-13T08:30:00+00:00. Mots-clés : [""La semaine de la création et reprise d'entreprise - ReStart"", ""Création d'entreprise""]."
Dispositif spécifique personne en situation de handicap : Venez découvrir les métiers de la formation pour adultes et/ou vous préparer à un,"AKTO en Occitanie, accompagné de ses partenaires organise la semaine des métiers de la formation du 8 au 12 juin 2026.",Montpellier,34000 Montpellier,2026-05-13T07:30:00+00:00,2026-05-13T14:00:00+00:00,"['Découverte secteur / métier', ""S'informer"", 'Insertion', 'Se préparer', 'Coaching', 'Marché du travail']","Titre : Dispositif spécifique personne en situation de handicap : Venez découvrir les métiers de la formation pour adultes et/ou vous préparer à un. Description : AKTO en Occitanie, accompagné de ses partenaires organise la semaine des métiers de la formation du 8 au 12 juin 2026.. Lieu : Montpellier, 34000 Montpellier. Date de début : 2026-05-13T07:30:00+00:00. Date de fin : 2026-05-13T14:00:00+00:00. Mots-clés : ['Découverte secteur / métier', ""S'informer"", 'Insertion', 'Se préparer', 'Coaching', 'Marché du travail']."
"Limites planétaires, métamorphoses du droit ?",Ce séminaire qui proposera une exploration critique des limites planétaires et de leur signification pour le droit face à la transition écologique aura lieu le jeudi 26 mars 2026 à Montpellier.,Montpellier,Montpellier,2026-03-26T13:00:00+00:00,2026-03-26T15:00:00+00:00,,"Titre : Limites planétaires, métamorphoses du droit ?. Description : Ce séminaire qui proposera une exploration critique des limites planétaires et de leur signification pour le droit face à la transition écologique aura lieu le jeudi 26 mars 2026 à Montpellier.. Lieu : Montpellier, Montpellier. Date de début : 2026-03-26T13:00:00+00:00. Date de fin : 2026-03-26T15:00:00+00:00. Mots-clés : None."
CINEMED 2025 / LES LUNDIS AU SOLEIL / Fernando León de Aranoa,Séance mercredi 22 octobre à 11h20,Montpellier,"2, rue Marcellin Albert, Montpellier",2025-10-22T09:20:00+00:00,2025-10-22T11:00:00+00:00,"['Cinéma Nestor Burma', 'Fernando León de Aranoa', 'LES LUNDIS AU SOLEIL']","Titre : CINEMED 2025 / LES LUNDIS AU SOLEIL / Fernando León de Aranoa. Description : Séance mercredi 22 octobre à 11h20. Lieu : Montpellier, 2, rue Marcellin Albert, Montpellier. Date de début : 2025-10-22T09:20:00+00:00. Date de fin : 2025-10-22T11:00:00+00:00. Mots-clés : ['Cinéma Nestor Burma', 'Fernando León de Aranoa', 'LES LUNDIS AU SOLEIL']."
CINÉ-JEU ET GOÛTER / AMÉLIE ET LA MÉTAPHYSIQUE DES TUBES,MERCREDI 16 JUILLET À 14H : CINÉ-JEU ET GOÛTER,Montpellier,"2, rue Marcellin Albert, Montpellier",2025-07-16T12:00:00+00:00,2025-07-16T14:00:00+00:00,"['Cinéma Nestor Burma', 'Amélie et la métaphysique des tubes', 'Amélie Nothomb', 'Little Film festival']","Titre : CINÉ-JEU ET GOÛTER / AMÉLIE ET LA MÉTAPHYSIQUE DES TUBES. Description : MERCREDI 16 JUILLET À 14H : CINÉ-JEU ET GOÛTER. Lieu : Montpellier, 2, rue Marcellin Albert, Montpellier. Date de début : 2025-07-16T12:00:00+00:00. Date de fin : 2025-07-16T14:00:00+00:00. Mots-clés : ['Cinéma Nestor Burma', 'Amélie et la métaphysique des tubes', 'Amélie Nothomb', 'Little Film festival']."
CINÉ-ATELIER / LE SECRET DES MESANGES,MERCREDI 12 à 14H et DIMANCHE 16 NOVEMBRE à 14H15,Montpellier,"2, rue Marcellin Albert",2025-11-12T13:00:00+00:00,2025-11-16T15:15:00+00:00,"['Cinéma municipal Nestor Burma', 'LE SECRET DES MESANGES', 'CINÉ-ATELIER', 'Antoine Lanciaux']","Titre : CINÉ-ATELIER / LE SECRET DES MESANGES. Description : MERCREDI 12 à 14H et DIMANCHE 16 NOVEMBRE à 14H15. Lieu : Montpellier, 2, rue Marcellin Albert. Date de début : 2025-11-12T13:00:00+00:00. Date de fin : 2025-11-16T15:15:00+00:00. Mots-clés : ['Cinéma municipal Nestor Burma', 'LE SECRET DES MESANGES', 'CINÉ-ATELIER', 'Antoine Lanciaux']."
CINÉ-JEU / ARCO,SAMEDI 22 NOVEMBRE de 14H à 18H : CINÉ-JEU,Montpellier,"2, rue Marcellin Albert",2025-11-22T13:00:00+00:00,2025-11-22T17:00:00+00:00,"['Cinéma municipal Nestor Burma', 'ARCO', 'Hugo Bienvenu', 'Atelier ludosophique']","Titre : CINÉ-JEU / ARCO. Description : SAMEDI 22 NOVEMBRE de 14H à 18H : CINÉ-JEU. Lieu : Montpellier, 2, rue Marcellin Albert. Date de début : 2025-11-22T13:00:00+00:00. Date de fin : 2025-11-22T17:00:00+00:00. Mots-clés : ['Cinéma municipal Nestor Burma', 'ARCO', 'Hugo Bienvenu', 'Atelier ludosophique']."
Atelier argile « Les petits bâtisseurs »,"Dans le cadre de l’exposition « Terre de Bâtisseuses », la maison de l’Architecture Occitanie-Méditerranée vous propose de venir découvrir le travail de la terre !",Montpellier,19 rue Saint Louis 34000 Montpellier,2025-06-28T07:30:00+00:00,2025-06-28T09:00:00+00:00,"['argile', 'terre crue', 'atelier', 'enfant', 'poterie']","Titre : Atelier argile « Les petits bâtisseurs ». Description : Dans le cadre de l’exposition « Terre de Bâtisseuses », la maison de l’Architecture Occitanie-Méditerranée vous propose de venir découvrir le travail de la terre !. Lieu : Montpellier, 19 rue Saint Louis 34000 Montpellier. Date de début : 2025-06-28T07:30:00+00:00. Date de fin : 2025-06-28T09:00:00+00:00. Mots-clés : ['argile', 'terre crue', 'atelier', 'enfant', 'poterie']."
Exposition « HOME/LAND » du Begat Theatre proposé par l'Atelline,HOME /LAND du Begat Theater,Montpellier,"Rue la Blottière, 34000 Montpellier",2025-10-03T16:00:00+00:00,2025-10-05T20:00:00+00:00,,"Titre : Exposition « HOME/LAND » du Begat Theatre proposé par l'Atelline. Description : HOME /LAND du Begat Theater. Lieu : Montpellier, Rue la Blottière, 34000 Montpellier. Date de début : 2025-10-03T16:00:00+00:00. Date de fin : 2025-10-05T20:00:00+00:00. Mots-clés : None."
"Atelier ""Hérault 2050"" #JNA2025","À destination du grand public, dans le cadre des Journées Nationales de l’Architecture, venez explorer les manières de réinvestir les tissus urbains existants à travers des jeux sérieux, temps de et …",Montpellier,"19 rue Saint-Louis, 34000 Montpellier",2025-10-18T12:00:00+00:00,2025-10-18T15:00:00+00:00,,"Titre : Atelier ""Hérault 2050"" #JNA2025. Description : À destination du grand public, dans le cadre des Journées Nationales de l’Architecture, venez explorer les manières de réinvestir les tissus urbains existants à travers des jeux sérieux, temps de et …. Lieu : Montpellier, 19 rue Saint-Louis, 34000 Montpellier. Date de début : 2025-10-18T12:00:00+00:00. Date de fin : 2025-10-18T15:00:00+00:00. Mots-clés : None."
Les rencontres de la création avec CitésLab,"Rencontre avec CitésLab CitésLab – Révélateurs de Talents, ce sont d’abord des hommes et des femmes de terrain – les chefs de projets CitésLab.Les chefs de projets CitésLab rencontrent et révèlent les",Montpellier,34080 Montpellier,2025-08-25T08:30:00+00:00,2025-08-25T09:00:00+00:00,"['Se préparer', ""Création d'entreprise""]","Titre : Les rencontres de la création avec CitésLab. Description : Rencontre avec CitésLab CitésLab – Révélateurs de Talents, ce sont d’abord des hommes et des femmes de terrain – les chefs de projets CitésLab.Les chefs de projets CitésLab rencontrent et révèlent les. Lieu : Montpellier, 34080 Montpellier. Date de début : 2025-08-25T08:30:00+00:00. Date de fin : 2025-08-25T09:00:00+00:00. Mots-clés : ['Se préparer', ""Création d'entreprise""]."
Créateur d'entreprise depuis moins de 3 ans,"Vous êtes entrepreneur, installé depuis moins de 3 ans ? Vous souhaitez développer votre chiffre d’affaires et améliorer la rentabilité de votre activité ? Vous avez des projets de développement, ...",Montpellier,34080 Montpellier,2025-09-05T07:30:00+00:00,2025-09-05T09:30:00+00:00,"[""Réunion d'information"", ""Création d'entreprise"", 'Résidents en quartier prioritaire de la ville', 'Formation financée', 'en physique']","Titre : Créateur d'entreprise depuis moins de 3 ans. Description : Vous êtes entrepreneur, installé depuis moins de 3 ans ? Vous souhaitez développer votre chiffre d’affaires et améliorer la rentabilité de votre activité ? Vous avez des projets de développement, .... Lieu : Montpellier, 34080 Montpellier. Date de début : 2025-09-05T07:30:00+00:00. Date de fin : 2025-09-05T09:30:00+00:00. Mots-clés : [""Réunion d'information"", ""Création d'entreprise"", 'Résidents en quartier prioritaire de la ville', 'Formation financée', 'en physique']."
Explorez les métiers du transport sanitaire : Rencontres et Témoignages Inspirants !,"Plongez dans l'univers fascinant des métiers du transport sanitaire lors d'un événement organisé par la Maison de l'Orientation à Antigone, avec la participation de l'AFT. Ouvert à tous, cet événe...",Montpellier,34000 Montpellier,2025-09-17T12:00:00+00:00,2025-09-17T14:30:00+00:00,"[""Réunion d'information"", '1 jeune  1 solution', 'La semaine du transport/logistique', '#TousMobilisés', 'Transition écologique', 'Transport et Logistique', 'Marché du travail', 'Découverte secteur / métier', ""S'informer"", 'Tout public', ""Opportunité d'emploi"", 'Rencontre recruteur', 'en physique']","Titre : Explorez les métiers du transport sanitaire : Rencontres et Témoignages Inspirants !. Description : Plongez dans l'univers fascinant des métiers du transport sanitaire lors d'un événement organisé par la Maison de l'Orientation à Antigone, avec la participation de l'AFT. Ouvert à tous, cet événe.... Lieu : Montpellier, 34000 Montpellier. Date de début : 2025-09-17T12:00:00+00:00. Date de fin : 2025-09-17T14:30:00+00:00. Mots-clés : [""Réunion d'information"", '1 jeune  1 solution', 'La semaine du transport/logistique', '#TousMobilisés', 'Transition écologique', 'Transport et Logistique', 'Marché du travail', 'Découverte secteur / métier', ""S'informer"", 'Tout public', ""Opportunité d'emploi"", 'Rencontre recruteur', 'en physique']."
Visite guidée du cimetière protestant de Montpellier,🕊️ L’histoire des protestants de la région de Montpellier,Montpellier,"1 Av. de Palavas, 34070 Montpellier",2025-09-20T08:00:00+00:00,2025-09-21T15:30:00+00:00,,"Titre : Visite guidée du cimetière protestant de Montpellier. Description : 🕊️ L’histoire des protestants de la région de Montpellier. Lieu : Montpellier, 1 Av. de Palavas, 34070 Montpellier. Date de début : 2025-09-20T08:00:00+00:00. Date de fin : 2025-09-21T15:30:00+00:00. Mots-clés : None."
Visite guidée entre nature et spiritualité : un parc secret à découvrir,🌳 Découverte d’un parc classé au cœur de Montpellier,Montpellier,"5 Rue du Pas du Loup, 34070 Montpellier",2025-09-21T12:00:00+00:00,2025-09-21T15:00:00+00:00,,"Titre : Visite guidée entre nature et spiritualité : un parc secret à découvrir. Description : 🌳 Découverte d’un parc classé au cœur de Montpellier. Lieu : Montpellier, 5 Rue du Pas du Loup, 34070 Montpellier. Date de début : 2025-09-21T12:00:00+00:00. Date de fin : 2025-09-21T15:00:00+00:00. Mots-clés : None."
"Le chant des roseaux, visite famille de 6 à 10 ans",📖 Plongez dans l’univers du roi Midas avec l’album Les roseaux de Midas de Max Rouquette !,Montpellier,"39 Boulevard de Bonnes Nouvelles, 34000 Montpellier, France",2025-09-20T09:15:00+00:00,2025-09-21T13:45:00+00:00,,"Titre : Le chant des roseaux, visite famille de 6 à 10 ans. Description : 📖 Plongez dans l’univers du roi Midas avec l’album Les roseaux de Midas de Max Rouquette !. Lieu : Montpellier, 39 Boulevard de Bonnes Nouvelles, 34000 Montpellier, France. Date de début : 2025-09-20T09:15:00+00:00. Date de fin : 2025-09-21T13:45:00+00:00. Mots-clés : None."
Biodiversité inventoriée,Pour tout savoir ou presque sur la biodiversité ! La connaissance de la biodiversité vient d'un minutieux travail mené par des naturalistes passionnés.,Montpellier,150 avenue Paul Bringuier 34080 Montpellier,2025-10-04T08:00:00+00:00,2025-10-04T16:00:00+00:00,,"Titre : Biodiversité inventoriée. Description : Pour tout savoir ou presque sur la biodiversité ! La connaissance de la biodiversité vient d'un minutieux travail mené par des naturalistes passionnés.. Lieu : Montpellier, 150 avenue Paul Bringuier 34080 Montpellier. Date de début : 2025-10-04T08:00:00+00:00. Date de fin : 2025-10-04T16:00:00+00:00. Mots-clés : None."
Planètes de Momoko Seto,Rencontre avec la réalisatrice,Montpellier,"5, rue de Verdun, Montpellier",2026-02-24T19:00:00+00:00,2026-02-24T22:00:00+00:00,"['Diagonal-Capitole', 'Planètes de Momoko Seto']","Titre : Planètes de Momoko Seto. Description : Rencontre avec la réalisatrice. Lieu : Montpellier, 5, rue de Verdun, Montpellier. Date de début : 2026-02-24T19:00:00+00:00. Date de fin : 2026-02-24T22:00:00+00:00. Mots-clés : ['Diagonal-Capitole', 'Planètes de Momoko Seto']."
Hors Cadre / courts métrages proposés par le Musée Fabre en présence des réalisateurs,Séance unique,Montpellier,"5, rue de Verdun, Montpellier",2026-04-06T22:00:00+00:00,2026-04-07T01:00:00+00:00,"['Diagonal-Capitole', 'Hors Cadre / courts métrages proposés par le Musée Fabre en présence des réalisateurs']","Titre : Hors Cadre / courts métrages proposés par le Musée Fabre en présence des réalisateurs. Description : Séance unique. Lieu : Montpellier, 5, rue de Verdun, Montpellier. Date de début : 2026-04-06T22:00:00+00:00. Date de fin : 2026-04-07T01:00:00+00:00. Mots-clés : ['Diagonal-Capitole', 'Hors Cadre / courts métrages proposés par le Musée Fabre en présence des réalisateurs']."
Chantez avec Opéra Junior !,Atelier participatif,Montpellier,"Place Molière, 34000, Montpellier",2026-05-09T08:00:00+00:00,2026-05-09T10:00:00+00:00,"['chant', 'atelier', 'choeur', 'jeunesse']","Titre : Chantez avec Opéra Junior !. Description : Atelier participatif. Lieu : Montpellier, Place Molière, 34000, Montpellier. Date de début : 2026-05-09T08:00:00+00:00. Date de fin : 2026-05-09T10:00:00+00:00. Mots-clés : ['chant', 'atelier', 'choeur', 'jeunesse']."
Opéra Orchestre national de Montpellier,Répétition participative avec Opéra Junior - Apprendre à chanter à l'unisson,Montpellier,"Place Molière, Montpellier",2025-05-10T12:30:00+00:00,2025-05-10T15:00:00+00:00,"['chant', 'repetition']","Titre : Opéra Orchestre national de Montpellier. Description : Répétition participative avec Opéra Junior - Apprendre à chanter à l'unisson. Lieu : Montpellier, Place Molière, Montpellier. Date de début : 2025-05-10T12:30:00+00:00. Date de fin : 2025-05-10T15:00:00+00:00. Mots-clés : ['chant', 'repetition']."
Les Rencontres de l'Artisanat,"Vous souhaitez créer, reprendre ou développer une entreprise artisanale ? Sécuriser votre démarrage et préparer dès maintenant le développement de votre activité ?",Montpellier,34080 Montpellier,2025-11-21T07:30:00+00:00,2025-11-21T12:00:00+00:00,"[""Création d'entreprise""]","Titre : Les Rencontres de l'Artisanat. Description : Vous souhaitez créer, reprendre ou développer une entreprise artisanale ? Sécuriser votre démarrage et préparer dès maintenant le développement de votre activité ?. Lieu : Montpellier, 34080 Montpellier. Date de début : 2025-11-21T07:30:00+00:00. Date de fin : 2025-11-21T12:00:00+00:00. Mots-clés : [""Création d'entreprise""]."
atelier velo participatif et solidaire,Les ateliers vélos sont gratuits et nous vous demandons de participer à la réparation pour apprendre à être autonome sur le volet mécanique. les 1er arrivés sont inscrits.,Montpellier,place d'italie 34080 Montpellier,2025-10-18T12:00:00+00:00,2025-10-18T15:30:00+00:00,['vélo'],"Titre : atelier velo participatif et solidaire. Description : Les ateliers vélos sont gratuits et nous vous demandons de participer à la réparation pour apprendre à être autonome sur le volet mécanique. les 1er arrivés sont inscrits.. Lieu : Montpellier, place d'italie 34080 Montpellier. Date de début : 2025-10-18T12:00:00+00:00. Date de fin : 2025-10-18T15:30:00+00:00. Mots-clés : ['vélo']."
Mai à Vélo 2026,Faites parcourir à votre communauté le plus de kilomètres au mois de mai !,Montpellier,IMMEUBLE CASSIOPEE 60 RUE EMILE MATAN 34070 MONTPELLIER,2026-04-30T22:00:00+00:00,2026-05-31T21:59:59+00:00,['challenge-id=209450'],"Titre : Mai à Vélo 2026. Description : Faites parcourir à votre communauté le plus de kilomètres au mois de mai !. Lieu : Montpellier, IMMEUBLE CASSIOPEE 60 RUE EMILE MATAN 34070 MONTPELLIER. Date de début : 2026-04-30T22:00:00+00:00. Date de fin : 2026-05-31T21:59:59+00:00. Mots-clés : ['challenge-id=209450']."
Mai à Vélo 2026,Faites parcourir à votre communauté le plus de kilomètres au mois de mai !,Montpellier,"2 Place Pierre Viala, 34967 Montpellier, France",2026-04-30T22:00:00+00:00,2026-05-31T21:59:59+00:00,['challenge-id=212342'],"Titre : Mai à Vélo 2026. Description : Faites parcourir à votre communauté le plus de kilomètres au mois de mai !. Lieu : Montpellier, 2 Place Pierre Viala, 34967 Montpellier, France. Date de début : 2026-04-30T22:00:00+00:00. Date de fin : 2026-05-31T21:59:59+00:00. Mots-clés : ['challenge-id=212342']."
Mai à Vélo 2026,Faites parcourir à votre communauté le plus de kilomètres au mois de mai !,Montpellier,"4 Rue Catalan, 34000 Montpellier France",2026-04-30T22:00:00+00:00,2026-05-31T21:59:59+00:00,['challenge-id=213737'],"Titre : Mai à Vélo 2026. Description : Faites parcourir à votre communauté le plus de kilomètres au mois de mai !. Lieu : Montpellier, 4 Rue Catalan, 34000 Montpellier France. Date de début : 2026-04-30T22:00:00+00:00. Date de fin : 2026-05-31T21:59:59+00:00. Mots-clés : ['challenge-id=213737']."
ARCHICITY | Groupe scolaire Hypatie,"À l’occasion des Journées Nationales de l’Architecture et dans le cadre du Mois de l’Architecture Occitanie, la MAOM vous propose une visite de fin de chantier du groupe scolaire Hypatie.",Montpellier,44 rue de l'Agenais 34080 Montpellier,2025-10-18T08:00:00+00:00,2025-10-18T09:30:00+00:00,"['visite', 'groupe scolaire', 'ecole', 'montpellier', 'mosson', 'architecture', 'chantier', 'terre crue']","Titre : ARCHICITY | Groupe scolaire Hypatie. Description : À l’occasion des Journées Nationales de l’Architecture et dans le cadre du Mois de l’Architecture Occitanie, la MAOM vous propose une visite de fin de chantier du groupe scolaire Hypatie.. Lieu : Montpellier, 44 rue de l'Agenais 34080 Montpellier. Date de début : 2025-10-18T08:00:00+00:00. Date de fin : 2025-10-18T09:30:00+00:00. Mots-clés : ['visite', 'groupe scolaire', 'ecole', 'montpellier', 'mosson', 'architecture', 'chantier', 'terre crue']."
Envolez-vous vers l'industrie aéronautique avec F-TECH Méditerranée - Recrutement sans CV !,Vous êtes intéressé(e) par le secteur industriel mais vous manquez d'expérience ?,Montpellier,34070 Montpellier,2026-05-19T08:30:00+00:00,2026-05-19T09:30:00+00:00,"['Méthode de Recrutement par Simulation', 'Recrutement sans CV']","Titre : Envolez-vous vers l'industrie aéronautique avec F-TECH Méditerranée - Recrutement sans CV !. Description : Vous êtes intéressé(e) par le secteur industriel mais vous manquez d'expérience ?. Lieu : Montpellier, 34070 Montpellier. Date de début : 2026-05-19T08:30:00+00:00. Date de fin : 2026-05-19T09:30:00+00:00. Mots-clés : ['Méthode de Recrutement par Simulation', 'Recrutement sans CV']."
En route vers le SAP : job dating avec A DOM SERVICES,Vous êtes à la recherche d'un emploi et souhaitez vous orienter vers le secteur des Services à la Personne ? Le job dating En route vers le SAP est fait pour vous !,Montpellier,34080 Montpellier,2026-05-12T07:00:00+00:00,2026-05-12T10:00:00+00:00,['Recrutement'],"Titre : En route vers le SAP : job dating avec A DOM SERVICES. Description : Vous êtes à la recherche d'un emploi et souhaitez vous orienter vers le secteur des Services à la Personne ? Le job dating En route vers le SAP est fait pour vous !. Lieu : Montpellier, 34080 Montpellier. Date de début : 2026-05-12T07:00:00+00:00. Date de fin : 2026-05-12T10:00:00+00:00. Mots-clés : ['Recrutement']."
Art brut et bêtes sauvages,CINÉ-RENCONTRE le lundi 8 septembre à 19h. En présence du réalisateur Philippe Lespinasse,Montpellier,"2, rue Marcellin Albert, Montpellier",2025-09-08T17:00:00+00:00,2025-09-08T18:30:00+00:00,"['Art brut et bêtes sauvages', 'Philippe Lespinasse', 'Annie Gonzalez', 'C-P Production', 'cinéma Nestor Burma']","Titre : Art brut et bêtes sauvages. Description : CINÉ-RENCONTRE le lundi 8 septembre à 19h. En présence du réalisateur Philippe Lespinasse. Lieu : Montpellier, 2, rue Marcellin Albert, Montpellier. Date de début : 2025-09-08T17:00:00+00:00. Date de fin : 2025-09-08T18:30:00+00:00. Mots-clés : ['Art brut et bêtes sauvages', 'Philippe Lespinasse', 'Annie Gonzalez', 'C-P Production', 'cinéma Nestor Burma']."
ATELIER DYNAMISATION RESERVE AUX PERSONNES EN SITUATION D 'HANDICAP,"Donnez un nouvel élan à votre projet professionnel Vous souhaitez faire le point sur votre situation, mieux comprendre vos atouts et choisir les solutions qui vous conviennent ?",Montpellier,34080 Montpellier,2026-02-17T13:00:00+00:00,2026-02-17T15:30:00+00:00,"[""S'informer"", ""Aides à l'emploi"", 'Se préparer', 'Insertion']","Titre : ATELIER DYNAMISATION RESERVE AUX PERSONNES EN SITUATION D 'HANDICAP. Description : Donnez un nouvel élan à votre projet professionnel Vous souhaitez faire le point sur votre situation, mieux comprendre vos atouts et choisir les solutions qui vous conviennent ?. Lieu : Montpellier, 34080 Montpellier. Date de début : 2026-02-17T13:00:00+00:00. Date de fin : 2026-02-17T15:30:00+00:00. Mots-clés : [""S'informer"", ""Aides à l'emploi"", 'Se préparer', 'Insertion']."
CAP VERS L'EMPLOI,"Vous êtes un demandeur d'emploi en situation de handicap, en recherche d'emploi TOUS SECTEURS D'ACTIVITE CONFONDUS (mais métier identifié) Merci de venir AVEC UN CV à jour pour le RDV.",Montpellier,34080 Montpellier,2026-04-13T08:00:00+00:00,2026-04-13T08:30:00+00:00,"['Marché du travail', 'Se préparer', 'Insertion', ""S'informer"", ""Aides à l'emploi"", 'Recrutement']","Titre : CAP VERS L'EMPLOI. Description : Vous êtes un demandeur d'emploi en situation de handicap, en recherche d'emploi TOUS SECTEURS D'ACTIVITE CONFONDUS (mais métier identifié) Merci de venir AVEC UN CV à jour pour le RDV.. Lieu : Montpellier, 34080 Montpellier. Date de début : 2026-04-13T08:00:00+00:00. Date de fin : 2026-04-13T08:30:00+00:00. Mots-clés : ['Marché du travail', 'Se préparer', 'Insertion', ""S'informer"", ""Aides à l'emploi"", 'Recrutement']."
Les rencontres de la création avec Citéslab/BGE,"Venez préparer votre création d'entreprise, et poser vos questions. 30 minutes de rencontre en individuel, pour avancer sur votre projet, avec le sourire.",Montpellier,34080 Montpellier,2026-04-22T08:30:00+00:00,2026-04-22T09:00:00+00:00,"[""Création d'entreprise""]","Titre : Les rencontres de la création avec Citéslab/BGE. Description : Venez préparer votre création d'entreprise, et poser vos questions. 30 minutes de rencontre en individuel, pour avancer sur votre projet, avec le sourire.. Lieu : Montpellier, 34080 Montpellier. Date de début : 2026-04-22T08:30:00+00:00. Date de fin : 2026-04-22T09:00:00+00:00. Mots-clés : [""Création d'entreprise""]."
*** Rencontre avec un Conseiller Entreprise SERVICE A LA PERSONNE***,Vous êtes disponible? Vous recherchez un emploi dans le service à la personne et avez votre CV à jour dans votre espace personnel?,Montpellier,34080 Montpellier,2026-07-07T07:00:00+00:00,2026-07-07T10:00:00+00:00,"[""S'informer"", 'Marché du travail', 'Recrutement']","Titre : *** Rencontre avec un Conseiller Entreprise SERVICE A LA PERSONNE***. Description : Vous êtes disponible? Vous recherchez un emploi dans le service à la personne et avez votre CV à jour dans votre espace personnel?. Lieu : Montpellier, 34080 Montpellier. Date de début : 2026-07-07T07:00:00+00:00. Date de fin : 2026-07-07T10:00:00+00:00. Mots-clés : [""S'informer"", 'Marché du travail', 'Recrutement']."
BOOST' VOTRE CANDIDATURE : Rencontre avec l'Apije !,"Vous souhaitez donner une nouvelle impulsion à votre parcours ? Votre agence de Montpellier Cévennes vous invite à rencontrer Mme Olivia PIERI, experte en recrutement pour l'association Apije.",Montpellier,34080 Montpellier,2026-05-21T07:40:00+00:00,2026-05-21T07:50:00+00:00,"['Recrutement', 'Insertion']","Titre : BOOST' VOTRE CANDIDATURE : Rencontre avec l'Apije !. Description : Vous souhaitez donner une nouvelle impulsion à votre parcours ? Votre agence de Montpellier Cévennes vous invite à rencontrer Mme Olivia PIERI, experte en recrutement pour l'association Apije.. Lieu : Montpellier, 34080 Montpellier. Date de début : 2026-05-21T07:40:00+00:00. Date de fin : 2026-05-21T07:50:00+00:00. Mots-clés : ['Recrutement', 'Insertion']."
Les rencontres de la création avec CitésLab,"Rencontre avec CitésLab CitésLab – Révélateurs de Talents, ce sont d’abord des hommes et des femmes de terrain – les chefs de projets CitésLab.Les chefs de projets CitésLab rencontrent et révèlent les",Montpellier,34080 Montpellier,2025-08-18T09:30:00+00:00,2025-08-18T10:00:00+00:00,"[""Création d'entreprise"", 'Se préparer']","Titre : Les rencontres de la création avec CitésLab. Description : Rencontre avec CitésLab CitésLab – Révélateurs de Talents, ce sont d’abord des hommes et des femmes de terrain – les chefs de projets CitésLab.Les chefs de projets CitésLab rencontrent et révèlent les. Lieu : Montpellier, 34080 Montpellier. Date de début : 2025-08-18T09:30:00+00:00. Date de fin : 2025-08-18T10:00:00+00:00. Mots-clés : [""Création d'entreprise"", 'Se préparer']."
20 ans du Vieux Biclou,Venez célébrer avec nous les 20 ans de l'atelier vélo du Vieux Biclou ! Participez à des jeux inédits et à notre tombola pour une après-midi festive. Idéal pour un dimanche en famille et ami.es.,Montpellier,5 rue de la poésie,2025-05-18T13:00:00+00:00,2025-05-18T20:00:00+00:00,,"Titre : 20 ans du Vieux Biclou. Description : Venez célébrer avec nous les 20 ans de l'atelier vélo du Vieux Biclou ! Participez à des jeux inédits et à notre tombola pour une après-midi festive. Idéal pour un dimanche en famille et ami.es.. Lieu : Montpellier, 5 rue de la poésie. Date de début : 2025-05-18T13:00:00+00:00. Date de fin : 2025-05-18T20:00:00+00:00. Mots-clés : None."
Immersion : Vivez l'expérience métier en direct !,"Venez rencontrer une soixantaine d'entreprises de divers secteurs et métiers, présentes pour vous proposer des immersions professionnelles. Une immersion c'est une opportunité unique -pour découvr...",Montpellier,34070 Montpellier,2025-09-19T07:00:00+00:00,2025-09-19T10:00:00+00:00,"['Forum', '#TousEnImmersion', '1 jeune  1 solution', 'Commerce', 'Vente et Grande distribution', 'Construction', 'Bâtiment et Travaux publics', 'Hôtellerie-Restauration', 'Tourisme', 'Loisirs et Animation', 'Services à la personne et à la collectivité', 'Découverte secteur / métier', 'Tout public', ""Opportunité d'emploi"", 'en physique']","Titre : Immersion : Vivez l'expérience métier en direct !. Description : Venez rencontrer une soixantaine d'entreprises de divers secteurs et métiers, présentes pour vous proposer des immersions professionnelles. Une immersion c'est une opportunité unique -pour découvr.... Lieu : Montpellier, 34070 Montpellier. Date de début : 2025-09-19T07:00:00+00:00. Date de fin : 2025-09-19T10:00:00+00:00. Mots-clés : ['Forum', '#TousEnImmersion', '1 jeune  1 solution', 'Commerce', 'Vente et Grande distribution', 'Construction', 'Bâtiment et Travaux publics', 'Hôtellerie-Restauration', 'Tourisme', 'Loisirs et Animation', 'Services à la personne et à la collectivité', 'Découverte secteur / métier', 'Tout public', ""Opportunité d'emploi"", 'en physique']."
DEVENEZ ANIMATEUR SOCIO-SPORTIF,"Intéressé(e) par une carrière dans l'animation socio-sportive ? La Prépa Animatrice/Animateur Socio-Sportif est l'opportunité idéale pour vous !Rejoignez la POEC Animateur socio-sportif, une formati",Montpellier,34080 Montpellier,2025-09-22T12:00:00+00:00,2025-09-22T14:00:00+00:00,"['1 jour', '1 formation', 'Travail avenir formation', '1 jeune  1 solution', 'Sport et insertion', 'Découverte secteur / métier', 'Découverte formation', 'Se préparer']","Titre : DEVENEZ ANIMATEUR SOCIO-SPORTIF. Description : Intéressé(e) par une carrière dans l'animation socio-sportive ? La Prépa Animatrice/Animateur Socio-Sportif est l'opportunité idéale pour vous !Rejoignez la POEC Animateur socio-sportif, une formati. Lieu : Montpellier, 34080 Montpellier. Date de début : 2025-09-22T12:00:00+00:00. Date de fin : 2025-09-22T14:00:00+00:00. Mots-clés : ['1 jour', '1 formation', 'Travail avenir formation', '1 jeune  1 solution', 'Sport et insertion', 'Découverte secteur / métier', 'Découverte formation', 'Se préparer']."
Bâtissez votre avenir en découvrant les métiers du bâtiment et des travaux publics !,"Bâtissez votre avenir en découvrant les métiers du bâtiment et des travaux publics ! • Présentation des formations et des métiers par le BTP CFA Occitanie et les Compagnons du devoir, • Escape Gam...",Montpellier,34000 Montpellier,2025-09-10T12:00:00+00:00,2025-09-10T14:30:00+00:00,"['Forum', 'Découverte secteur / métier', 'Découverte formation', 'Débutant(e) accepté(e)', 'Tout public', 'Se diplômer', 'CDI', 'Contrat en alternance', 'CDD', 'en physique']","Titre : Bâtissez votre avenir en découvrant les métiers du bâtiment et des travaux publics !. Description : Bâtissez votre avenir en découvrant les métiers du bâtiment et des travaux publics ! • Présentation des formations et des métiers par le BTP CFA Occitanie et les Compagnons du devoir, • Escape Gam.... Lieu : Montpellier, 34000 Montpellier. Date de début : 2025-09-10T12:00:00+00:00. Date de fin : 2025-09-10T14:30:00+00:00. Mots-clés : ['Forum', 'Découverte secteur / métier', 'Découverte formation', 'Débutant(e) accepté(e)', 'Tout public', 'Se diplômer', 'CDI', 'Contrat en alternance', 'CDD', 'en physique']."
Jeu de piste dans l'ancien quartier épiscopal,🔍 Jeu de piste dans l’ancien quartier épiscopal,Montpellier,19 rue Lallemand 34000 Montpellier,2025-09-20T08:30:00+00:00,2025-09-20T16:00:00+00:00,,"Titre : Jeu de piste dans l'ancien quartier épiscopal. Description : 🔍 Jeu de piste dans l’ancien quartier épiscopal. Lieu : Montpellier, 19 rue Lallemand 34000 Montpellier. Date de début : 2025-09-20T08:30:00+00:00. Date de fin : 2025-09-20T16:00:00+00:00. Mots-clés : None."
Spectacle « Corps Sonores Juniors » – Massimo Fusco,Corps Sonores – Une expérience sensorielle signée Massimo Fusco 🌊,Montpellier,"2 boulevard Louis Blanc, 34000 Montpellier",2025-09-20T09:30:00+00:00,2025-09-20T15:00:00+00:00,,"Titre : Spectacle « Corps Sonores Juniors » – Massimo Fusco. Description : Corps Sonores – Une expérience sensorielle signée Massimo Fusco 🌊. Lieu : Montpellier, 2 boulevard Louis Blanc, 34000 Montpellier. Date de début : 2025-09-20T09:30:00+00:00. Date de fin : 2025-09-20T15:00:00+00:00. Mots-clés : None."
Open atelier,Un atelier de création à partager en famille ou entre amis en lien avec les œuvres de Jean-Marie Appriou.,Montpellier,"14 rue de l’école de pharmacie, 34000 Montpellier",2025-09-20T12:00:00+00:00,2025-09-20T15:00:00+00:00,,"Titre : Open atelier. Description : Un atelier de création à partager en famille ou entre amis en lien avec les œuvres de Jean-Marie Appriou.. Lieu : Montpellier, 14 rue de l’école de pharmacie, 34000 Montpellier. Date de début : 2025-09-20T12:00:00+00:00. Date de fin : 2025-09-20T15:00:00+00:00. Mots-clés : None."
Les rencontres de la création avec CitésLab,"Rencontre avec CitésLab CitésLab - Révélateurs de Talents, ce sont d'abord des hommes et des femmes de terrain - les chefs de projets CitésLab.",Montpellier,34080 Montpellier,2025-11-03T08:30:00+00:00,2025-11-03T09:00:00+00:00,"['Se préparer', ""Création d'entreprise""]","Titre : Les rencontres de la création avec CitésLab. Description : Rencontre avec CitésLab CitésLab - Révélateurs de Talents, ce sont d'abord des hommes et des femmes de terrain - les chefs de projets CitésLab.. Lieu : Montpellier, 34080 Montpellier. Date de début : 2025-11-03T08:30:00+00:00. Date de fin : 2025-11-03T09:00:00+00:00. Mots-clés : ['Se préparer', ""Création d'entreprise""]."
Escape Game : une découverte ludique des métiers du service à la personne,Participez à un Escape Game original pour découvrir les métiers du service à la personne à l'agence France Travail Montpellier Cévennes.,Montpellier,34080 Montpellier,2026-04-02T08:45:00+00:00,2026-04-02T10:00:00+00:00,"['#TousMobilisés', 'Métiers du Prendre soin', 'Découverte secteur / métier']","Titre : Escape Game : une découverte ludique des métiers du service à la personne. Description : Participez à un Escape Game original pour découvrir les métiers du service à la personne à l'agence France Travail Montpellier Cévennes.. Lieu : Montpellier, 34080 Montpellier. Date de début : 2026-04-02T08:45:00+00:00. Date de fin : 2026-04-02T10:00:00+00:00. Mots-clés : ['#TousMobilisés', 'Métiers du Prendre soin', 'Découverte secteur / métier']."
Envolez-vous vers l'industrie aéronautique avec F-TECH Méditerranée - Recrutement sans CV !,Vous êtes intéressé(e) par le secteur industriel mais vous manquez d'expérience ?,Montpellier,34070 Montpellier,2026-05-19T07:00:00+00:00,2026-05-19T08:00:00+00:00,"['Méthode de Recrutement par Simulation', 'Recrutement sans CV']","Titre : Envolez-vous vers l'industrie aéronautique avec F-TECH Méditerranée - Recrutement sans CV !. Description : Vous êtes intéressé(e) par le secteur industriel mais vous manquez d'expérience ?. Lieu : Montpellier, 34070 Montpellier. Date de début : 2026-05-19T07:00:00+00:00. Date de fin : 2026-05-19T08:00:00+00:00. Mots-clés : ['Méthode de Recrutement par Simulation', 'Recrutement sans CV']."
"Intermittents du spectacle, vous voulez vous former ? Venez vous informer !","Nous organisons une rencontre concernant la formation professionnelle pour les intermittents du spectacle en partenariat avec l'AFDAS Nous vous informerons, concernant la recherche et le financement d",Montpellier,34080 Montpellier,2026-04-30T07:00:00+00:00,2026-04-30T10:00:00+00:00,"[""S'informer"", 'Découverte formation']","Titre : Intermittents du spectacle, vous voulez vous former ? Venez vous informer !. Description : Nous organisons une rencontre concernant la formation professionnelle pour les intermittents du spectacle en partenariat avec l'AFDAS Nous vous informerons, concernant la recherche et le financement d. Lieu : Montpellier, 34080 Montpellier. Date de début : 2026-04-30T07:00:00+00:00. Date de fin : 2026-04-30T10:00:00+00:00. Mots-clés : [""S'informer"", 'Découverte formation']."
Boostez votre recherche d'emploi : atelier spécial sortants de formation,Rejoignez-nous pour un atelier collectif spécialement conçu pour les sortants de formation.,Montpellier,34080 Montpellier,2026-04-28T12:00:00+00:00,2026-04-28T13:30:00+00:00,"['Marché du travail', 'Se préparer', ""S'informer"", 'Insertion', ""Stratégie et techniques de recherches d'emploi""]","Titre : Boostez votre recherche d'emploi : atelier spécial sortants de formation. Description : Rejoignez-nous pour un atelier collectif spécialement conçu pour les sortants de formation.. Lieu : Montpellier, 34080 Montpellier. Date de début : 2026-04-28T12:00:00+00:00. Date de fin : 2026-04-28T13:30:00+00:00. Mots-clés : ['Marché du travail', 'Se préparer', ""S'informer"", 'Insertion', ""Stratégie et techniques de recherches d'emploi""]."
Rdv CitésLab - Création d'entreprise,"Venez préparer votre création d'entreprise, et poser vos questions. 30 minutes de rencontre en individuel, pour avancer sur votre projet, avec le sourire.",Montpellier,34080 Montpellier,2026-01-21T10:00:00+00:00,2026-01-21T10:30:00+00:00,"[""Création d'entreprise"", 'Se préparer']","Titre : Rdv CitésLab - Création d'entreprise. Description : Venez préparer votre création d'entreprise, et poser vos questions. 30 minutes de rencontre en individuel, pour avancer sur votre projet, avec le sourire.. Lieu : Montpellier, 34080 Montpellier. Date de début : 2026-01-21T10:00:00+00:00. Date de fin : 2026-01-21T10:30:00+00:00. Mots-clés : [""Création d'entreprise"", 'Se préparer']."
Les rencontres de la création avec ADIE,"Rencontre avec ADIE : L'Adie, c'est l'association qui finance votre entreprise et vous accompagne tout au long de votre projet. Un crédit et des conseils pour me lancer.",Montpellier,34080 Montpellier,2025-12-10T08:00:00+00:00,2025-12-10T08:30:00+00:00,"[""Création d'entreprise"", 'Se préparer']","Titre : Les rencontres de la création avec ADIE. Description : Rencontre avec ADIE : L'Adie, c'est l'association qui finance votre entreprise et vous accompagne tout au long de votre projet. Un crédit et des conseils pour me lancer.. Lieu : Montpellier, 34080 Montpellier. Date de début : 2025-12-10T08:00:00+00:00. Date de fin : 2025-12-10T08:30:00+00:00. Mots-clés : [""Création d'entreprise"", 'Se préparer']."
Ce(ux) qui manque(nt),"Dans le cadre des Semaines de l’Amérique latine et des Caraïbes (SALC), la metteuse en scène et comédienne Gabrielle Gonzalez joue la pièce ""Ce(ux) qui manque(nt)"" à Montpellier.",Montpellier,17 rue Marceau 34000 Montpellier,2025-06-09T16:00:00+00:00,2025-06-09T17:00:00+00:00,"['théâtre', 'déracinement', 'conte réaliste', 'littérature', 'exil', 'guerre', 'héritage', 'voyage']","Titre : Ce(ux) qui manque(nt). Description : Dans le cadre des Semaines de l’Amérique latine et des Caraïbes (SALC), la metteuse en scène et comédienne Gabrielle Gonzalez joue la pièce ""Ce(ux) qui manque(nt)"" à Montpellier.. Lieu : Montpellier, 17 rue Marceau 34000 Montpellier. Date de début : 2025-06-09T16:00:00+00:00. Date de fin : 2025-06-09T17:00:00+00:00. Mots-clés : ['théâtre', 'déracinement', 'conte réaliste', 'littérature', 'exil', 'guerre', 'héritage', 'voyage']."
Concert Musicâme à Montpellier : Vivaldi x Bach x Piazzolla,"Avec plus de 100 villes parcourues en Europe, Musicâme réunit virtuoses internationaux et talents locaux pour des concerts uniques, une musique sans frontières qui touche le cœur et élève l’esprit.",Montpellier,43 Rue de l'aiguillerie,2025-12-04T19:00:00+00:00,2025-12-04T20:15:00+00:00,"['musique classique', 'classique', 'événement', 'montpellier', 'concert', 'concert de musique classique', 'concert à montpellier', 'musicame france', 'ensemble musicame france', 'orchestre', 'virtuose', 'flute', 'violon', 'violoncelle', 'spectacle', 'musique', 'sortir à montpellier', 'agenda', 'jazz', 'concert jazz']","Titre : Concert Musicâme à Montpellier : Vivaldi x Bach x Piazzolla. Description : Avec plus de 100 villes parcourues en Europe, Musicâme réunit virtuoses internationaux et talents locaux pour des concerts uniques, une musique sans frontières qui touche le cœur et élève l’esprit.. Lieu : Montpellier, 43 Rue de l'aiguillerie. Date de début : 2025-12-04T19:00:00+00:00. Date de fin : 2025-12-04T20:15:00+00:00. Mots-clés : ['musique classique', 'classique', 'événement', 'montpellier', 'concert', 'concert de musique classique', 'concert à montpellier', 'musicame france', 'ensemble musicame france', 'orchestre', 'virtuose', 'flute', 'violon', 'violoncelle', 'spectacle', 'musique', 'sortir à montpellier', 'agenda', 'jazz', 'concert jazz']."
Play it Again - Journées du Patrimoine / LE PEUPLE MIGRATEUR,"Le cinéma Nestor Burma et le ""festival Play it again"" pour sa 11ᵉ édition, vous propose : Le Peuple migrateur, séance accompagnée par Ghislaine Lassiaz* le samedi 20 septembre à 17h.",Montpellier,"2, rue Marcellin Albert, Montpellier",2025-09-20T15:00:00+00:00,2025-09-20T17:30:00+00:00,"['Festival Play It Again', 'Journées du patrimoine', 'le peuple migrateur', 'Cinema nestor Burma', 'jacques Perrin']","Titre : Play it Again - Journées du Patrimoine / LE PEUPLE MIGRATEUR. Description : Le cinéma Nestor Burma et le ""festival Play it again"" pour sa 11ᵉ édition, vous propose : Le Peuple migrateur, séance accompagnée par Ghislaine Lassiaz* le samedi 20 septembre à 17h.. Lieu : Montpellier, 2, rue Marcellin Albert, Montpellier. Date de début : 2025-09-20T15:00:00+00:00. Date de fin : 2025-09-20T17:30:00+00:00. Mots-clés : ['Festival Play It Again', 'Journées du patrimoine', 'le peuple migrateur', 'Cinema nestor Burma', 'jacques Perrin']."
Sacrée Frousse de Emma de Dise Tsutsumi et Makoto Nakamura,Avant-première,Montpellier,"5, rue de Verdun, Montpellier",2026-02-01T15:10:00+00:00,2026-02-01T18:10:00+00:00,"['Diagonal-Capitole', 'Sacrée Frousse de Emma de Dise Tsutsumi et Makoto Nakamura']","Titre : Sacrée Frousse de Emma de Dise Tsutsumi et Makoto Nakamura. Description : Avant-première. Lieu : Montpellier, 5, rue de Verdun, Montpellier. Date de début : 2026-02-01T15:10:00+00:00. Date de fin : 2026-02-01T18:10:00+00:00. Mots-clés : ['Diagonal-Capitole', 'Sacrée Frousse de Emma de Dise Tsutsumi et Makoto Nakamura']."
L’Affaire Abdallah de Pierre Carles,Avant-première,Montpellier,"5, rue de Verdun, Montpellier",2026-03-24T19:00:00+00:00,2026-03-24T22:00:00+00:00,"['Diagonal-Capitole', 'L’Affaire Abdallah de Pierre Carles']","Titre : L’Affaire Abdallah de Pierre Carles. Description : Avant-première. Lieu : Montpellier, 5, rue de Verdun, Montpellier. Date de début : 2026-03-24T19:00:00+00:00. Date de fin : 2026-03-24T22:00:00+00:00. Mots-clés : ['Diagonal-Capitole', 'L’Affaire Abdallah de Pierre Carles']."
*** Rencontre avec un Conseiller Entreprise SERVICE A LA PERSONNE***,Vous êtes disponible? Vous recherchez un emploi dans le service à la personne et avez votre CV à jour dans votre espace personnel?,Montpellier,34080 Montpellier,2026-07-14T07:00:00+00:00,2026-07-14T10:00:00+00:00,"['Marché du travail', 'Recrutement', ""S'informer""]","Titre : *** Rencontre avec un Conseiller Entreprise SERVICE A LA PERSONNE***. Description : Vous êtes disponible? Vous recherchez un emploi dans le service à la personne et avez votre CV à jour dans votre espace personnel?. Lieu : Montpellier, 34080 Montpellier. Date de début : 2026-07-14T07:00:00+00:00. Date de fin : 2026-07-14T10:00:00+00:00. Mots-clés : ['Marché du travail', 'Recrutement', ""S'informer""]."
"Exposition ""Tendre vers la sobriété foncière""","Du 19 septembre au 28 novembre 2025, le CAUE de l'Hérault vous invite à découvrir l’exposition ""Tendre vers la sobriété foncière"".",Montpellier,"19 rue Saint-Louis, 34000 Montpellier",2025-10-02T08:00:00+00:00,2025-10-28T16:00:00+00:00,,"Titre : Exposition ""Tendre vers la sobriété foncière"". Description : Du 19 septembre au 28 novembre 2025, le CAUE de l'Hérault vous invite à découvrir l’exposition ""Tendre vers la sobriété foncière"".. Lieu : Montpellier, 19 rue Saint-Louis, 34000 Montpellier. Date de début : 2025-10-02T08:00:00+00:00. Date de fin : 2025-10-28T16:00:00+00:00. Mots-clés : None."
Dessiner la ville,Une conférence de Nicolas De Crécy,Montpellier,179 rue de l'espérou,2026-05-06T16:00:00+00:00,2026-05-06T17:30:00+00:00,['architecture'],"Titre : Dessiner la ville. Description : Une conférence de Nicolas De Crécy. Lieu : Montpellier, 179 rue de l'espérou. Date de début : 2026-05-06T16:00:00+00:00. Date de fin : 2026-05-06T17:30:00+00:00. Mots-clés : ['architecture']."
Visite découverte des jardins et du parc,"Pour les Rendez-vous aux Jardins 2025, le château de Flaugergues vous ouvre ses portes le dimanche 8 juin de 9h30 à 19h. à 11heures, accueil et présentation des jardins par Brigitte de Colbert,…",Montpellier,"1744 avenue Albert Einstein, 34000 Montpellier",2025-06-08T09:00:00+00:00,2025-06-08T10:00:00+00:00,,"Titre : Visite découverte des jardins et du parc. Description : Pour les Rendez-vous aux Jardins 2025, le château de Flaugergues vous ouvre ses portes le dimanche 8 juin de 9h30 à 19h. à 11heures, accueil et présentation des jardins par Brigitte de Colbert,…. Lieu : Montpellier, 1744 avenue Albert Einstein, 34000 Montpellier. Date de début : 2025-06-08T09:00:00+00:00. Date de fin : 2025-06-08T10:00:00+00:00. Mots-clés : None."
Visites flash de l'exposition de Jean-Marie Appriou,Des visites de 30 mn à la découverte d'une sélection d'œuvres de l'exposition.,Montpellier,"14 rue de l’école de pharmacie, 34000 Montpellier",2025-09-20T11:00:00+00:00,2025-09-20T15:30:00+00:00,,"Titre : Visites flash de l'exposition de Jean-Marie Appriou. Description : Des visites de 30 mn à la découverte d'une sélection d'œuvres de l'exposition.. Lieu : Montpellier, 14 rue de l’école de pharmacie, 34000 Montpellier. Date de début : 2025-09-20T11:00:00+00:00. Date de fin : 2025-09-20T15:30:00+00:00. Mots-clés : None."
Discussion : « Conservation et restauration d’œuvres peintes »,Conservation-restauration des œuvres peintes – Regards sur un métier,Montpellier,"5 rue de la Salle l’Évêque, 34000 Montpellier",2025-09-21T09:00:00+00:00,2025-09-21T16:00:00+00:00,,"Titre : Discussion : « Conservation et restauration d’œuvres peintes ». Description : Conservation-restauration des œuvres peintes – Regards sur un métier. Lieu : Montpellier, 5 rue de la Salle l’Évêque, 34000 Montpellier. Date de début : 2025-09-21T09:00:00+00:00. Date de fin : 2025-09-21T16:00:00+00:00. Mots-clés : None."
Visite guidée de la basilique Notre-Dame-des-Tables,⛪ Visite commentée de la basilique Notre-Dame des Tables,Montpellier,"1 place Notre-Dame, 34000 Montpellier",2025-09-20T13:30:00+00:00,2025-09-20T14:30:00+00:00,,"Titre : Visite guidée de la basilique Notre-Dame-des-Tables. Description : ⛪ Visite commentée de la basilique Notre-Dame des Tables. Lieu : Montpellier, 1 place Notre-Dame, 34000 Montpellier. Date de début : 2025-09-20T13:30:00+00:00. Date de fin : 2025-09-20T14:30:00+00:00. Mots-clés : None."
Atelier Numérique GOOGLE: conférence Comment lancer mon business en ligne ? (Niveau 1) atelier: Maximiser le potentiel de son projet entrep,Atelier Numérique GOOGLE: Conférence: Comment lancer mon business en ligne ? (Niveau 1) suivie d'un atelier pédagogique: Maximiser le potentiel de son projet entrepreneurial avec l'aide de l'IA- Struc,Montpellier,34000 Montpellier,2025-09-11T08:00:00+00:00,2025-09-11T09:30:00+00:00,"['#TousMobilisés', ""Création d'entreprise"", ""S'informer"", 'Les outils du numérique', 'Marché du travail']","Titre : Atelier Numérique GOOGLE: conférence Comment lancer mon business en ligne ? (Niveau 1) atelier: Maximiser le potentiel de son projet entrep. Description : Atelier Numérique GOOGLE: Conférence: Comment lancer mon business en ligne ? (Niveau 1) suivie d'un atelier pédagogique: Maximiser le potentiel de son projet entrepreneurial avec l'aide de l'IA- Struc. Lieu : Montpellier, 34000 Montpellier. Date de début : 2025-09-11T08:00:00+00:00. Date de fin : 2025-09-11T09:30:00+00:00. Mots-clés : ['#TousMobilisés', ""Création d'entreprise"", ""S'informer"", 'Les outils du numérique', 'Marché du travail']."
SALON DU VOYAGE DROM COM LYCEE GEORGES FRECHE MONTPELLIER,"Salon du voyage axé sur le ""Patrimoine culturel et immatériel des DROM-COM"" organisé par les étudiants de BTS Tourisme 1ere année du lycée Georges Frêche de Montpellier",Montpellier,401 RUE LE TITIEN 34000 MONTPELLIER,2026-02-14T08:00:00+00:00,2026-02-14T14:00:00+00:00,"['BTS TOURISME', 'LYCEE GEORGES FRECHE MONTPELLIER', 'SALON DU VOYAGE DROM COM', 'UNESCO']","Titre : SALON DU VOYAGE DROM COM LYCEE GEORGES FRECHE MONTPELLIER. Description : Salon du voyage axé sur le ""Patrimoine culturel et immatériel des DROM-COM"" organisé par les étudiants de BTS Tourisme 1ere année du lycée Georges Frêche de Montpellier. Lieu : Montpellier, 401 RUE LE TITIEN 34000 MONTPELLIER. Date de début : 2026-02-14T08:00:00+00:00. Date de fin : 2026-02-14T14:00:00+00:00. Mots-clés : ['BTS TOURISME', 'LYCEE GEORGES FRECHE MONTPELLIER', 'SALON DU VOYAGE DROM COM', 'UNESCO']."
Sanofi Montpellier participe à Forindustrie,"Forindustrie est une aventure innovante qui met en lumière, de manière ludique et immersive, la richesse des métiers industriels auprès des jeunes générations.",Montpellier,"371 Rue du Professeur Blayac, 34080 Montpellier",2025-11-17T07:00:00+00:00,2025-11-17T17:00:00+00:00,"['jeu', 'industrie', 'santé']","Titre : Sanofi Montpellier participe à Forindustrie. Description : Forindustrie est une aventure innovante qui met en lumière, de manière ludique et immersive, la richesse des métiers industriels auprès des jeunes générations.. Lieu : Montpellier, 371 Rue du Professeur Blayac, 34080 Montpellier. Date de début : 2025-11-17T07:00:00+00:00. Date de fin : 2025-11-17T17:00:00+00:00. Mots-clés : ['jeu', 'industrie', 'santé']."
Anticipez les besoins de trésorerie du dernier trimestre : évitez les mauvaises surprises grâce à l’outil de budget intégré à la démat Yooz,Anticiper votre atterrissage budgétaire de fin d’année conditionne la santé de votre trésorerie. Seul Yooz vous garantit la vision temps réel automatisée dont vous avez besoin.,Montpellier,Online,2025-09-09T09:00:00+00:00,2025-09-09T10:00:00+00:00,"['Budget', 'Dématérialisation', 'DAF', 'Factures', 'Pilotage budgétaire']","Titre : Anticipez les besoins de trésorerie du dernier trimestre : évitez les mauvaises surprises grâce à l’outil de budget intégré à la démat Yooz. Description : Anticiper votre atterrissage budgétaire de fin d’année conditionne la santé de votre trésorerie. Seul Yooz vous garantit la vision temps réel automatisée dont vous avez besoin.. Lieu : Montpellier, Online. Date de début : 2025-09-09T09:00:00+00:00. Date de fin : 2025-09-09T10:00:00+00:00. Mots-clés : ['Budget', 'Dématérialisation', 'DAF', 'Factures', 'Pilotage budgétaire']."
Les rencontres de la création avec L'ADIE et Axents,"Adie finance et accompagne les entrepreneurs dans la création et le développement de leur activité, même sans capital ni diplôme Axents Montpellier propose accompagnement et formation à la créatio...",Montpellier,34080 Montpellier,2025-09-24T08:00:00+00:00,2025-09-24T08:30:00+00:00,"['Atelier', 'Se préparer', ""Création d'entreprise"", 'Tout public', 'en physique']","Titre : Les rencontres de la création avec L'ADIE et Axents. Description : Adie finance et accompagne les entrepreneurs dans la création et le développement de leur activité, même sans capital ni diplôme Axents Montpellier propose accompagnement et formation à la créatio.... Lieu : Montpellier, 34080 Montpellier. Date de début : 2025-09-24T08:00:00+00:00. Date de fin : 2025-09-24T08:30:00+00:00. Mots-clés : ['Atelier', 'Se préparer', ""Création d'entreprise"", 'Tout public', 'en physique']."
Les rencontres de la création avec Axents,Axents Montpellier propose accompagnement et formation à la création/reprise d'entreprise,Montpellier,34080 Montpellier,2025-10-01T08:30:00+00:00,2025-10-01T09:00:00+00:00,"['Atelier', 'Se préparer', ""Création d'entreprise"", 'Tout public', 'en physique']","Titre : Les rencontres de la création avec Axents. Description : Axents Montpellier propose accompagnement et formation à la création/reprise d'entreprise. Lieu : Montpellier, 34080 Montpellier. Date de début : 2025-10-01T08:30:00+00:00. Date de fin : 2025-10-01T09:00:00+00:00. Mots-clés : ['Atelier', 'Se préparer', ""Création d'entreprise"", 'Tout public', 'en physique']."
Les rencontres de la création avec CitésLab,"Rencontre avec CitésLab CitésLab – Révélateurs de Talents, ce sont d’abord des hommes et des femmes de terrain – les chefs de projets CitésLab.Les chefs de projets CitésLab rencontrent et révèlent...",Montpellier,34080 Montpellier,2025-10-22T08:30:00+00:00,2025-10-22T09:00:00+00:00,"['Atelier', 'Se préparer', ""Création d'entreprise"", 'Tout public', 'en physique']","Titre : Les rencontres de la création avec CitésLab. Description : Rencontre avec CitésLab CitésLab – Révélateurs de Talents, ce sont d’abord des hommes et des femmes de terrain – les chefs de projets CitésLab.Les chefs de projets CitésLab rencontrent et révèlent.... Lieu : Montpellier, 34080 Montpellier. Date de début : 2025-10-22T08:30:00+00:00. Date de fin : 2025-10-22T09:00:00+00:00. Mots-clés : ['Atelier', 'Se préparer', ""Création d'entreprise"", 'Tout public', 'en physique']."
Les rencontres de la création avec AXENTS,"Vous avez une idée, besoin de conseils ? Depuis 1995, AXENTS favorise l'émergence de projets et le développement de la création d'entreprise dans le département de l'Hérault.",Montpellier,34080 Montpellier,2026-04-29T08:30:00+00:00,2026-04-29T09:00:00+00:00,"[""La semaine de la création et reprise d'entreprise - ReStart"", ""Création d'entreprise""]","Titre : Les rencontres de la création avec AXENTS. Description : Vous avez une idée, besoin de conseils ? Depuis 1995, AXENTS favorise l'émergence de projets et le développement de la création d'entreprise dans le département de l'Hérault.. Lieu : Montpellier, 34080 Montpellier. Date de début : 2026-04-29T08:30:00+00:00. Date de fin : 2026-04-29T09:00:00+00:00. Mots-clés : [""La semaine de la création et reprise d'entreprise - ReStart"", ""Création d'entreprise""]."
Les rencontres de la création avec Citéslab/BGE,"Venez préparer votre création d'entreprise, et poser vos questions. 30 minutes de rencontre en individuel, pour avancer sur votre projet, avec le sourire.",Montpellier,34080 Montpellier,2026-04-01T10:00:00+00:00,2026-04-01T10:30:00+00:00,"[""La semaine de la création et reprise d'entreprise - ReStart"", ""Création d'entreprise""]","Titre : Les rencontres de la création avec Citéslab/BGE. Description : Venez préparer votre création d'entreprise, et poser vos questions. 30 minutes de rencontre en individuel, pour avancer sur votre projet, avec le sourire.. Lieu : Montpellier, 34080 Montpellier. Date de début : 2026-04-01T10:00:00+00:00. Date de fin : 2026-04-01T10:30:00+00:00. Mots-clés : [""La semaine de la création et reprise d'entreprise - ReStart"", ""Création d'entreprise""]."
Rdv CitésLab - Création d'entreprise,"Venez préparer votre création d'entreprise, et poser vos questions. 30 minutes de rencontre en individuel, pour avancer sur votre projet, avec le sourire.",Montpellier,34080 Montpellier,2025-12-15T10:00:00+00:00,2025-12-15T10:30:00+00:00,"['Se préparer', ""Création d'entreprise""]","Titre : Rdv CitésLab - Création d'entreprise. Description : Venez préparer votre création d'entreprise, et poser vos questions. 30 minutes de rencontre en individuel, pour avancer sur votre projet, avec le sourire.. Lieu : Montpellier, 34080 Montpellier. Date de début : 2025-12-15T10:00:00+00:00. Date de fin : 2025-12-15T10:30:00+00:00. Mots-clés : ['Se préparer', ""Création d'entreprise""]."
Les rencontres de la création avec CitésLab,"Venez préparer votre création d'entreprise, et poser vos questions. 30 minutes de rencontre en individuel, pour avancer sur votre projet, avec le sourire.",Montpellier,34080 Montpellier,2025-12-17T10:00:00+00:00,2025-12-17T10:30:00+00:00,"['Se préparer', ""Création d'entreprise""]","Titre : Les rencontres de la création avec CitésLab. Description : Venez préparer votre création d'entreprise, et poser vos questions. 30 minutes de rencontre en individuel, pour avancer sur votre projet, avec le sourire.. Lieu : Montpellier, 34080 Montpellier. Date de début : 2025-12-17T10:00:00+00:00. Date de fin : 2025-12-17T10:30:00+00:00. Mots-clés : ['Se préparer', ""Création d'entreprise""]."
Rdv CitésLab - Création d'entreprise,"Venez préparer votre création d'entreprise, et poser vos questions. 30 minutes de rencontre en individuel, pour avancer sur votre projet, avec le sourire.",Montpellier,34080 Montpellier,2026-01-21T09:00:00+00:00,2026-01-21T09:30:00+00:00,"[""Création d'entreprise"", 'Se préparer']","Titre : Rdv CitésLab - Création d'entreprise. Description : Venez préparer votre création d'entreprise, et poser vos questions. 30 minutes de rencontre en individuel, pour avancer sur votre projet, avec le sourire.. Lieu : Montpellier, 34080 Montpellier. Date de début : 2026-01-21T09:00:00+00:00. Date de fin : 2026-01-21T09:30:00+00:00. Mots-clés : [""Création d'entreprise"", 'Se préparer']."
Les rencontres de la création avec AXENTS,"Vous avez une idée, besoin de conseils ? Depuis 1995, AXENTS favorise l'émergence de projets et le développement de la création d'entreprise dans le département de l'Hérault.",Montpellier,34080 Montpellier,2026-01-14T09:30:00+00:00,2026-01-14T10:00:00+00:00,"[""Création d'entreprise""]","Titre : Les rencontres de la création avec AXENTS. Description : Vous avez une idée, besoin de conseils ? Depuis 1995, AXENTS favorise l'émergence de projets et le développement de la création d'entreprise dans le département de l'Hérault.. Lieu : Montpellier, 34080 Montpellier. Date de début : 2026-01-14T09:30:00+00:00. Date de fin : 2026-01-14T10:00:00+00:00. Mots-clés : [""Création d'entreprise""]."
Rdv CitésLab - Création d'entreprise,"Venez préparer votre création d'entreprise, et poser vos questions. 30 minutes de rencontre en individuel, pour avancer sur votre projet, avec le sourire.",Montpellier,34080 Montpellier,2026-01-21T09:30:00+00:00,2026-01-21T10:00:00+00:00,"[""Création d'entreprise"", 'Se préparer']","Titre : Rdv CitésLab - Création d'entreprise. Description : Venez préparer votre création d'entreprise, et poser vos questions. 30 minutes de rencontre en individuel, pour avancer sur votre projet, avec le sourire.. Lieu : Montpellier, 34080 Montpellier. Date de début : 2026-01-21T09:30:00+00:00. Date de fin : 2026-01-21T10:00:00+00:00. Mots-clés : [""Création d'entreprise"", 'Se préparer']."
Nos Quartiers ont du Talent !,"L'association NQT accompagne individuellement et efficacement les jeunes diplômés vers l'emploi et l'alternance, en s'intégrant à la responsabilité sociétale des entreprises et à l'engagement des part",Montpellier,34080 Montpellier,2025-11-25T09:00:00+00:00,2025-11-25T11:30:00+00:00,"['Se préparer', ""S'informer""]","Titre : Nos Quartiers ont du Talent !. Description : L'association NQT accompagne individuellement et efficacement les jeunes diplômés vers l'emploi et l'alternance, en s'intégrant à la responsabilité sociétale des entreprises et à l'engagement des part. Lieu : Montpellier, 34080 Montpellier. Date de début : 2025-11-25T09:00:00+00:00. Date de fin : 2025-11-25T11:30:00+00:00. Mots-clés : ['Se préparer', ""S'informer""]."
10° Vinyl Pop-Up Market de Montpellier,"Dimanche 19 Octobre, de 10h à 18h, la Halle Tropisme accueille le 10° Vinyl Pop-Up Market de Montpellier. Venez chiner parmi des dizaines de milliers de 45T, 33T, CD, DVD neufs et d'occasion...",Montpellier,121 rue fontcouverte,2025-10-19T08:00:00+00:00,2025-10-19T16:00:00+00:00,"['disques', 'vinyles', '33 tours', '45 tours', 'CD', 'DVD']","Titre : 10° Vinyl Pop-Up Market de Montpellier. Description : Dimanche 19 Octobre, de 10h à 18h, la Halle Tropisme accueille le 10° Vinyl Pop-Up Market de Montpellier. Venez chiner parmi des dizaines de milliers de 45T, 33T, CD, DVD neufs et d'occasion.... Lieu : Montpellier, 121 rue fontcouverte. Date de début : 2025-10-19T08:00:00+00:00. Date de fin : 2025-10-19T16:00:00+00:00. Mots-clés : ['disques', 'vinyles', '33 tours', '45 tours', 'CD', 'DVD']."
12° Vinyl Pop-Up Market de Montpellier,"𝗗𝗶𝗺𝗮𝗻𝗰𝗵𝗲 29 Mars, 𝗱𝗲 𝟭𝟬𝗵 𝗮̀ 𝟭𝟴𝗵, 𝗹𝗮 𝗛𝗮𝗹𝗹𝗲 𝗧𝗿𝗼𝗽𝗶𝘀𝗺𝗲 accueille le 12° Vinyl Pop-Up Market de Montpellier.",Montpellier,121 rue fontcouverte,2026-03-29T08:00:00+00:00,2026-03-29T16:00:00+00:00,"['cd', 'vinyles', 'dvd', 'livres', '33T', '45T', 'bourse', 'salon', 'foire', 'Montpellier']","Titre : 12° Vinyl Pop-Up Market de Montpellier. Description : 𝗗𝗶𝗺𝗮𝗻𝗰𝗵𝗲 29 Mars, 𝗱𝗲 𝟭𝟬𝗵 𝗮̀ 𝟭𝟴𝗵, 𝗹𝗮 𝗛𝗮𝗹𝗹𝗲 𝗧𝗿𝗼𝗽𝗶𝘀𝗺𝗲 accueille le 12° Vinyl Pop-Up Market de Montpellier.. Lieu : Montpellier, 121 rue fontcouverte. Date de début : 2026-03-29T08:00:00+00:00. Date de fin : 2026-03-29T16:00:00+00:00. Mots-clés : ['cd', 'vinyles', 'dvd', 'livres', '33T', '45T', 'bourse', 'salon', 'foire', 'Montpellier']."
Annonce d'une Conférence d'Amnesty International,Conférence Amnesty International sur les Droits des Enfants Le jeudi 26 mars à 18h Au Gazette Café de Montpellier,Montpellier,6 rue Levat 34000 Montpellier,2026-03-26T17:00:00+00:00,2026-03-26T18:30:00+00:00,"['Amnesty International', 'débat', ""Droits de l'enfant""]","Titre : Annonce d'une Conférence d'Amnesty International. Description : Conférence Amnesty International sur les Droits des Enfants Le jeudi 26 mars à 18h Au Gazette Café de Montpellier. Lieu : Montpellier, 6 rue Levat 34000 Montpellier. Date de début : 2026-03-26T17:00:00+00:00. Date de fin : 2026-03-26T18:30:00+00:00. Mots-clés : ['Amnesty International', 'débat', ""Droits de l'enfant""]."
CINÉ-HALLOWEEN / LA SORCIÈRE DANS LES AIRS,VENDREDI 31 OCTOBRE À 10H15 : CINÉ-HALLOWEEN,Montpellier,"2, rue Marcellin Albert",2025-10-31T09:15:00+00:00,2025-10-31T11:00:00+00:00,"['Cinéma Nestor Burma', 'CINÉ-HALLOWEEN', 'LA SORCIÈRE DANS LES AIRS', 'de Max Lang', 'Jan Lachauer']","Titre : CINÉ-HALLOWEEN / LA SORCIÈRE DANS LES AIRS. Description : VENDREDI 31 OCTOBRE À 10H15 : CINÉ-HALLOWEEN. Lieu : Montpellier, 2, rue Marcellin Albert. Date de début : 2025-10-31T09:15:00+00:00. Date de fin : 2025-10-31T11:00:00+00:00. Mots-clés : ['Cinéma Nestor Burma', 'CINÉ-HALLOWEEN', 'LA SORCIÈRE DANS LES AIRS', 'de Max Lang', 'Jan Lachauer']."
ATELIERS D’INITIATION AU CINÉMA BRAND A PART / KING KONG,SAMEDI 13 DÉCEMBRE | 14H-17H00,Montpellier,"2, rue Marcellin Albert",2025-12-13T13:00:00+00:00,2025-12-13T16:00:00+00:00,"['Cinéma municipal Nestor Burma', 'BRAND A PART', 'KING KONG', 'Ernest B. Schoedsack et Merian C. Cooper']","Titre : ATELIERS D’INITIATION AU CINÉMA BRAND A PART / KING KONG. Description : SAMEDI 13 DÉCEMBRE | 14H-17H00. Lieu : Montpellier, 2, rue Marcellin Albert. Date de début : 2025-12-13T13:00:00+00:00. Date de fin : 2025-12-13T16:00:00+00:00. Mots-clés : ['Cinéma municipal Nestor Burma', 'BRAND A PART', 'KING KONG', 'Ernest B. Schoedsack et Merian C. Cooper']."
CINÉ-RELAX / NEIGE ET LES ARBRES MAGIQUES,DIMANCHE 14 DECEMBRE À 14H,Montpellier,"2, rue Marcellin Albert",2025-12-14T13:00:00+00:00,2025-12-14T14:30:00+00:00,"['Cinéma municipal Nestor Burma', 'NEIGE ET LES ARBRES MAGIQUES', 'Antoine Lanciaux', 'Sophie Roze', 'Chaïtane Conversat']","Titre : CINÉ-RELAX / NEIGE ET LES ARBRES MAGIQUES. Description : DIMANCHE 14 DECEMBRE À 14H. Lieu : Montpellier, 2, rue Marcellin Albert. Date de début : 2025-12-14T13:00:00+00:00. Date de fin : 2025-12-14T14:30:00+00:00. Mots-clés : ['Cinéma municipal Nestor Burma', 'NEIGE ET LES ARBRES MAGIQUES', 'Antoine Lanciaux', 'Sophie Roze', 'Chaïtane Conversat']."
La Fille du Konbini de Yûho Ishibashi,Avant-première,Montpellier,"5, rue de Verdun, Montpellier",2026-01-29T18:30:00+00:00,2026-01-29T21:30:00+00:00,"['Diagonal-Capitole', 'La Fille du Konbini de Yûho Ishibashi']","Titre : La Fille du Konbini de Yûho Ishibashi. Description : Avant-première. Lieu : Montpellier, 5, rue de Verdun, Montpellier. Date de début : 2026-01-29T18:30:00+00:00. Date de fin : 2026-01-29T21:30:00+00:00. Mots-clés : ['Diagonal-Capitole', 'La Fille du Konbini de Yûho Ishibashi']."
BOOST' VOTRE CANDIDATURE : Rencontre avec l'Apije !,"Vous souhaitez donner une nouvelle impulsion à votre parcours ? Votre agence de Montpellier Cévennes vous invite à rencontrer Mme Olivia PIERI, experte en recrutement pour l'association Apije.",Montpellier,34080 Montpellier,2026-05-21T08:20:00+00:00,2026-05-21T08:30:00+00:00,"['Insertion', 'Recrutement']","Titre : BOOST' VOTRE CANDIDATURE : Rencontre avec l'Apije !. Description : Vous souhaitez donner une nouvelle impulsion à votre parcours ? Votre agence de Montpellier Cévennes vous invite à rencontrer Mme Olivia PIERI, experte en recrutement pour l'association Apije.. Lieu : Montpellier, 34080 Montpellier. Date de début : 2026-05-21T08:20:00+00:00. Date de fin : 2026-05-21T08:30:00+00:00. Mots-clés : ['Insertion', 'Recrutement']."
Atelier Sénior 360,"Vous avez 50 ans et plus ? Faites le point sur votre situation, votre parcours et vos besoins.",Montpellier,34080 Montpellier,2026-07-06T13:00:00+00:00,2026-07-06T15:00:00+00:00,"['Mobilisation 50 ans et plus', ""S'informer"", 'Marché du travail']","Titre : Atelier Sénior 360. Description : Vous avez 50 ans et plus ? Faites le point sur votre situation, votre parcours et vos besoins.. Lieu : Montpellier, 34080 Montpellier. Date de début : 2026-07-06T13:00:00+00:00. Date de fin : 2026-07-06T15:00:00+00:00. Mots-clés : ['Mobilisation 50 ans et plus', ""S'informer"", 'Marché du travail']."
Atelier Sénior 360,"Vous avez 50 ans et plus ? Faites le point sur votre situation, votre parcours et vos besoins.",Montpellier,34080 Montpellier,2026-08-10T13:00:00+00:00,2026-08-10T15:00:00+00:00,"['Mobilisation 50 ans et plus', ""S'informer"", 'Marché du travail']","Titre : Atelier Sénior 360. Description : Vous avez 50 ans et plus ? Faites le point sur votre situation, votre parcours et vos besoins.. Lieu : Montpellier, 34080 Montpellier. Date de début : 2026-08-10T13:00:00+00:00. Date de fin : 2026-08-10T15:00:00+00:00. Mots-clés : ['Mobilisation 50 ans et plus', ""S'informer"", 'Marché du travail']."
"Stage enfants ""Dans ma valise il y a ... ""","Semaine de stage créatif pour les enfants, autour des boites à histoires. Comment on invente les récits, et surtout comment on peut les mettre en voix, comment on les raconte pour les partager.",Montpellier,76 rue du faubourg figuerolles 34070 montpellier,2025-07-07T07:00:00+00:00,2025-07-11T15:30:00+00:00,,"Titre : Stage enfants ""Dans ma valise il y a ... "". Description : Semaine de stage créatif pour les enfants, autour des boites à histoires. Comment on invente les récits, et surtout comment on peut les mettre en voix, comment on les raconte pour les partager.. Lieu : Montpellier, 76 rue du faubourg figuerolles 34070 montpellier. Date de début : 2025-07-07T07:00:00+00:00. Date de fin : 2025-07-11T15:30:00+00:00. Mots-clés : None."
slam et poésie,Résidence d'artiste au sein de notre accueil de loisirs situé en quartier prioritaire.,Montpellier,Montpellier 34080,2025-07-21T06:00:00+00:00,2025-08-01T15:30:00+00:00,,"Titre : slam et poésie. Description : Résidence d'artiste au sein de notre accueil de loisirs situé en quartier prioritaire.. Lieu : Montpellier, Montpellier 34080. Date de début : 2025-07-21T06:00:00+00:00. Date de fin : 2025-08-01T15:30:00+00:00. Mots-clés : None."
Mai à Vélo 2026,Faites parcourir à votre communauté le plus de kilomètres au mois de mai !,Montpellier,"Avenue Charles Flahault, 34090 Montpellier France",2026-04-30T22:00:00+00:00,2026-05-31T21:59:59+00:00,['challenge-id=202291'],"Titre : Mai à Vélo 2026. Description : Faites parcourir à votre communauté le plus de kilomètres au mois de mai !. Lieu : Montpellier, Avenue Charles Flahault, 34090 Montpellier France. Date de début : 2026-04-30T22:00:00+00:00. Date de fin : 2026-05-31T21:59:59+00:00. Mots-clés : ['challenge-id=202291']."
Mai à Vélo 2026,Faites parcourir à votre communauté le plus de kilomètres au mois de mai !,Montpellier,"23 Rue de la Condamine, 34080 Montpellier",2026-04-30T22:00:00+00:00,2026-05-31T21:59:59+00:00,['challenge-id=209464'],"Titre : Mai à Vélo 2026. Description : Faites parcourir à votre communauté le plus de kilomètres au mois de mai !. Lieu : Montpellier, 23 Rue de la Condamine, 34080 Montpellier. Date de début : 2026-04-30T22:00:00+00:00. Date de fin : 2026-05-31T21:59:59+00:00. Mots-clés : ['challenge-id=209464']."
Les rencontres de la création avec CitésLab,"Rencontre avec CitésLab CitésLab – Révélateurs de Talents, ce sont d’abord des hommes et des femmes de terrain – les chefs de projets CitésLab.Les chefs de projets CitésLab rencontrent et révèlent les",Montpellier,34080 Montpellier,2025-08-25T09:30:00+00:00,2025-08-25T10:00:00+00:00,"['Se préparer', ""Création d'entreprise""]","Titre : Les rencontres de la création avec CitésLab. Description : Rencontre avec CitésLab CitésLab – Révélateurs de Talents, ce sont d’abord des hommes et des femmes de terrain – les chefs de projets CitésLab.Les chefs de projets CitésLab rencontrent et révèlent les. Lieu : Montpellier, 34080 Montpellier. Date de début : 2025-08-25T09:30:00+00:00. Date de fin : 2025-08-25T10:00:00+00:00. Mots-clés : ['Se préparer', ""Création d'entreprise""]."
Visites libres de l'Opéra Comédie,🎭 Portes ouvertes à l’Opéra Comédie !,Montpellier,"Place de la Comédie, 34000 Montpellier",2025-09-20T09:30:00+00:00,2025-09-21T11:45:00+00:00,,"Titre : Visites libres de l'Opéra Comédie. Description : 🎭 Portes ouvertes à l’Opéra Comédie !. Lieu : Montpellier, Place de la Comédie, 34000 Montpellier. Date de début : 2025-09-20T09:30:00+00:00. Date de fin : 2025-09-21T11:45:00+00:00. Mots-clés : None."
Visite guidée de la Cathédrale,"⛪ Visite guidée de la cathédrale, de ses œuvres d’art et de son mobilier",Montpellier,"Place Saint-Pierre, 34000 Montpellier, France",2025-09-20T12:30:00+00:00,2025-09-21T16:00:00+00:00,,"Titre : Visite guidée de la Cathédrale. Description : ⛪ Visite guidée de la cathédrale, de ses œuvres d’art et de son mobilier. Lieu : Montpellier, Place Saint-Pierre, 34000 Montpellier, France. Date de début : 2025-09-20T12:30:00+00:00. Date de fin : 2025-09-21T16:00:00+00:00. Mots-clés : None."
Escape Game Energie - Collège Clémence Royer,"L'Escape Game Energie est un outil pédagogique permet aux élèves de collèges, lycées et aux demandeurs d’emploi de s’immerger dans le monde des énergies décarbonées.",Montpellier,"17 bd Pasteur, 34000 Montpellier",2025-11-10T07:00:00+00:00,2025-11-10T16:00:00+00:00,,"Titre : Escape Game Energie - Collège Clémence Royer. Description : L'Escape Game Energie est un outil pédagogique permet aux élèves de collèges, lycées et aux demandeurs d’emploi de s’immerger dans le monde des énergies décarbonées.. Lieu : Montpellier, 17 bd Pasteur, 34000 Montpellier. Date de début : 2025-11-10T07:00:00+00:00. Date de fin : 2025-11-10T16:00:00+00:00. Mots-clés : None."
Futurapolis Santé,Futurapolis Santé revient les 10 et 11 octobre 2025 à l'Opéra Comédie - Montpellier.,Montpellier,1 Place de la comédie 34000 Montpellier,2025-10-10T12:00:00+00:00,2025-10-11T15:30:00+00:00,"['Montpellier', 'Octobre', 'LePoint', 'FuturapolisSanté', 'ADN', 'Santé']","Titre : Futurapolis Santé. Description : Futurapolis Santé revient les 10 et 11 octobre 2025 à l'Opéra Comédie - Montpellier.. Lieu : Montpellier, 1 Place de la comédie 34000 Montpellier. Date de début : 2025-10-10T12:00:00+00:00. Date de fin : 2025-10-11T15:30:00+00:00. Mots-clés : ['Montpellier', 'Octobre', 'LePoint', 'FuturapolisSanté', 'ADN', 'Santé']."
"Bibliothèques Vivantes - "" En déséquilibre """,Saison Méditerranée 2026,Montpellier,"4 rue Rimbaud, 34000 Montpellier, France",2026-10-13T16:00:00+00:00,2026-10-13T17:30:00+00:00,,"Titre : Bibliothèques Vivantes - "" En déséquilibre "". Description : Saison Méditerranée 2026. Lieu : Montpellier, 4 rue Rimbaud, 34000 Montpellier, France. Date de début : 2026-10-13T16:00:00+00:00. Date de fin : 2026-10-13T17:30:00+00:00. Mots-clés : None."
Découverte du secteur des Travaux Publics,"Dans le cadre de la Semaine du BTP de France Travail, la Fédération des Travaux Publics Occitanie a le plaisir de vous convier à un webinaire intitulé : Découverte du secteur des Travaux Publics C...",Montpellier,34000 Montpellier,2025-10-03T08:00:00+00:00,2025-10-03T08:45:00+00:00,"[""Réunion d'information"", '1 jeune  1 solution', 'La semaine du BTP', 'Construction', 'Bâtiment et Travaux publics', 'Découverte secteur / métier', 'Tout public', ""Opportunité d'emploi"", 'à distance']","Titre : Découverte du secteur des Travaux Publics. Description : Dans le cadre de la Semaine du BTP de France Travail, la Fédération des Travaux Publics Occitanie a le plaisir de vous convier à un webinaire intitulé : Découverte du secteur des Travaux Publics C.... Lieu : Montpellier, 34000 Montpellier. Date de début : 2025-10-03T08:00:00+00:00. Date de fin : 2025-10-03T08:45:00+00:00. Mots-clés : [""Réunion d'information"", '1 jeune  1 solution', 'La semaine du BTP', 'Construction', 'Bâtiment et Travaux publics', 'Découverte secteur / métier', 'Tout public', ""Opportunité d'emploi"", 'à distance']."
Les rencontres de la création avec CitésLab,"Rencontre avec CitésLab CitésLab - Révélateurs de Talents, ce sont d'abord des hommes et des femmes de terrain - les chefs de projets CitésLab.",Montpellier,34080 Montpellier,2025-11-03T07:30:00+00:00,2025-11-03T08:00:00+00:00,"['Se préparer', ""Création d'entreprise""]","Titre : Les rencontres de la création avec CitésLab. Description : Rencontre avec CitésLab CitésLab - Révélateurs de Talents, ce sont d'abord des hommes et des femmes de terrain - les chefs de projets CitésLab.. Lieu : Montpellier, 34080 Montpellier. Date de début : 2025-11-03T07:30:00+00:00. Date de fin : 2025-11-03T08:00:00+00:00. Mots-clés : ['Se préparer', ""Création d'entreprise""]."
Les rencontres de la création avec AXENTS,"Vous avez une idée, besoin de conseils ? Depuis 1995, AXENTS favorise l'émergence de projets et le développement de la création d'entreprise dans le département de l'Hérault.",Montpellier,34080 Montpellier,2026-02-11T10:30:00+00:00,2026-02-11T11:00:00+00:00,"[""Création d'entreprise""]","Titre : Les rencontres de la création avec AXENTS. Description : Vous avez une idée, besoin de conseils ? Depuis 1995, AXENTS favorise l'émergence de projets et le développement de la création d'entreprise dans le département de l'Hérault.. Lieu : Montpellier, 34080 Montpellier. Date de début : 2026-02-11T10:30:00+00:00. Date de fin : 2026-02-11T11:00:00+00:00. Mots-clés : [""Création d'entreprise""]."
Les rencontres de la création avec AXENTS,"Vous avez une idée, besoin de conseils ? Depuis 1995, AXENTS favorise l'émergence de projets et le développement de la création d'entreprise dans le département de l'Hérault.",Montpellier,34080 Montpellier,2026-03-04T10:30:00+00:00,2026-03-04T11:00:00+00:00,"[""Création d'entreprise""]","Titre : Les rencontres de la création avec AXENTS. Description : Vous avez une idée, besoin de conseils ? Depuis 1995, AXENTS favorise l'émergence de projets et le développement de la création d'entreprise dans le département de l'Hérault.. Lieu : Montpellier, 34080 Montpellier. Date de début : 2026-03-04T10:30:00+00:00. Date de fin : 2026-03-04T11:00:00+00:00. Mots-clés : [""Création d'entreprise""]."
Café Créa - Venez échanger avec l'ADIE sur votre projet de création ou de développement d'entreprise,Venez échanger avec l'ADIE sur votre projet de création ou de développement d'entreprise Le Café Créa est un atelier collectif convivial et inspirant proposé par l'ADIE pour toutes les personnes qui s,Montpellier,34080 Montpellier,2026-04-08T07:00:00+00:00,2026-04-08T10:30:00+00:00,"[""La semaine de la création et reprise d'entreprise - ReStart"", ""Création d'entreprise""]","Titre : Café Créa - Venez échanger avec l'ADIE sur votre projet de création ou de développement d'entreprise. Description : Venez échanger avec l'ADIE sur votre projet de création ou de développement d'entreprise Le Café Créa est un atelier collectif convivial et inspirant proposé par l'ADIE pour toutes les personnes qui s. Lieu : Montpellier, 34080 Montpellier. Date de début : 2026-04-08T07:00:00+00:00. Date de fin : 2026-04-08T10:30:00+00:00. Mots-clés : [""La semaine de la création et reprise d'entreprise - ReStart"", ""Création d'entreprise""]."
Rdv CitésLab - Création d'entreprise,"Venez préparer votre création d'entreprise, et poser vos questions. 30 minutes de rencontre en individuel, pour avancer sur votre projet, avec le sourire.",Montpellier,34080 Montpellier,2025-12-15T08:00:00+00:00,2025-12-15T08:30:00+00:00,"['Se préparer', ""Création d'entreprise""]","Titre : Rdv CitésLab - Création d'entreprise. Description : Venez préparer votre création d'entreprise, et poser vos questions. 30 minutes de rencontre en individuel, pour avancer sur votre projet, avec le sourire.. Lieu : Montpellier, 34080 Montpellier. Date de début : 2025-12-15T08:00:00+00:00. Date de fin : 2025-12-15T08:30:00+00:00. Mots-clés : ['Se préparer', ""Création d'entreprise""]."
Les rencontres de la création avec CitésLab,"Venez préparer votre création d'entreprise, et poser vos questions. 30 minutes de rencontre en individuel, pour avancer sur votre projet, avec le sourire.",Montpellier,34080 Montpellier,2025-12-17T10:30:00+00:00,2025-12-17T11:00:00+00:00,"['Se préparer', ""Création d'entreprise""]","Titre : Les rencontres de la création avec CitésLab. Description : Venez préparer votre création d'entreprise, et poser vos questions. 30 minutes de rencontre en individuel, pour avancer sur votre projet, avec le sourire.. Lieu : Montpellier, 34080 Montpellier. Date de début : 2025-12-17T10:30:00+00:00. Date de fin : 2025-12-17T11:00:00+00:00. Mots-clés : ['Se préparer', ""Création d'entreprise""]."
Marathon de la prépa des métiers du sanitaire et social,La filière Tremplin vers les métiers du sanitaire et social de l'association IMEIF s'adresse à un public exclusivement féminin (résidant en QPV et/ou au RSA) et propose une préparation aux métiers de,Montpellier,34080 Montpellier,2026-09-08T07:30:00+00:00,2026-09-08T10:30:00+00:00,"['Métiers du Prendre soin', ""S'informer"", 'Découverte formation', 'Découverte secteur / métier', 'Se préparer', 'Insertion']","Titre : Marathon de la prépa des métiers du sanitaire et social. Description : La filière Tremplin vers les métiers du sanitaire et social de l'association IMEIF s'adresse à un public exclusivement féminin (résidant en QPV et/ou au RSA) et propose une préparation aux métiers de. Lieu : Montpellier, 34080 Montpellier. Date de début : 2026-09-08T07:30:00+00:00. Date de fin : 2026-09-08T10:30:00+00:00. Mots-clés : ['Métiers du Prendre soin', ""S'informer"", 'Découverte formation', 'Découverte secteur / métier', 'Se préparer', 'Insertion']."
Envie d'un job dynamique et ludique ? Le bowling vous attend ! - Agence Cévennes,"Dans le cadre de l'ouverture prochaine d'un bowling à Odysseum, 15 postes d'animateurs polyvalents (H/F) sont à pourvoir. Une formation préalable au poste sera mise en place.",Montpellier,34080 Montpellier,2026-04-22T07:00:00+00:00,2026-04-22T10:30:00+00:00,"['Recrutement sans CV', 'Recrutement']","Titre : Envie d'un job dynamique et ludique ? Le bowling vous attend ! - Agence Cévennes. Description : Dans le cadre de l'ouverture prochaine d'un bowling à Odysseum, 15 postes d'animateurs polyvalents (H/F) sont à pourvoir. Une formation préalable au poste sera mise en place.. Lieu : Montpellier, 34080 Montpellier. Date de début : 2026-04-22T07:00:00+00:00. Date de fin : 2026-04-22T10:30:00+00:00. Mots-clés : ['Recrutement sans CV', 'Recrutement']."
Coup de Cœur Surprise : nouvelle saison !,Coup de Cœur Surprise L'opération “Coup de Cœur Surprise” revient pour une 5e saison !,Montpellier,2 rue Marcellin Albert 34080,2025-10-07T19:00:00+00:00,2025-11-04T21:00:00+00:00,"['AFCAE', 'Coup de cœur surprise', 'cinéma Nestor Burma', 'avant-première']","Titre : Coup de Cœur Surprise : nouvelle saison !. Description : Coup de Cœur Surprise L'opération “Coup de Cœur Surprise” revient pour une 5e saison !. Lieu : Montpellier, 2 rue Marcellin Albert 34080. Date de début : 2025-10-07T19:00:00+00:00. Date de fin : 2025-11-04T21:00:00+00:00. Mots-clés : ['AFCAE', 'Coup de cœur surprise', 'cinéma Nestor Burma', 'avant-première']."
SÉANCE CINÉ-RELAX / LE RÊVE DE SAM,SÉANCE CINÉ-RELAX - dimanche 15 juin à 14h,Montpellier,"2, rue Marcellin Albert, Montpellier",2025-06-15T12:00:00+00:00,2025-06-15T13:30:00+00:00,['Cine relax'],"Titre : SÉANCE CINÉ-RELAX / LE RÊVE DE SAM. Description : SÉANCE CINÉ-RELAX - dimanche 15 juin à 14h. Lieu : Montpellier, 2, rue Marcellin Albert, Montpellier. Date de début : 2025-06-15T12:00:00+00:00. Date de fin : 2025-06-15T13:30:00+00:00. Mots-clés : ['Cine relax']."
CINÉ RENCONTRE- DIFFÉRENTE,"Mardi 8 juillet À 20H30 EN PARTENARIAT AVEC L’ASSOCIATION GEM « LES PAPILLONS » Séance en présence d’Edith Houspic, psychologue, marraine du GEM et membre active de Sésame Autisme",Montpellier,"2, rue Marcellin Albert, Montpellier",2025-07-08T18:30:00+00:00,2025-07-08T20:30:00+00:00,"['Nestor Burma', 'Montpellier', 'Gem', 'Autisme']","Titre : CINÉ RENCONTRE- DIFFÉRENTE. Description : Mardi 8 juillet À 20H30 EN PARTENARIAT AVEC L’ASSOCIATION GEM « LES PAPILLONS » Séance en présence d’Edith Houspic, psychologue, marraine du GEM et membre active de Sésame Autisme. Lieu : Montpellier, 2, rue Marcellin Albert, Montpellier. Date de début : 2025-07-08T18:30:00+00:00. Date de fin : 2025-07-08T20:30:00+00:00. Mots-clés : ['Nestor Burma', 'Montpellier', 'Gem', 'Autisme']."
Melancholia de Lars von Trier,Les mycéliades,Montpellier,"5, rue de Verdun, Montpellier",2026-02-03T19:00:00+00:00,2026-02-03T22:00:00+00:00,"['Diagonal-Capitole', 'Melancholia de Lars von Trier']","Titre : Melancholia de Lars von Trier. Description : Les mycéliades. Lieu : Montpellier, 5, rue de Verdun, Montpellier. Date de début : 2026-02-03T19:00:00+00:00. Date de fin : 2026-02-03T22:00:00+00:00. Mots-clés : ['Diagonal-Capitole', 'Melancholia de Lars von Trier']."
Marathon de la prépa des métiers du sanitaire et social,La filière Tremplin vers les métiers du sanitaire et social de l'association IMEIF s'adresse à un public exclusivement féminin (résidant en QPV et/ou au RSA) et propose une préparation aux métiers de,Montpellier,34080 Montpellier,2026-06-25T07:30:00+00:00,2026-06-25T10:30:00+00:00,"['Métiers du Prendre soin', 'Découverte formation', 'Se préparer', 'Découverte secteur / métier', 'Insertion', ""S'informer""]","Titre : Marathon de la prépa des métiers du sanitaire et social. Description : La filière Tremplin vers les métiers du sanitaire et social de l'association IMEIF s'adresse à un public exclusivement féminin (résidant en QPV et/ou au RSA) et propose une préparation aux métiers de. Lieu : Montpellier, 34080 Montpellier. Date de début : 2026-06-25T07:30:00+00:00. Date de fin : 2026-06-25T10:30:00+00:00. Mots-clés : ['Métiers du Prendre soin', 'Découverte formation', 'Se préparer', 'Découverte secteur / métier', 'Insertion', ""S'informer""]."
Les rencontres de la création avec AXENTS,"Vous avez une idée, besoin de conseils ? Depuis 1995, AXENTS favorise l'émergence de projets et le développement de la création d'entreprise dans le département de l'Hérault.",Montpellier,34080 Montpellier,2026-05-13T08:30:00+00:00,2026-05-13T09:00:00+00:00,"[""La semaine de la création et reprise d'entreprise - ReStart"", ""Création d'entreprise""]","Titre : Les rencontres de la création avec AXENTS. Description : Vous avez une idée, besoin de conseils ? Depuis 1995, AXENTS favorise l'émergence de projets et le développement de la création d'entreprise dans le département de l'Hérault.. Lieu : Montpellier, 34080 Montpellier. Date de début : 2026-05-13T08:30:00+00:00. Date de fin : 2026-05-13T09:00:00+00:00. Mots-clés : [""La semaine de la création et reprise d'entreprise - ReStart"", ""Création d'entreprise""]."
Mai à Vélo 2026,Faites parcourir à votre communauté le plus de kilomètres au mois de mai !,Montpellier,"33 bis Rue du Faubourg Saint Jaumes, 34967 Montpellier, France",2026-04-30T22:00:00+00:00,2026-05-31T21:59:59+00:00,['challenge-id=209626'],"Titre : Mai à Vélo 2026. Description : Faites parcourir à votre communauté le plus de kilomètres au mois de mai !. Lieu : Montpellier, 33 bis Rue du Faubourg Saint Jaumes, 34967 Montpellier, France. Date de début : 2026-04-30T22:00:00+00:00. Date de fin : 2026-05-31T21:59:59+00:00. Mots-clés : ['challenge-id=209626']."
Sensibilisation à l’accessibilité des bâtiments d’habitation collectifs aux personnes en situation de handicap,L’ENSAM accueille le Comité de liaison et de coordination des associations Pluriel Handicaps pour une après-midi de sensibilisation et d’échanges sur le logement évolutif.,Montpellier,179 rue de l'espérou,2025-12-04T15:30:00+00:00,2025-12-04T18:30:00+00:00,"['architecture', 'logement', 'handicap']","Titre : Sensibilisation à l’accessibilité des bâtiments d’habitation collectifs aux personnes en situation de handicap. Description : L’ENSAM accueille le Comité de liaison et de coordination des associations Pluriel Handicaps pour une après-midi de sensibilisation et d’échanges sur le logement évolutif.. Lieu : Montpellier, 179 rue de l'espérou. Date de début : 2025-12-04T15:30:00+00:00. Date de fin : 2025-12-04T18:30:00+00:00. Mots-clés : ['architecture', 'logement', 'handicap']."
MAI A VELO - OC SANTE,Les professionnel.s.lles du Groupe OC Santé se mobilisent durablement en mai!,Montpellier,"194 avenue Nina Simone, Montpellier",2025-05-05T03:00:00+00:00,2025-05-30T18:00:00+00:00,,"Titre : MAI A VELO - OC SANTE. Description : Les professionnel.s.lles du Groupe OC Santé se mobilisent durablement en mai!. Lieu : Montpellier, 194 avenue Nina Simone, Montpellier. Date de début : 2025-05-05T03:00:00+00:00. Date de fin : 2025-05-30T18:00:00+00:00. Mots-clés : None."
Conférence alimentation & écologie suivie d'un apéro-buffet (repas partagé) vegan,"🟢 L'association Veg Nature propose une conférence animée par Marc Resch sur : "" L'alimentation et écologie "" suivie d'un moment convivial autour d’un apéro buffet végétal 🌱",Montpellier,"1 rue du Marché aux Bestiaux, 34000 Montpellier",2025-06-06T17:00:00+00:00,2025-06-06T21:00:00+00:00,,"Titre : Conférence alimentation & écologie suivie d'un apéro-buffet (repas partagé) vegan. Description : 🟢 L'association Veg Nature propose une conférence animée par Marc Resch sur : "" L'alimentation et écologie "" suivie d'un moment convivial autour d’un apéro buffet végétal 🌱. Lieu : Montpellier, 1 rue du Marché aux Bestiaux, 34000 Montpellier. Date de début : 2025-06-06T17:00:00+00:00. Date de fin : 2025-06-06T21:00:00+00:00. Mots-clés : None."
Balade historique dans les pas des magistrats financiers de Montpellier,Balade historique dans les pas des magistrats financiers de Montpellier,Montpellier,500 avenue des Etats du Languedoc 34064 Montpellier,2025-09-20T07:00:00+00:00,2025-09-20T10:30:00+00:00,,"Titre : Balade historique dans les pas des magistrats financiers de Montpellier. Description : Balade historique dans les pas des magistrats financiers de Montpellier. Lieu : Montpellier, 500 avenue des Etats du Languedoc 34064 Montpellier. Date de début : 2025-09-20T07:00:00+00:00. Date de fin : 2025-09-20T10:30:00+00:00. Mots-clés : None."
Visite commentée : « Façades et architectures »,🏛 Le musée Fabre à travers ses façades,Montpellier,"39 Boulevard de Bonnes Nouvelles, 34000 Montpellier, France",2025-09-20T13:00:00+00:00,2025-09-21T15:45:00+00:00,,"Titre : Visite commentée : « Façades et architectures ». Description : 🏛 Le musée Fabre à travers ses façades. Lieu : Montpellier, 39 Boulevard de Bonnes Nouvelles, 34000 Montpellier, France. Date de début : 2025-09-20T13:00:00+00:00. Date de fin : 2025-09-21T15:45:00+00:00. Mots-clés : None."
Visite guidée du musée des Moulages,Venez découvrir les collections du Musée des Moulages de l'Université de Montpellier Paul-Valéry à travers une visite commentée par un médiateur culturel.,Montpellier,"Route de mende, 34090 Montpellier",2025-09-20T12:00:00+00:00,2025-09-21T13:00:00+00:00,,"Titre : Visite guidée du musée des Moulages. Description : Venez découvrir les collections du Musée des Moulages de l'Université de Montpellier Paul-Valéry à travers une visite commentée par un médiateur culturel.. Lieu : Montpellier, Route de mende, 34090 Montpellier. Date de début : 2025-09-20T12:00:00+00:00. Date de fin : 2025-09-21T13:00:00+00:00. Mots-clés : None."
Concert de gospel,🎤 Concert de gospel – Clôture des Journées européennes du patrimoine,Montpellier,"Place Albert 1er, 34000 Montpellier",2025-09-21T16:00:00+00:00,2025-09-21T17:00:00+00:00,,"Titre : Concert de gospel. Description : 🎤 Concert de gospel – Clôture des Journées européennes du patrimoine. Lieu : Montpellier, Place Albert 1er, 34000 Montpellier. Date de début : 2025-09-21T16:00:00+00:00. Date de fin : 2025-09-21T17:00:00+00:00. Mots-clés : None."
Visite libre de la cour Soulages du rectorat de l'académie de Montpellier,🏛️ Le rectorat de l’académie de Montpellier vous ouvre ses portes,Montpellier,"31 rue de l’Université, 34000 Montpellier",2025-09-20T07:00:00+00:00,2025-09-21T10:30:00+00:00,,"Titre : Visite libre de la cour Soulages du rectorat de l'académie de Montpellier. Description : 🏛️ Le rectorat de l’académie de Montpellier vous ouvre ses portes. Lieu : Montpellier, 31 rue de l’Université, 34000 Montpellier. Date de début : 2025-09-20T07:00:00+00:00. Date de fin : 2025-09-21T10:30:00+00:00. Mots-clés : None."
Visite guidée de la Faculté de Droit de Montpellier,⚖️ Visite guidée de la Faculté de Droit de Montpellier,Montpellier,"31 rue de l'Université, 34000 Montpellier",2025-09-20T08:00:00+00:00,2025-09-20T10:45:00+00:00,,"Titre : Visite guidée de la Faculté de Droit de Montpellier. Description : ⚖️ Visite guidée de la Faculté de Droit de Montpellier. Lieu : Montpellier, 31 rue de l'Université, 34000 Montpellier. Date de début : 2025-09-20T08:00:00+00:00. Date de fin : 2025-09-20T10:45:00+00:00. Mots-clés : None."
Une solution pour la rentrée,"Cette journée a pour but de guider les jeunes, pour qu’ils puissent faire leurs premiers pas dans la vie active avec comme objectifs : l’acquisition d’une expérience professionnelle, le financement de",Montpellier,34000 Montpellier,2025-09-24T08:00:00+00:00,2025-09-24T15:00:00+00:00,"['1 jeune  1 solution', 'Insertion', ""S'informer"", 'Recrutement']","Titre : Une solution pour la rentrée. Description : Cette journée a pour but de guider les jeunes, pour qu’ils puissent faire leurs premiers pas dans la vie active avec comme objectifs : l’acquisition d’une expérience professionnelle, le financement de. Lieu : Montpellier, 34000 Montpellier. Date de début : 2025-09-24T08:00:00+00:00. Date de fin : 2025-09-24T15:00:00+00:00. Mots-clés : ['1 jeune  1 solution', 'Insertion', ""S'informer"", 'Recrutement']."
Mai à Vélo 2026,Faites parcourir à votre communauté le plus de kilomètres au mois de mai !,Montpellier,"19 Avenue de Toulouse, 34071 Montpellier, France",2026-04-30T22:00:00+00:00,2026-05-31T21:59:59+00:00,['challenge-id=212557'],"Titre : Mai à Vélo 2026. Description : Faites parcourir à votre communauté le plus de kilomètres au mois de mai !. Lieu : Montpellier, 19 Avenue de Toulouse, 34071 Montpellier, France. Date de début : 2026-04-30T22:00:00+00:00. Date de fin : 2026-05-31T21:59:59+00:00. Mots-clés : ['challenge-id=212557']."
Mai à Vélo 2026,Faites parcourir à votre communauté le plus de kilomètres au mois de mai !,Montpellier,C/0 IGF 141 RUE DE LA CARDONILLE 34090 MONTPELLIER,2026-04-30T22:00:00+00:00,2026-05-31T21:59:59+00:00,['challenge-id=212951'],"Titre : Mai à Vélo 2026. Description : Faites parcourir à votre communauté le plus de kilomètres au mois de mai !. Lieu : Montpellier, C/0 IGF 141 RUE DE LA CARDONILLE 34090 MONTPELLIER. Date de début : 2026-04-30T22:00:00+00:00. Date de fin : 2026-05-31T21:59:59+00:00. Mots-clés : ['challenge-id=212951']."
11° Vinyl Pop-Up Market de Montpellier,"Dimanche 18 Janvier 2026, de 10h à 18h, la Halle Tropisme accueille le 11° Vinyl Pop-Up Market de Montpellier.",Montpellier,121 rue fontcouverte,2026-01-18T09:00:00+00:00,2026-01-18T17:00:00+00:00,,"Titre : 11° Vinyl Pop-Up Market de Montpellier. Description : Dimanche 18 Janvier 2026, de 10h à 18h, la Halle Tropisme accueille le 11° Vinyl Pop-Up Market de Montpellier.. Lieu : Montpellier, 121 rue fontcouverte. Date de début : 2026-01-18T09:00:00+00:00. Date de fin : 2026-01-18T17:00:00+00:00. Mots-clés : None."
Les débauchés du secteur,"un expert du secteur interviendra auprès des étudiants pour présenter les métiers, débouchés et parcours possibles dans le tourisme, suivie d’un temps d’échange favorisant les questions.",Montpellier,349 rue de la Cavalade 34000 MONTPELLIER,2026-02-02T15:00:00+00:00,2026-02-02T16:00:00+00:00,,"Titre : Les débauchés du secteur. Description : un expert du secteur interviendra auprès des étudiants pour présenter les métiers, débouchés et parcours possibles dans le tourisme, suivie d’un temps d’échange favorisant les questions.. Lieu : Montpellier, 349 rue de la Cavalade 34000 MONTPELLIER. Date de début : 2026-02-02T15:00:00+00:00. Date de fin : 2026-02-02T16:00:00+00:00. Mots-clés : None."
L'Orchestre Symphonique et l'Ensemble Instrumental de l'Université de Montpellier,Fête de la musique 2025,Montpellier,"2 Rue de l'École de Médecine, 34090 Montpellier",2025-06-21T17:30:00+00:00,2025-06-21T19:00:00+00:00,,"Titre : L'Orchestre Symphonique et l'Ensemble Instrumental de l'Université de Montpellier. Description : Fête de la musique 2025. Lieu : Montpellier, 2 Rue de l'École de Médecine, 34090 Montpellier. Date de début : 2025-06-21T17:30:00+00:00. Date de fin : 2025-06-21T19:00:00+00:00. Mots-clés : None."
THE RAILWAY,Fête de la musique 2025,Montpellier,22 rue de Verdun Montpellier,2025-06-21T17:30:00+00:00,2025-06-21T21:59:00+00:00,,"Titre : THE RAILWAY. Description : Fête de la musique 2025. Lieu : Montpellier, 22 rue de Verdun Montpellier. Date de début : 2025-06-21T17:30:00+00:00. Date de fin : 2025-06-21T21:59:00+00:00. Mots-clés : None."
Atelier Numérique GOOGLE: Quelles sont les clés d'une recherche d'emploi organisée ? Découvrir les réseaux sociaux indispensables pour ma recherch...,Atelier Numérique GOOGLE: Quelles sont les clés d'une recherche d'emploi organisée ? Découvrir les réseaux sociaux indispensables pour ma recherche d'emploi Conférence: Explorer les différents job...,Montpellier,34000 Montpellier,2025-09-25T08:00:00+00:00,2025-09-25T09:30:00+00:00,"['Conférence', '#TousMobilisés', ""S'informer"", 'Marché du travail', 'Les outils du numérique', 'Tout public', 'à distance']","Titre : Atelier Numérique GOOGLE: Quelles sont les clés d'une recherche d'emploi organisée ? Découvrir les réseaux sociaux indispensables pour ma recherch.... Description : Atelier Numérique GOOGLE: Quelles sont les clés d'une recherche d'emploi organisée ? Découvrir les réseaux sociaux indispensables pour ma recherche d'emploi Conférence: Explorer les différents job.... Lieu : Montpellier, 34000 Montpellier. Date de début : 2025-09-25T08:00:00+00:00. Date de fin : 2025-09-25T09:30:00+00:00. Mots-clés : ['Conférence', '#TousMobilisés', ""S'informer"", 'Marché du travail', 'Les outils du numérique', 'Tout public', 'à distance']."
Job dating dédié aux candidats de 50 ans et plus - METIERS LIES A LA GARDE D ENFANTS (KANGOUROU KIDS),"Lors de cette matinée dédiée aux candidats ""expérimentés"" (50 ans et plus ) Kangourou Kids sera présent dans les locaux de l'agence France travail Cévennes.",Montpellier,34080 Montpellier,2026-01-08T08:00:00+00:00,2026-01-08T11:30:00+00:00,"['Mobilisation 50 ans et plus', 'Découverte secteur / métier', 'Recrutement']","Titre : Job dating dédié aux candidats de 50 ans et plus - METIERS LIES A LA GARDE D ENFANTS (KANGOUROU KIDS). Description : Lors de cette matinée dédiée aux candidats ""expérimentés"" (50 ans et plus ) Kangourou Kids sera présent dans les locaux de l'agence France travail Cévennes.. Lieu : Montpellier, 34080 Montpellier. Date de début : 2026-01-08T08:00:00+00:00. Date de fin : 2026-01-08T11:30:00+00:00. Mots-clés : ['Mobilisation 50 ans et plus', 'Découverte secteur / métier', 'Recrutement']."
Les rencontres de la création avec ADIE,"Rencontre avec ADIE : L'Adie, c'est l'association qui finance votre entreprise et vous accompagne tout au long de votre projet. Un crédit et des conseils pour me lancer.",Montpellier,34080 Montpellier,2025-12-10T10:00:00+00:00,2025-12-10T10:30:00+00:00,"['Se préparer', ""Création d'entreprise""]","Titre : Les rencontres de la création avec ADIE. Description : Rencontre avec ADIE : L'Adie, c'est l'association qui finance votre entreprise et vous accompagne tout au long de votre projet. Un crédit et des conseils pour me lancer.. Lieu : Montpellier, 34080 Montpellier. Date de début : 2025-12-10T10:00:00+00:00. Date de fin : 2025-12-10T10:30:00+00:00. Mots-clés : ['Se préparer', ""Création d'entreprise""]."
Zouglou Francophonie en mouvement,Événement se déroulant dans le cadre de la Journée internationale de la Francophonie,Montpellier,6 rue levat 34000,2026-03-28T17:00:00+00:00,2026-03-28T19:00:00+00:00,['Zouglou francophonie mouvement'],"Titre : Zouglou Francophonie en mouvement. Description : Événement se déroulant dans le cadre de la Journée internationale de la Francophonie. Lieu : Montpellier, 6 rue levat 34000. Date de début : 2026-03-28T17:00:00+00:00. Date de fin : 2026-03-28T19:00:00+00:00. Mots-clés : ['Zouglou francophonie mouvement']."
*** Rencontre avec un Conseiller Entreprise SERVICE A LA PERSONNE***,Vous êtes disponible? Vous recherchez un emploi dans le service à la personne et avez votre CV à jour dans votre espace personnel?,Montpellier,34080 Montpellier,2026-05-19T07:00:00+00:00,2026-05-19T10:00:00+00:00,"['Marché du travail', 'Recrutement', ""S'informer""]","Titre : *** Rencontre avec un Conseiller Entreprise SERVICE A LA PERSONNE***. Description : Vous êtes disponible? Vous recherchez un emploi dans le service à la personne et avez votre CV à jour dans votre espace personnel?. Lieu : Montpellier, 34080 Montpellier. Date de début : 2026-05-19T07:00:00+00:00. Date de fin : 2026-05-19T10:00:00+00:00. Mots-clés : ['Marché du travail', 'Recrutement', ""S'informer""]."
Rdv CitésLab - Création d'entreprise,"Venez préparer votre création d'entreprise, et poser vos questions. 30 minutes de rencontre en individuel, pour avancer sur votre projet, avec le sourire.",Montpellier,34080 Montpellier,2026-01-21T10:30:00+00:00,2026-01-21T11:00:00+00:00,"['Se préparer', ""Création d'entreprise""]","Titre : Rdv CitésLab - Création d'entreprise. Description : Venez préparer votre création d'entreprise, et poser vos questions. 30 minutes de rencontre en individuel, pour avancer sur votre projet, avec le sourire.. Lieu : Montpellier, 34080 Montpellier. Date de début : 2026-01-21T10:30:00+00:00. Date de fin : 2026-01-21T11:00:00+00:00. Mots-clés : ['Se préparer', ""Création d'entreprise""]."
Les rencontres de la création avec AXENTS,"Vous avez une idée, besoin de conseils ? Depuis 1995, AXENTS favorise l'émergence de projets et le développement de la création d'entreprise dans le département de l'Hérault.",Montpellier,34080 Montpellier,2026-03-04T10:00:00+00:00,2026-03-04T10:30:00+00:00,"[""Création d'entreprise""]","Titre : Les rencontres de la création avec AXENTS. Description : Vous avez une idée, besoin de conseils ? Depuis 1995, AXENTS favorise l'émergence de projets et le développement de la création d'entreprise dans le département de l'Hérault.. Lieu : Montpellier, 34080 Montpellier. Date de début : 2026-03-04T10:00:00+00:00. Date de fin : 2026-03-04T10:30:00+00:00. Mots-clés : [""Création d'entreprise""]."
"RDV des parcours ""Prépa Apprentissage BTP""",Vous avez un projet dans le BTP mais pas encore bien défini ? France Travail et le BTP CFA Occitanie vous accompagnent !,Montpellier,34080 Montpellier,2026-05-06T12:00:00+00:00,2026-05-06T15:00:00+00:00,"['#TousMobilisés', 'Découverte formation', 'Découverte secteur / métier']","Titre : RDV des parcours ""Prépa Apprentissage BTP"". Description : Vous avez un projet dans le BTP mais pas encore bien défini ? France Travail et le BTP CFA Occitanie vous accompagnent !. Lieu : Montpellier, 34080 Montpellier. Date de début : 2026-05-06T12:00:00+00:00. Date de fin : 2026-05-06T15:00:00+00:00. Mots-clés : ['#TousMobilisés', 'Découverte formation', 'Découverte secteur / métier']."
Les rencontres de la création avec Citéslab/BGE,"Venez préparer votre création d'entreprise, et poser vos questions. 30 minutes de rencontre en individuel, pour avancer sur votre projet, avec le sourire.",Montpellier,34080 Montpellier,2026-04-01T10:30:00+00:00,2026-04-01T11:00:00+00:00,"[""La semaine de la création et reprise d'entreprise - ReStart"", ""Création d'entreprise""]","Titre : Les rencontres de la création avec Citéslab/BGE. Description : Venez préparer votre création d'entreprise, et poser vos questions. 30 minutes de rencontre en individuel, pour avancer sur votre projet, avec le sourire.. Lieu : Montpellier, 34080 Montpellier. Date de début : 2026-04-01T10:30:00+00:00. Date de fin : 2026-04-01T11:00:00+00:00. Mots-clés : [""La semaine de la création et reprise d'entreprise - ReStart"", ""Création d'entreprise""]."
Les rencontres de la création avec Citéslab/BGE,"Venez préparer votre création d'entreprise, et poser vos questions. 30 minutes de rencontre en individuel, pour avancer sur votre projet, avec le sourire.",Montpellier,34080 Montpellier,2026-04-22T07:30:00+00:00,2026-04-22T08:00:00+00:00,"[""Création d'entreprise""]","Titre : Les rencontres de la création avec Citéslab/BGE. Description : Venez préparer votre création d'entreprise, et poser vos questions. 30 minutes de rencontre en individuel, pour avancer sur votre projet, avec le sourire.. Lieu : Montpellier, 34080 Montpellier. Date de début : 2026-04-22T07:30:00+00:00. Date de fin : 2026-04-22T08:00:00+00:00. Mots-clés : [""Création d'entreprise""]."
CAP VERS L'EMPLOI,"Vous êtes un demandeur d'emploi en situation de handicap, en recherche d'emploi TOUS SECTEURS D'ACTIVITE CONFONDUS (mais métier identifié) Merci de venir AVEC UN CV à jour pour le RDV.",Montpellier,34080 Montpellier,2026-04-13T07:00:00+00:00,2026-04-13T07:30:00+00:00,"['Insertion', 'Marché du travail', 'Recrutement', ""Aides à l'emploi"", ""S'informer"", 'Se préparer']","Titre : CAP VERS L'EMPLOI. Description : Vous êtes un demandeur d'emploi en situation de handicap, en recherche d'emploi TOUS SECTEURS D'ACTIVITE CONFONDUS (mais métier identifié) Merci de venir AVEC UN CV à jour pour le RDV.. Lieu : Montpellier, 34080 Montpellier. Date de début : 2026-04-13T07:00:00+00:00. Date de fin : 2026-04-13T07:30:00+00:00. Mots-clés : ['Insertion', 'Marché du travail', 'Recrutement', ""Aides à l'emploi"", ""S'informer"", 'Se préparer']."
Les rencontres de la création avec Citéslab/BGE,"Venez préparer votre création d'entreprise, et poser vos questions. 30 minutes de rencontre en individuel, pour avancer sur votre projet, avec le sourire.",Montpellier,34080 Montpellier,2026-04-22T09:30:00+00:00,2026-04-22T10:00:00+00:00,"[""Création d'entreprise""]","Titre : Les rencontres de la création avec Citéslab/BGE. Description : Venez préparer votre création d'entreprise, et poser vos questions. 30 minutes de rencontre en individuel, pour avancer sur votre projet, avec le sourire.. Lieu : Montpellier, 34080 Montpellier. Date de début : 2026-04-22T09:30:00+00:00. Date de fin : 2026-04-22T10:00:00+00:00. Mots-clés : [""Création d'entreprise""]."
COMEDIENS : SAVOIR JOUER POUR LES ECRANS : FORMATION,Formation organisée par ILLUSION et MACADAM et financée par la région Occitanie.,Montpellier,34080 Montpellier,2026-05-28T07:00:00+00:00,2026-05-28T08:30:00+00:00,['Découverte formation'],"Titre : COMEDIENS : SAVOIR JOUER POUR LES ECRANS : FORMATION. Description : Formation organisée par ILLUSION et MACADAM et financée par la région Occitanie.. Lieu : Montpellier, 34080 Montpellier. Date de début : 2026-05-28T07:00:00+00:00. Date de fin : 2026-05-28T08:30:00+00:00. Mots-clés : ['Découverte formation']."
Les rencontres de la création avec ADIE,"Rencontre avec ADIE : L'Adie, c'est l'association qui finance votre entreprise et vous accompagne tout au long de votre projet. Un crédit et des conseils pour me lancer.",Montpellier,34080 Montpellier,2026-05-06T08:30:00+00:00,2026-05-06T09:00:00+00:00,"[""Création d'entreprise"", 'Se préparer']","Titre : Les rencontres de la création avec ADIE. Description : Rencontre avec ADIE : L'Adie, c'est l'association qui finance votre entreprise et vous accompagne tout au long de votre projet. Un crédit et des conseils pour me lancer.. Lieu : Montpellier, 34080 Montpellier. Date de début : 2026-05-06T08:30:00+00:00. Date de fin : 2026-05-06T09:00:00+00:00. Mots-clés : [""Création d'entreprise"", 'Se préparer']."
Rdv CitésLab - Création d'entreprise,"Venez préparer votre création d'entreprise, et poser vos questions. 30 minutes de rencontre en individuel, pour avancer sur votre projet, avec le sourire.",Montpellier,34080 Montpellier,2026-05-11T08:00:00+00:00,2026-05-11T08:30:00+00:00,"[""Création d'entreprise""]","Titre : Rdv CitésLab - Création d'entreprise. Description : Venez préparer votre création d'entreprise, et poser vos questions. 30 minutes de rencontre en individuel, pour avancer sur votre projet, avec le sourire.. Lieu : Montpellier, 34080 Montpellier. Date de début : 2026-05-11T08:00:00+00:00. Date de fin : 2026-05-11T08:30:00+00:00. Mots-clés : [""Création d'entreprise""]."
BOOST' VOTRE CANDIDATURE : Rencontre avec l'Apije !,"Vous souhaitez donner une nouvelle impulsion à votre parcours ? Votre agence de Montpellier Cévennes vous invite à rencontrer Mme Olivia PIERI, experte en recrutement pour l'association Apije.",Montpellier,34080 Montpellier,2026-05-21T09:10:00+00:00,2026-05-21T09:20:00+00:00,"['Recrutement', 'Insertion']","Titre : BOOST' VOTRE CANDIDATURE : Rencontre avec l'Apije !. Description : Vous souhaitez donner une nouvelle impulsion à votre parcours ? Votre agence de Montpellier Cévennes vous invite à rencontrer Mme Olivia PIERI, experte en recrutement pour l'association Apije.. Lieu : Montpellier, 34080 Montpellier. Date de début : 2026-05-21T09:10:00+00:00. Date de fin : 2026-05-21T09:20:00+00:00. Mots-clés : ['Recrutement', 'Insertion']."
A Vélo !!,randonnée vélo (vtc / vtt) de 20-25kms.,Montpellier,Maison du Lez,2026-05-10T07:30:00+00:00,2026-05-10T10:30:00+00:00,,"Titre : A Vélo !!. Description : randonnée vélo (vtc / vtt) de 20-25kms.. Lieu : Montpellier, Maison du Lez. Date de début : 2026-05-10T07:30:00+00:00. Date de fin : 2026-05-10T10:30:00+00:00. Mots-clés : None."
APÉRICC’HUB | METIERS DE L’ARCHITECTURE,"Chaque mois, les APÉRICC’HUB réunissent des professionnel·le·s autour d’un moment convivial dédié à la rencontre et aux échanges.",Montpellier,121 rue fontcouverte montpellier,2026-04-23T16:30:00+00:00,2026-04-23T17:30:00+00:00,,"Titre : APÉRICC’HUB | METIERS DE L’ARCHITECTURE. Description : Chaque mois, les APÉRICC’HUB réunissent des professionnel·le·s autour d’un moment convivial dédié à la rencontre et aux échanges.. Lieu : Montpellier, 121 rue fontcouverte montpellier. Date de début : 2026-04-23T16:30:00+00:00. Date de fin : 2026-04-23T17:30:00+00:00. Mots-clés : None."
Les rencontres de la création avec CitésLab,"Rencontre avec CitésLab CitésLab – Révélateurs de Talents, ce sont d’abord des hommes et des femmes de terrain – les chefs de projets CitésLab.Les chefs de projets CitésLab rencontrent et révèlent les",Montpellier,34080 Montpellier,2025-08-18T08:30:00+00:00,2025-08-18T09:00:00+00:00,"[""Création d'entreprise"", 'Se préparer']","Titre : Les rencontres de la création avec CitésLab. Description : Rencontre avec CitésLab CitésLab – Révélateurs de Talents, ce sont d’abord des hommes et des femmes de terrain – les chefs de projets CitésLab.Les chefs de projets CitésLab rencontrent et révèlent les. Lieu : Montpellier, 34080 Montpellier. Date de début : 2025-08-18T08:30:00+00:00. Date de fin : 2025-08-18T09:00:00+00:00. Mots-clés : [""Création d'entreprise"", 'Se préparer']."
Inscrivez-vous à France Travail en toute simplicité : Inscription accompagnée pour tous !,Inscrivez vous à à France Travail et bénéficiez d'un accompagnement personnalisé pour devenir demandeur d'emploi en toute sérénité. Cet atelier est spécialement conçu pour les personnes rencontrant d,Montpellier,34080 Montpellier,2025-08-19T12:00:00+00:00,2025-08-19T13:00:00+00:00,"[""Aides à l'emploi""]","Titre : Inscrivez-vous à France Travail en toute simplicité : Inscription accompagnée pour tous !. Description : Inscrivez vous à à France Travail et bénéficiez d'un accompagnement personnalisé pour devenir demandeur d'emploi en toute sérénité. Cet atelier est spécialement conçu pour les personnes rencontrant d. Lieu : Montpellier, 34080 Montpellier. Date de début : 2025-08-19T12:00:00+00:00. Date de fin : 2025-08-19T13:00:00+00:00. Mots-clés : [""Aides à l'emploi""]."
Visite par Pierre Unal-Brunet,Découvrez l’exposition à travers le regard de l’artiste.,Montpellier,"14 rue de l'Ecole de Pharmacie, Montpellier",2025-05-17T17:00:00+00:00,2025-05-17T18:30:00+00:00,,"Titre : Visite par Pierre Unal-Brunet. Description : Découvrez l’exposition à travers le regard de l’artiste.. Lieu : Montpellier, 14 rue de l'Ecole de Pharmacie, Montpellier. Date de début : 2025-05-17T17:00:00+00:00. Date de fin : 2025-05-17T18:30:00+00:00. Mots-clés : None."
L'hôtel de Cabrières Sabatier d'Espeyran,"Découvrez en libre accès l’hôtel de Cabrières-Sabatier d’Espeyran abrite le département des arts décoratifs du musée Fabre. Légué en 1967 par Mme Frédéric Sabatier d'Espeyran, il est un témoignage de…",Montpellier,"6bis Rue Montpellieret, 34000 Montpellier, France",2025-05-17T17:00:00+00:00,2025-05-17T21:00:00+00:00,,"Titre : L'hôtel de Cabrières Sabatier d'Espeyran. Description : Découvrez en libre accès l’hôtel de Cabrières-Sabatier d’Espeyran abrite le département des arts décoratifs du musée Fabre. Légué en 1967 par Mme Frédéric Sabatier d'Espeyran, il est un témoignage de…. Lieu : Montpellier, 6bis Rue Montpellieret, 34000 Montpellier, France. Date de début : 2025-05-17T17:00:00+00:00. Date de fin : 2025-05-17T21:00:00+00:00. Mots-clés : None."
Œuvres contées par Céline Molinari [complet],"La conteuse Céline Molinari vous invite à explorer l'exposition en famille à travers des contes inspirés des œuvres, pour une découverte unique et poétique.",Montpellier,"13 rue de la République, 34000 Montpellier",2025-09-21T08:00:00+00:00,2025-09-21T09:00:00+00:00,,"Titre : Œuvres contées par Céline Molinari [complet]. Description : La conteuse Céline Molinari vous invite à explorer l'exposition en famille à travers des contes inspirés des œuvres, pour une découverte unique et poétique.. Lieu : Montpellier, 13 rue de la République, 34000 Montpellier. Date de début : 2025-09-21T08:00:00+00:00. Date de fin : 2025-09-21T09:00:00+00:00. Mots-clés : None."
Une journée à la découverte du lycée Georges Frêche,Nous sommes ravis de vous informer que le lycée Georges Frêche ouvrira ses portes aux visiteurs !,Montpellier,"401 rue Le Titien, 34000 Montpellier",2025-09-20T07:30:00+00:00,2025-09-20T14:45:00+00:00,,"Titre : Une journée à la découverte du lycée Georges Frêche. Description : Nous sommes ravis de vous informer que le lycée Georges Frêche ouvrira ses portes aux visiteurs !. Lieu : Montpellier, 401 rue Le Titien, 34000 Montpellier. Date de début : 2025-09-20T07:30:00+00:00. Date de fin : 2025-09-20T14:45:00+00:00. Mots-clés : None."
Visite commentée : la faculté protestante de théologie et son histoire,📚 Visite historique de la faculté de théologie protestante,Montpellier,"45 avenue Villeneuve-d'Angoulême, 34000 Montpellier",2025-09-20T08:00:00+00:00,2025-09-20T13:00:00+00:00,,"Titre : Visite commentée : la faculté protestante de théologie et son histoire. Description : 📚 Visite historique de la faculté de théologie protestante. Lieu : Montpellier, 45 avenue Villeneuve-d'Angoulême, 34000 Montpellier. Date de début : 2025-09-20T08:00:00+00:00. Date de fin : 2025-09-20T13:00:00+00:00. Mots-clés : None."
"FORMATION A DECOUVRIR : Préparation Opérationnelle à l'Emploi Individuelle ""Découvrir l'accompagnement à domicile des personnes en situatio",Présentation de la formation « découvrir l’accompagnement à domicile des personnes en situation de handicap » qui débutera début octobre (2mois) - période en entreprise (GIHP) : 105 H période en centr,Montpellier,34080 Montpellier,2025-09-09T07:00:00+00:00,2025-09-09T10:00:00+00:00,"['1 jeune  1 solution', 'Recrutement', 'Découverte formation']","Titre : FORMATION A DECOUVRIR : Préparation Opérationnelle à l'Emploi Individuelle ""Découvrir l'accompagnement à domicile des personnes en situatio. Description : Présentation de la formation « découvrir l’accompagnement à domicile des personnes en situation de handicap » qui débutera début octobre (2mois) - période en entreprise (GIHP) : 105 H période en centr. Lieu : Montpellier, 34080 Montpellier. Date de début : 2025-09-09T07:00:00+00:00. Date de fin : 2025-09-09T10:00:00+00:00. Mots-clés : ['1 jeune  1 solution', 'Recrutement', 'Découverte formation']."
DEVENEZ ANIMATEUR SOCIO-SPORTIF,"Intéressé(e) par une carrière dans l'animation socio-sportive ? La Prépa Animatrice/Animateur Socio-Sportif est l'opportunité idéale pour vous !Rejoignez la POEC Animateur socio-sportif, une formati",Montpellier,34080 Montpellier,2025-09-08T12:00:00+00:00,2025-09-08T14:00:00+00:00,"['1 jour', '1 formation', '1 jeune  1 solution', 'Travail avenir formation', 'Découverte formation', 'Se préparer', 'Découverte secteur / métier', 'Sport et insertion']","Titre : DEVENEZ ANIMATEUR SOCIO-SPORTIF. Description : Intéressé(e) par une carrière dans l'animation socio-sportive ? La Prépa Animatrice/Animateur Socio-Sportif est l'opportunité idéale pour vous !Rejoignez la POEC Animateur socio-sportif, une formati. Lieu : Montpellier, 34080 Montpellier. Date de début : 2025-09-08T12:00:00+00:00. Date de fin : 2025-09-08T14:00:00+00:00. Mots-clés : ['1 jour', '1 formation', '1 jeune  1 solution', 'Travail avenir formation', 'Découverte formation', 'Se préparer', 'Découverte secteur / métier', 'Sport et insertion']."
Recrutement Préparateur de commande via Handiwork,Le drive du Leclerc Garosud souhaite effectuer un recrutement inclusif et mobilise le dispositif Handiwork. Ce dispositif vous permettra une formation de 2 mois sur le terrain avant embauche au po...,Montpellier,34080 Montpellier,2025-10-02T06:30:00+00:00,2025-10-02T10:30:00+00:00,"[""Réunion d'information"", 'Insertion', 'Recrutement', 'Personnes en situation de handicap', 'Formation financée', ""Opportunité d'emploi"", 'Rencontre recruteur', 'en physique']","Titre : Recrutement Préparateur de commande via Handiwork. Description : Le drive du Leclerc Garosud souhaite effectuer un recrutement inclusif et mobilise le dispositif Handiwork. Ce dispositif vous permettra une formation de 2 mois sur le terrain avant embauche au po.... Lieu : Montpellier, 34080 Montpellier. Date de début : 2025-10-02T06:30:00+00:00. Date de fin : 2025-10-02T10:30:00+00:00. Mots-clés : [""Réunion d'information"", 'Insertion', 'Recrutement', 'Personnes en situation de handicap', 'Formation financée', ""Opportunité d'emploi"", 'Rencontre recruteur', 'en physique']."
Les rencontres de la création avec CitésLab,"Rencontre avec CitésLab CitésLab – Révélateurs de Talents, ce sont d’abord des hommes et des femmes de terrain – les chefs de projets CitésLab.Les chefs de projets CitésLab rencontrent et révèlent...",Montpellier,34080 Montpellier,2025-10-08T07:00:00+00:00,2025-10-08T07:30:00+00:00,"['Atelier', ""Création d'entreprise"", 'Se préparer', 'Tout public', 'en physique']","Titre : Les rencontres de la création avec CitésLab. Description : Rencontre avec CitésLab CitésLab – Révélateurs de Talents, ce sont d’abord des hommes et des femmes de terrain – les chefs de projets CitésLab.Les chefs de projets CitésLab rencontrent et révèlent.... Lieu : Montpellier, 34080 Montpellier. Date de début : 2025-10-08T07:00:00+00:00. Date de fin : 2025-10-08T07:30:00+00:00. Mots-clés : ['Atelier', ""Création d'entreprise"", 'Se préparer', 'Tout public', 'en physique']."
Musée sans exception,Cet accrochage réunit une sélection des productions réalisées par les publics au cours de l'année 2025-2026 dans les ateliers du musée.,Montpellier,"39 Boulevard de Bonnes Nouvelles, 34000 Montpellier, France",2026-05-23T17:00:00+00:00,2026-05-23T21:00:00+00:00,,"Titre : Musée sans exception. Description : Cet accrochage réunit une sélection des productions réalisées par les publics au cours de l'année 2025-2026 dans les ateliers du musée.. Lieu : Montpellier, 39 Boulevard de Bonnes Nouvelles, 34000 Montpellier, France. Date de début : 2026-05-23T17:00:00+00:00. Date de fin : 2026-05-23T21:00:00+00:00. Mots-clés : None."
Visite : le végétal en ville,"Des parcs à la flore spontanée des bords de trottoir, en passant par les friches, les arbres d’alignement et les micro-fleurissements, qu’est-ce que le végétal en ville ?",Montpellier,"155 Rue de las Sorbes, 34000 Montpellier",2026-06-06T08:00:00+00:00,2026-06-06T10:00:00+00:00,,"Titre : Visite : le végétal en ville. Description : Des parcs à la flore spontanée des bords de trottoir, en passant par les friches, les arbres d’alignement et les micro-fleurissements, qu’est-ce que le végétal en ville ?. Lieu : Montpellier, 155 Rue de las Sorbes, 34000 Montpellier. Date de début : 2026-06-06T08:00:00+00:00. Date de fin : 2026-06-06T10:00:00+00:00. Mots-clés : None."
Escape Game Energie - Collège les Guarrigues Jour 3,"L'Escape Game Energie est un outil pédagogique permet aux élèves de collèges, lycées et aux demandeurs d’emploi de s’immerger dans le monde des énergies décarbonées.",Montpellier,"145 av Comté de Nice, 34080 Montpellier",2025-11-26T07:00:00+00:00,2025-11-26T11:30:00+00:00,,"Titre : Escape Game Energie - Collège les Guarrigues Jour 3. Description : L'Escape Game Energie est un outil pédagogique permet aux élèves de collèges, lycées et aux demandeurs d’emploi de s’immerger dans le monde des énergies décarbonées.. Lieu : Montpellier, 145 av Comté de Nice, 34080 Montpellier. Date de début : 2025-11-26T07:00:00+00:00. Date de fin : 2025-11-26T11:30:00+00:00. Mots-clés : None."
SOIRÉE AVEC LES CHAUVES-SOURIS AU BORD DU LEZ,"Envie de découvrir, le temps d'une soirée, les chauves-souris qui vivent en ville et sur les bords du Lez ? Cette expérience est faite pour vous !",Montpellier,Place Georges Frêche,2025-07-24T18:00:00+00:00,2025-09-26T19:00:00+00:00,"['chauvessouris', 'lez', 'balade', 'découverte', 'nature']","Titre : SOIRÉE AVEC LES CHAUVES-SOURIS AU BORD DU LEZ. Description : Envie de découvrir, le temps d'une soirée, les chauves-souris qui vivent en ville et sur les bords du Lez ? Cette expérience est faite pour vous !. Lieu : Montpellier, Place Georges Frêche. Date de début : 2025-07-24T18:00:00+00:00. Date de fin : 2025-09-26T19:00:00+00:00. Mots-clés : ['chauvessouris', 'lez', 'balade', 'découverte', 'nature']."
Raconter l'oeuvre,"La classe, l’œuvre !",Montpellier,"39 Boulevard Bonne Nouvelle, 34090 Montpellier, France",2026-05-23T15:00:00+00:00,2026-05-23T21:59:59+00:00,,"Titre : Raconter l'oeuvre. Description : La classe, l’œuvre !. Lieu : Montpellier, 39 Boulevard Bonne Nouvelle, 34090 Montpellier, France. Date de début : 2026-05-23T15:00:00+00:00. Date de fin : 2026-05-23T21:59:59+00:00. Mots-clés : None."
Visite libre de l'Opéra Comédie,Week-end portes ouvertes,Montpellier,"Place de la Comédie, 34000, Montpellier",2026-05-09T07:30:00+00:00,2026-05-10T14:00:00+00:00,"['visite', 'patrimoine', 'histoire']","Titre : Visite libre de l'Opéra Comédie. Description : Week-end portes ouvertes. Lieu : Montpellier, Place de la Comédie, 34000, Montpellier. Date de début : 2026-05-09T07:30:00+00:00. Date de fin : 2026-05-10T14:00:00+00:00. Mots-clés : ['visite', 'patrimoine', 'histoire']."
Les rencontres de la création avec CitésLab,"Rencontre avec CitésLab CitésLab - Révélateurs de Talents, ce sont d'abord des hommes et des femmes de terrain - les chefs de projets CitésLab.",Montpellier,34080 Montpellier,2025-10-29T07:00:00+00:00,2025-10-29T07:30:00+00:00,"[""Création d'entreprise"", 'Se préparer']","Titre : Les rencontres de la création avec CitésLab. Description : Rencontre avec CitésLab CitésLab - Révélateurs de Talents, ce sont d'abord des hommes et des femmes de terrain - les chefs de projets CitésLab.. Lieu : Montpellier, 34080 Montpellier. Date de début : 2025-10-29T07:00:00+00:00. Date de fin : 2025-10-29T07:30:00+00:00. Mots-clés : [""Création d'entreprise"", 'Se préparer']."
DECOUVRIR LES FORMATIONS DE IRFA SUD MONTPELLIER,Vous avez un projet de formation qui est proposé par IRFA SUD MONTPELLIER? Venez vous renseigner ce matin à l'accueil de l'agence FRANCE TRAVAIL CEVENNES.,Montpellier,34080 Montpellier,2025-11-06T08:00:00+00:00,2025-11-06T11:00:00+00:00,"['Espaces formation', 'Découverte secteur / métier', ""S'informer"", 'Découverte formation']","Titre : DECOUVRIR LES FORMATIONS DE IRFA SUD MONTPELLIER. Description : Vous avez un projet de formation qui est proposé par IRFA SUD MONTPELLIER? Venez vous renseigner ce matin à l'accueil de l'agence FRANCE TRAVAIL CEVENNES.. Lieu : Montpellier, 34080 Montpellier. Date de début : 2025-11-06T08:00:00+00:00. Date de fin : 2025-11-06T11:00:00+00:00. Mots-clés : ['Espaces formation', 'Découverte secteur / métier', ""S'informer"", 'Découverte formation']."
Les rencontres de la création avec AXENTS,"Vous avez une idée, besoin de conseils ? Depuis 1995, AXENTS favorise l'émergence de projets et le développement de la création d'entreprise dans le département de l'Hérault.",Montpellier,34080 Montpellier,2026-01-07T09:30:00+00:00,2026-01-07T10:00:00+00:00,"[""Création d'entreprise""]","Titre : Les rencontres de la création avec AXENTS. Description : Vous avez une idée, besoin de conseils ? Depuis 1995, AXENTS favorise l'émergence de projets et le développement de la création d'entreprise dans le département de l'Hérault.. Lieu : Montpellier, 34080 Montpellier. Date de début : 2026-01-07T09:30:00+00:00. Date de fin : 2026-01-07T10:00:00+00:00. Mots-clés : [""Création d'entreprise""]."
Une Touche d'Optimisme 20 Ans,Concert Anniversaire au ROCKSTORE,Montpellier,20 Rue de Verdun Montpellier,2025-10-11T17:30:00+00:00,2025-10-11T21:00:00+00:00,"['Musique', 'Concert', 'Fête', 'Soirée', 'Chanson', 'Chanson Française']","Titre : Une Touche d'Optimisme 20 Ans. Description : Concert Anniversaire au ROCKSTORE. Lieu : Montpellier, 20 Rue de Verdun Montpellier. Date de début : 2025-10-11T17:30:00+00:00. Date de fin : 2025-10-11T21:00:00+00:00. Mots-clés : ['Musique', 'Concert', 'Fête', 'Soirée', 'Chanson', 'Chanson Française']."
In situ - EAI Cité Créative,"En mai, la MAOM lance la troisième édition d'In Situ ! Cet événement s'inscrit dans dans la programmation du Festival Hyperactive porté par la Halle Tropisme !",Montpellier,121 rue fontcouverte montpellier,2026-05-16T13:00:00+00:00,2026-05-16T15:00:00+00:00,"['in situ', 'montpellier', 'balade', 'balade urbaine', 'hérault', 'architecture', 'patrimoine', 'maom']","Titre : In situ - EAI Cité Créative. Description : En mai, la MAOM lance la troisième édition d'In Situ ! Cet événement s'inscrit dans dans la programmation du Festival Hyperactive porté par la Halle Tropisme !. Lieu : Montpellier, 121 rue fontcouverte montpellier. Date de début : 2026-05-16T13:00:00+00:00. Date de fin : 2026-05-16T15:00:00+00:00. Mots-clés : ['in situ', 'montpellier', 'balade', 'balade urbaine', 'hérault', 'architecture', 'patrimoine', 'maom']."
CELLENEUVE FAIT SA RENTRÉE ! PLEIN-AIR -LINDA VEUT DU POULET !,VENDREDI 12 SEPTEMBRE À PARTIR DE 16H CINÉ-PLEIN AIR SÉANCE AU PARC DIOSCORIDE EN PARTENARIAT AVEC LA MAISON POUR TOUS MARIE CURIE ACCÉS LIBRE,Montpellier,"2, rue Marcellin Albert, Montpellier",2025-09-12T14:00:00+00:00,2025-09-12T21:30:00+00:00,"['cinéma plein air', 'LINDA VEUT DU POULET!', 'Cinema Nestor Burma', 'foire aux associations', 'Celleneuve', 'Montpellier']","Titre : CELLENEUVE FAIT SA RENTRÉE ! PLEIN-AIR -LINDA VEUT DU POULET !. Description : VENDREDI 12 SEPTEMBRE À PARTIR DE 16H CINÉ-PLEIN AIR SÉANCE AU PARC DIOSCORIDE EN PARTENARIAT AVEC LA MAISON POUR TOUS MARIE CURIE ACCÉS LIBRE. Lieu : Montpellier, 2, rue Marcellin Albert, Montpellier. Date de début : 2025-09-12T14:00:00+00:00. Date de fin : 2025-09-12T21:30:00+00:00. Mots-clés : ['cinéma plein air', 'LINDA VEUT DU POULET!', 'Cinema Nestor Burma', 'foire aux associations', 'Celleneuve', 'Montpellier']."
Atelier HOPE Handicap Orientation Projet d'Evolution,"Atelier HOPE - Handicap, Orientation, Projet, Évolution Cet atelier s'adresse aux demandeurs d'emploi en situation de handicap ayant un projet de reconversion ou de formation.",Montpellier,34080 Montpellier,2026-04-28T12:00:00+00:00,2026-04-28T14:00:00+00:00,"['Découverte formation', ""S'informer"", 'Se préparer', 'Insertion']","Titre : Atelier HOPE Handicap Orientation Projet d'Evolution. Description : Atelier HOPE - Handicap, Orientation, Projet, Évolution Cet atelier s'adresse aux demandeurs d'emploi en situation de handicap ayant un projet de reconversion ou de formation.. Lieu : Montpellier, 34080 Montpellier. Date de début : 2026-04-28T12:00:00+00:00. Date de fin : 2026-04-28T14:00:00+00:00. Mots-clés : ['Découverte formation', ""S'informer"", 'Se préparer', 'Insertion']."
"Spectacle ""Avant, même l'avenir était meilleur""",🎭 « Avant même l’avenir était meilleur » – Une épopée de 40 ans de vie commune,Montpellier,"10 Rue de la Valfère, 34000 Montpellier, France",2025-09-20T13:00:00+00:00,2025-09-20T16:00:00+00:00,,"Titre : Spectacle ""Avant, même l'avenir était meilleur"". Description : 🎭 « Avant même l’avenir était meilleur » – Une épopée de 40 ans de vie commune. Lieu : Montpellier, 10 Rue de la Valfère, 34000 Montpellier, France. Date de début : 2025-09-20T13:00:00+00:00. Date de fin : 2025-09-20T16:00:00+00:00. Mots-clés : None."
Concert « Nocturnàlia »,💃 Hommage à Max Rouquette – Danses et musiques populaires,Montpellier,Place Max Rouquette 34000 Montpellier,2025-09-20T17:00:00+00:00,2025-09-20T18:30:00+00:00,,"Titre : Concert « Nocturnàlia ». Description : 💃 Hommage à Max Rouquette – Danses et musiques populaires. Lieu : Montpellier, Place Max Rouquette 34000 Montpellier. Date de début : 2025-09-20T17:00:00+00:00. Date de fin : 2025-09-20T18:30:00+00:00. Mots-clés : None."
Visite libre du musée des Moulages,Une visite libre en autonomie des collections du Musée des Moulages de l'Université de Montpellier Paul-Valéry vous est proposée.,Montpellier,"Route de mende, 34090 Montpellier",2025-09-19T09:00:00+00:00,2025-09-21T15:00:00+00:00,,"Titre : Visite libre du musée des Moulages. Description : Une visite libre en autonomie des collections du Musée des Moulages de l'Université de Montpellier Paul-Valéry vous est proposée.. Lieu : Montpellier, Route de mende, 34090 Montpellier. Date de début : 2025-09-19T09:00:00+00:00. Date de fin : 2025-09-21T15:00:00+00:00. Mots-clés : None."
Sieste sonore « Brassée de poèmes à l’ombre d’un frêne »,🎶 Concert intimiste dans un jardin de l’Écusson,Montpellier,"1 rue embouque d'or, 34000 Montpellier",2025-09-21T09:00:00+00:00,2025-09-21T10:00:00+00:00,,"Titre : Sieste sonore « Brassée de poèmes à l’ombre d’un frêne ». Description : 🎶 Concert intimiste dans un jardin de l’Écusson. Lieu : Montpellier, 1 rue embouque d'or, 34000 Montpellier. Date de début : 2025-09-21T09:00:00+00:00. Date de fin : 2025-09-21T10:00:00+00:00. Mots-clés : None."
Visites flash de l'exposition de Jean-Marie Appriou,Des visites de 30 mn à la découverte d'une sélection d'œuvres de l'exposition La cinquième essence de Jean-Marie Appriou.,Montpellier,"14 rue de l’école de pharmacie, 34000 Montpellier",2025-09-21T12:00:00+00:00,2025-09-21T15:30:00+00:00,,"Titre : Visites flash de l'exposition de Jean-Marie Appriou. Description : Des visites de 30 mn à la découverte d'une sélection d'œuvres de l'exposition La cinquième essence de Jean-Marie Appriou.. Lieu : Montpellier, 14 rue de l’école de pharmacie, 34000 Montpellier. Date de début : 2025-09-21T12:00:00+00:00. Date de fin : 2025-09-21T15:30:00+00:00. Mots-clés : None."
Atelier de taille de pierre,Ateliers participatifs autour de la taille de pierre et de l’architecture,Montpellier,"5 rue de la Salle l’Évêque, 34000 Montpellier",2025-09-20T08:00:00+00:00,2025-09-20T16:00:00+00:00,,"Titre : Atelier de taille de pierre. Description : Ateliers participatifs autour de la taille de pierre et de l’architecture. Lieu : Montpellier, 5 rue de la Salle l’Évêque, 34000 Montpellier. Date de début : 2025-09-20T08:00:00+00:00. Date de fin : 2025-09-20T16:00:00+00:00. Mots-clés : None."
Visite guidée des Archives,📜 Visite guidée des Archives et du Patrimoine,Montpellier,"907 avenue du professeur Blayac, 34086 Montpellier",2025-09-20T12:00:00+00:00,2025-09-21T16:00:00+00:00,,"Titre : Visite guidée des Archives. Description : 📜 Visite guidée des Archives et du Patrimoine. Lieu : Montpellier, 907 avenue du professeur Blayac, 34086 Montpellier. Date de début : 2025-09-20T12:00:00+00:00. Date de fin : 2025-09-21T16:00:00+00:00. Mots-clés : None."
Créateur d'entreprise depuis moins de 3 ans,"Vous êtes entrepreneur, installé depuis moins de 3 ans ? Vous souhaitez développer votre chiffre d’affaires et améliorer la rentabilité de votre activité ? Vous avez des projets de développement, beso",Montpellier,34080 Montpellier,2025-09-05T07:30:00+00:00,2025-09-05T09:30:00+00:00,"[""Création d'entreprise""]","Titre : Créateur d'entreprise depuis moins de 3 ans. Description : Vous êtes entrepreneur, installé depuis moins de 3 ans ? Vous souhaitez développer votre chiffre d’affaires et améliorer la rentabilité de votre activité ? Vous avez des projets de développement, beso. Lieu : Montpellier, 34080 Montpellier. Date de début : 2025-09-05T07:30:00+00:00. Date de fin : 2025-09-05T09:30:00+00:00. Mots-clés : [""Création d'entreprise""]."
Les rencontres de la création avec L'ADIE et CitésLab,"Rencontre avec CitésLab CitésLab – Révélateurs de Talents, ce sont d’abord des hommes et des femmes de terrain – les chefs de projets CitésLab.Les chefs de projets CitésLab rencontrent et révèlent les",Montpellier,34080 Montpellier,2025-09-10T08:30:00+00:00,2025-09-10T09:00:00+00:00,"[""Création d'entreprise"", 'Se préparer']","Titre : Les rencontres de la création avec L'ADIE et CitésLab. Description : Rencontre avec CitésLab CitésLab – Révélateurs de Talents, ce sont d’abord des hommes et des femmes de terrain – les chefs de projets CitésLab.Les chefs de projets CitésLab rencontrent et révèlent les. Lieu : Montpellier, 34080 Montpellier. Date de début : 2025-09-10T08:30:00+00:00. Date de fin : 2025-09-10T09:00:00+00:00. Mots-clés : [""Création d'entreprise"", 'Se préparer']."
Immersion : Vivez l'expérience métier en direct !,"Venez rencontrer une soixantaine d'entreprises de divers secteurs et métiers, présentes pour vous proposer des immersions professionnelles.Une immersion c'est une opportunité unique -pour découvrir un",Montpellier,34070 Montpellier,2025-09-19T07:00:00+00:00,2025-09-19T10:00:00+00:00,"['1 jeune  1 solution', '#TousEnImmersion', 'Découverte secteur / métier']","Titre : Immersion : Vivez l'expérience métier en direct !. Description : Venez rencontrer une soixantaine d'entreprises de divers secteurs et métiers, présentes pour vous proposer des immersions professionnelles.Une immersion c'est une opportunité unique -pour découvrir un. Lieu : Montpellier, 34070 Montpellier. Date de début : 2025-09-19T07:00:00+00:00. Date de fin : 2025-09-19T10:00:00+00:00. Mots-clés : ['1 jeune  1 solution', '#TousEnImmersion', 'Découverte secteur / métier']."
"SÉANCE CINÉ-RELAX / SHAUN LE MOUTON, LA FERME EN FOLIE",Dimanche 21 septembre à 14h,Montpellier,"2, rue Marcellin Albert, Montpellier",2025-09-21T12:00:00+00:00,2025-09-21T13:30:00+00:00,"['CINÉ-RELAX', 'SHAUN LE MOUTON', 'Studios Aardman', 'Cinéma Nestor Burma', 'Sésame Autisme Occitanie Est - Codep 34']","Titre : SÉANCE CINÉ-RELAX / SHAUN LE MOUTON, LA FERME EN FOLIE. Description : Dimanche 21 septembre à 14h. Lieu : Montpellier, 2, rue Marcellin Albert, Montpellier. Date de début : 2025-09-21T12:00:00+00:00. Date de fin : 2025-09-21T13:30:00+00:00. Mots-clés : ['CINÉ-RELAX', 'SHAUN LE MOUTON', 'Studios Aardman', 'Cinéma Nestor Burma', 'Sésame Autisme Occitanie Est - Codep 34']."
JEUDI DES TOUT-PETITS / PREMIÈRES NEIGES,JEUDI 20 NOVEMBRE à 10H : JEUDI DES TOUT-PETITS,Montpellier,"2, rue Marcellin Albert",2025-11-20T09:00:00+00:00,2025-11-20T10:00:00+00:00,"['Cinéma municipal Nestor Burma', 'JEUDI DES TOUT-PETITS', 'PREMIÈRES NEIGES', 'ASSOCIATION ODETTE LOUISE']","Titre : JEUDI DES TOUT-PETITS / PREMIÈRES NEIGES. Description : JEUDI 20 NOVEMBRE à 10H : JEUDI DES TOUT-PETITS. Lieu : Montpellier, 2, rue Marcellin Albert. Date de début : 2025-11-20T09:00:00+00:00. Date de fin : 2025-11-20T10:00:00+00:00. Mots-clés : ['Cinéma municipal Nestor Burma', 'JEUDI DES TOUT-PETITS', 'PREMIÈRES NEIGES', 'ASSOCIATION ODETTE LOUISE']."
La Prière aux étoiles de Marcel Pagnol,Séance unique,Montpellier,"5, rue de Verdun, Montpellier",2026-03-09T19:05:00+00:00,2026-03-09T22:05:00+00:00,"['Diagonal-Capitole', 'La Prière aux étoiles de Marcel Pagnol']","Titre : La Prière aux étoiles de Marcel Pagnol. Description : Séance unique. Lieu : Montpellier, 5, rue de Verdun, Montpellier. Date de début : 2026-03-09T19:05:00+00:00. Date de fin : 2026-03-09T22:05:00+00:00. Mots-clés : ['Diagonal-Capitole', 'La Prière aux étoiles de Marcel Pagnol']."
The Surfin Wankers - ACCOUSTIC,Fête de la musique 2025,Montpellier,Rue de chateau bon montpellier,2025-06-21T17:00:00+00:00,2025-06-21T19:30:00+00:00,,"Titre : The Surfin Wankers - ACCOUSTIC. Description : Fête de la musique 2025. Lieu : Montpellier, Rue de chateau bon montpellier. Date de début : 2025-06-21T17:00:00+00:00. Date de fin : 2025-06-21T19:30:00+00:00. Mots-clés : None."
"Atelier-visite - Héraklès, les Douze Travaux","Partez à la découverte des copies en plâtre du Musée des Moulages et des chefs d’œuvres de la Grèce ancienne, grâce aux représentations de l’un de ses héros les plus vénérés, Héraklès, au travers de…",Montpellier,"Université de Montpellier Paul-Valéry, route de Mende, 34090 Montpellier",2026-06-12T09:00:00+00:00,2026-06-12T15:00:00+00:00,,"Titre : Atelier-visite - Héraklès, les Douze Travaux. Description : Partez à la découverte des copies en plâtre du Musée des Moulages et des chefs d’œuvres de la Grèce ancienne, grâce aux représentations de l’un de ses héros les plus vénérés, Héraklès, au travers de…. Lieu : Montpellier, Université de Montpellier Paul-Valéry, route de Mende, 34090 Montpellier. Date de début : 2026-06-12T09:00:00+00:00. Date de fin : 2026-06-12T15:00:00+00:00. Mots-clés : None."
Grand Oral _ Vibrations Territoires Mouvements,Événement se déroulant dans le cadre de la Journée internationale de la Francophonie,Montpellier,14 descente en Barrat 34000 Montpellier,2026-03-18T17:00:00+00:00,2026-03-18T19:30:00+00:00,,"Titre : Grand Oral _ Vibrations Territoires Mouvements. Description : Événement se déroulant dans le cadre de la Journée internationale de la Francophonie. Lieu : Montpellier, 14 descente en Barrat 34000 Montpellier. Date de début : 2026-03-18T17:00:00+00:00. Date de fin : 2026-03-18T19:30:00+00:00. Mots-clés : None."
Réunion d'information collective sur la retraite avec l'AGIRC ARRCO,Vous avez 59 ans et plus et souhaitez y voir clair sur votre future retraite.,Montpellier,34080 Montpellier,2026-07-07T07:00:00+00:00,2026-07-07T09:30:00+00:00,"['Mobilisation 50 ans et plus', ""S'informer""]","Titre : Réunion d'information collective sur la retraite avec l'AGIRC ARRCO. Description : Vous avez 59 ans et plus et souhaitez y voir clair sur votre future retraite.. Lieu : Montpellier, 34080 Montpellier. Date de début : 2026-07-07T07:00:00+00:00. Date de fin : 2026-07-07T09:30:00+00:00. Mots-clés : ['Mobilisation 50 ans et plus', ""S'informer""]."
Atelier Sénior 360,"Vous avez 50 ans et plus ? Faites le point sur votre situation, votre parcours et vos besoins.",Montpellier,34080 Montpellier,2026-06-08T12:00:00+00:00,2026-06-08T14:00:00+00:00,"['Mobilisation 50 ans et plus', 'Marché du travail', ""S'informer""]","Titre : Atelier Sénior 360. Description : Vous avez 50 ans et plus ? Faites le point sur votre situation, votre parcours et vos besoins.. Lieu : Montpellier, 34080 Montpellier. Date de début : 2026-06-08T12:00:00+00:00. Date de fin : 2026-06-08T14:00:00+00:00. Mots-clés : ['Mobilisation 50 ans et plus', 'Marché du travail', ""S'informer""]."
Car & Bus Tour Occitanie : Découvrez les Métiers du Transport et Rencontrez Vos Futurs Employeurs !,Plongez au coeur des métiers du transport lors du Car & Bus Tour Occitanie !,Montpellier,34070 Montpellier,2025-12-11T08:00:00+00:00,2025-12-11T15:00:00+00:00,"['#TousMobilisés', 'Vos futurs collaborateurs', '#TousEnImmersion', '1 jeune  1 solution', 'Marché du travail', 'Recrutement', 'Découverte secteur / métier', 'Découverte formation', ""S'informer""]","Titre : Car & Bus Tour Occitanie : Découvrez les Métiers du Transport et Rencontrez Vos Futurs Employeurs !. Description : Plongez au coeur des métiers du transport lors du Car & Bus Tour Occitanie !. Lieu : Montpellier, 34070 Montpellier. Date de début : 2025-12-11T08:00:00+00:00. Date de fin : 2025-12-11T15:00:00+00:00. Mots-clés : ['#TousMobilisés', 'Vos futurs collaborateurs', '#TousEnImmersion', '1 jeune  1 solution', 'Marché du travail', 'Recrutement', 'Découverte secteur / métier', 'Découverte formation', ""S'informer""]."
Envolez-vous vers l'industrie aéronautique avec F-TECH Méditerranée - Recrutement sans CV !,Vous êtes intéressé(e) par le secteur industriel mais vous manquez d'expérience ?,Montpellier,34070 Montpellier,2026-05-19T06:30:00+00:00,2026-05-19T07:30:00+00:00,"['Méthode de Recrutement par Simulation', 'Recrutement sans CV']","Titre : Envolez-vous vers l'industrie aéronautique avec F-TECH Méditerranée - Recrutement sans CV !. Description : Vous êtes intéressé(e) par le secteur industriel mais vous manquez d'expérience ?. Lieu : Montpellier, 34070 Montpellier. Date de début : 2026-05-19T06:30:00+00:00. Date de fin : 2026-05-19T07:30:00+00:00. Mots-clés : ['Méthode de Recrutement par Simulation', 'Recrutement sans CV']."
*** Rencontre avec un Conseiller Entreprise SERVICE A LA PERSONNE***,Vous êtes disponible? Vous recherchez un emploi dans le service à la personne et avez votre CV à jour dans votre espace personnel?,Montpellier,34080 Montpellier,2026-06-30T07:00:00+00:00,2026-06-30T10:00:00+00:00,"['Recrutement', ""S'informer"", 'Marché du travail']","Titre : *** Rencontre avec un Conseiller Entreprise SERVICE A LA PERSONNE***. Description : Vous êtes disponible? Vous recherchez un emploi dans le service à la personne et avez votre CV à jour dans votre espace personnel?. Lieu : Montpellier, 34080 Montpellier. Date de début : 2026-06-30T07:00:00+00:00. Date de fin : 2026-06-30T10:00:00+00:00. Mots-clés : ['Recrutement', ""S'informer"", 'Marché du travail']."
BOOST' VOTRE CANDIDATURE : Rencontre avec l'Apije !,"Vous souhaitez donner une nouvelle impulsion à votre parcours ? Votre agence de Montpellier Cévennes vous invite à rencontrer Mme Olivia PIERI, experte en recrutement pour l'association Apije.",Montpellier,34080 Montpellier,2026-05-21T09:50:00+00:00,2026-05-21T10:00:00+00:00,"['Insertion', 'Recrutement']","Titre : BOOST' VOTRE CANDIDATURE : Rencontre avec l'Apije !. Description : Vous souhaitez donner une nouvelle impulsion à votre parcours ? Votre agence de Montpellier Cévennes vous invite à rencontrer Mme Olivia PIERI, experte en recrutement pour l'association Apije.. Lieu : Montpellier, 34080 Montpellier. Date de début : 2026-05-21T09:50:00+00:00. Date de fin : 2026-05-21T10:00:00+00:00. Mots-clés : ['Insertion', 'Recrutement']."
Atelier DUODAY: emploi et handicap,"Vous êtes en situation de handicap et en recherche d'emploi, en reconversion professionnelle ou simplement curieux.se de découvrir un métier ou une entreprise? Passez une journée en immersion dans...",Montpellier,34080 Montpellier,2025-10-14T12:00:00+00:00,2025-10-14T14:00:00+00:00,"[""Réunion d'information"", 'La semaine du handicap', '#TousEnImmersion', ""Aides à l'emploi"", ""S'informer"", 'Découverte secteur / métier', 'Insertion', 'Se préparer', 'Personnes en situation de handicap', 'en physique']","Titre : Atelier DUODAY: emploi et handicap. Description : Vous êtes en situation de handicap et en recherche d'emploi, en reconversion professionnelle ou simplement curieux.se de découvrir un métier ou une entreprise? Passez une journée en immersion dans.... Lieu : Montpellier, 34080 Montpellier. Date de début : 2025-10-14T12:00:00+00:00. Date de fin : 2025-10-14T14:00:00+00:00. Mots-clés : [""Réunion d'information"", 'La semaine du handicap', '#TousEnImmersion', ""Aides à l'emploi"", ""S'informer"", 'Découverte secteur / métier', 'Insertion', 'Se préparer', 'Personnes en situation de handicap', 'en physique']."
Les rencontres de la création avec CitésLab,"Rencontre avec CitésLab CitésLab – Révélateurs de Talents, ce sont d’abord des hommes et des femmes de terrain – les chefs de projets CitésLab.Les chefs de projets CitésLab rencontrent et révèlent...",Montpellier,34080 Montpellier,2025-10-22T09:30:00+00:00,2025-10-22T10:00:00+00:00,"['Atelier', 'Se préparer', ""Création d'entreprise"", 'Tout public', 'en physique']","Titre : Les rencontres de la création avec CitésLab. Description : Rencontre avec CitésLab CitésLab – Révélateurs de Talents, ce sont d’abord des hommes et des femmes de terrain – les chefs de projets CitésLab.Les chefs de projets CitésLab rencontrent et révèlent.... Lieu : Montpellier, 34080 Montpellier. Date de début : 2025-10-22T09:30:00+00:00. Date de fin : 2025-10-22T10:00:00+00:00. Mots-clés : ['Atelier', 'Se préparer', ""Création d'entreprise"", 'Tout public', 'en physique']."
Les rencontres de la création avec CitésLab,"Rencontre avec CitésLab CitésLab - Révélateurs de Talents, ce sont d'abord des hommes et des femmes de terrain - les chefs de projets CitésLab.",Montpellier,34080 Montpellier,2025-10-29T09:30:00+00:00,2025-10-29T10:00:00+00:00,"['Se préparer', ""Création d'entreprise""]","Titre : Les rencontres de la création avec CitésLab. Description : Rencontre avec CitésLab CitésLab - Révélateurs de Talents, ce sont d'abord des hommes et des femmes de terrain - les chefs de projets CitésLab.. Lieu : Montpellier, 34080 Montpellier. Date de début : 2025-10-29T09:30:00+00:00. Date de fin : 2025-10-29T10:00:00+00:00. Mots-clés : ['Se préparer', ""Création d'entreprise""]."
Rencontre avec la Menuiserie Collaborative,Portes ouvertes,Montpellier,169 rue georges auric,2025-10-16T12:00:00+00:00,2025-10-16T13:30:00+00:00,,"Titre : Rencontre avec la Menuiserie Collaborative. Description : Portes ouvertes. Lieu : Montpellier, 169 rue georges auric. Date de début : 2025-10-16T12:00:00+00:00. Date de fin : 2025-10-16T13:30:00+00:00. Mots-clés : None."
Mai à Vélo 2026,Faites parcourir à votre communauté le plus de kilomètres au mois de mai ! Retrouvez tous les classements sur https://challenge-maiavelo.geovelo.fr/,Montpellier,"1977 Avenue des Moulins, 34087 Montpellier Cedex 4, France",2026-04-30T22:00:00+00:00,2026-05-31T21:59:59+00:00,['challenge-id=201716'],"Titre : Mai à Vélo 2026. Description : Faites parcourir à votre communauté le plus de kilomètres au mois de mai ! Retrouvez tous les classements sur https://challenge-maiavelo.geovelo.fr/. Lieu : Montpellier, 1977 Avenue des Moulins, 34087 Montpellier Cedex 4, France. Date de début : 2026-04-30T22:00:00+00:00. Date de fin : 2026-05-31T21:59:59+00:00. Mots-clés : ['challenge-id=201716']."
Mai à Vélo 2026,Faites parcourir à votre communauté le plus de kilomètres au mois de mai !,Montpellier,"105 Rue Guglielmo Marconi, 34965 Montpellier, France",2026-04-30T22:00:00+00:00,2026-05-31T21:59:59+00:00,['challenge-id=202301'],"Titre : Mai à Vélo 2026. Description : Faites parcourir à votre communauté le plus de kilomètres au mois de mai !. Lieu : Montpellier, 105 Rue Guglielmo Marconi, 34965 Montpellier, France. Date de début : 2026-04-30T22:00:00+00:00. Date de fin : 2026-05-31T21:59:59+00:00. Mots-clés : ['challenge-id=202301']."
Mai à Vélo 2026,Faites parcourir à votre communauté le plus de kilomètres au mois de mai !,Montpellier,"2 Place Pierre Viala, 34967 Montpellier, France",2026-04-30T22:00:00+00:00,2026-05-31T21:59:59+00:00,['challenge-id=212093'],"Titre : Mai à Vélo 2026. Description : Faites parcourir à votre communauté le plus de kilomètres au mois de mai !. Lieu : Montpellier, 2 Place Pierre Viala, 34967 Montpellier, France. Date de début : 2026-04-30T22:00:00+00:00. Date de fin : 2026-05-31T21:59:59+00:00. Mots-clés : ['challenge-id=212093']."
Vélorution des enfants,"L'association Vélocité organise la vélo-parade festive des enfants. Draisiennes, petites roues et déguisements bienvenus ! Un parcours urbain plat et sécurisé de 2km pour les plus petits, 6 km total.",Montpellier,"Place Roger Salengro, Montpellier",2026-05-31T08:00:00+00:00,2026-05-31T11:00:00+00:00,,"Titre : Vélorution des enfants. Description : L'association Vélocité organise la vélo-parade festive des enfants. Draisiennes, petites roues et déguisements bienvenus ! Un parcours urbain plat et sécurisé de 2km pour les plus petits, 6 km total.. Lieu : Montpellier, Place Roger Salengro, Montpellier. Date de début : 2026-05-31T08:00:00+00:00. Date de fin : 2026-05-31T11:00:00+00:00. Mots-clés : None."
Mai à Vélo 2026,Faites parcourir à votre communauté le plus de kilomètres au mois de mai !,Montpellier,"141 Rue de la Cardonille, 34090 Montpellier France",2026-04-30T22:00:00+00:00,2026-05-31T21:59:59+00:00,['challenge-id=218741'],"Titre : Mai à Vélo 2026. Description : Faites parcourir à votre communauté le plus de kilomètres au mois de mai !. Lieu : Montpellier, 141 Rue de la Cardonille, 34090 Montpellier France. Date de début : 2026-04-30T22:00:00+00:00. Date de fin : 2026-05-31T21:59:59+00:00. Mots-clés : ['challenge-id=218741']."
Visite « C'est nous les médiateurs »,"Dans le cadre du programme national « La classe, l’œuvre ! », les élèves de Première spécialité Histoire des arts du lycée Jean Monnet (Montpellier) proposeront des focus sur certaines œuvres de par …",Montpellier,"13 rue de la République, Montpellier",2025-05-17T18:00:00+00:00,2025-05-17T19:30:00+00:00,,"Titre : Visite « C'est nous les médiateurs ». Description : Dans le cadre du programme national « La classe, l’œuvre ! », les élèves de Première spécialité Histoire des arts du lycée Jean Monnet (Montpellier) proposeront des focus sur certaines œuvres de par …. Lieu : Montpellier, 13 rue de la République, Montpellier. Date de début : 2025-05-17T18:00:00+00:00. Date de fin : 2025-05-17T19:30:00+00:00. Mots-clés : None."
Visite thématique « Le corps à l'œuvre »,Une visite pour découvrir comment le corps et sa matérialité ont inspiré les artistes de l’exposition.,Montpellier,"13 rue de la République, Montpellier",2025-05-17T20:00:00+00:00,2025-05-17T20:45:00+00:00,,"Titre : Visite thématique « Le corps à l'œuvre ». Description : Une visite pour découvrir comment le corps et sa matérialité ont inspiré les artistes de l’exposition.. Lieu : Montpellier, 13 rue de la République, Montpellier. Date de début : 2025-05-17T20:00:00+00:00. Date de fin : 2025-05-17T20:45:00+00:00. Mots-clés : None."
Le sommeil,"Comme dans le conte de la Belle au bois dormant, les personnages des tableaux se sont tous endormis. Chut.. approchons sans un bruit pour découvrir leur histoire.",Montpellier,"39 Boulevard de Bonnes Nouvelles, 34000 Montpellier, France",2025-05-17T18:30:00+00:00,2025-05-17T20:30:00+00:00,,"Titre : Le sommeil. Description : Comme dans le conte de la Belle au bois dormant, les personnages des tableaux se sont tous endormis. Chut.. approchons sans un bruit pour découvrir leur histoire.. Lieu : Montpellier, 39 Boulevard de Bonnes Nouvelles, 34000 Montpellier, France. Date de début : 2025-05-17T18:30:00+00:00. Date de fin : 2025-05-17T20:30:00+00:00. Mots-clés : None."
Mai à Vélo 2026,Faites parcourir à votre communauté le plus de kilomètres au mois de mai !,Montpellier,"1919 Route de Mende, 34090 Montpellier France",2026-04-30T22:00:00+00:00,2026-05-31T21:59:59+00:00,['challenge-id=213279'],"Titre : Mai à Vélo 2026. Description : Faites parcourir à votre communauté le plus de kilomètres au mois de mai !. Lieu : Montpellier, 1919 Route de Mende, 34090 Montpellier France. Date de début : 2026-04-30T22:00:00+00:00. Date de fin : 2026-05-31T21:59:59+00:00. Mots-clés : ['challenge-id=213279']."
Mai à Vélo 2026,Faites parcourir à votre communauté le plus de kilomètres au mois de mai ! Retrouvez tous les classements sur https://challenge-maiavelo.geovelo.fr/,Montpellier,"Zadig & Voltaire, Rue de la Barralerie, 34062 Montpellier, France",2026-04-30T22:00:00+00:00,2026-05-31T21:59:59+00:00,['challenge-id=178545'],"Titre : Mai à Vélo 2026. Description : Faites parcourir à votre communauté le plus de kilomètres au mois de mai ! Retrouvez tous les classements sur https://challenge-maiavelo.geovelo.fr/. Lieu : Montpellier, Zadig & Voltaire, Rue de la Barralerie, 34062 Montpellier, France. Date de début : 2026-04-30T22:00:00+00:00. Date de fin : 2026-05-31T21:59:59+00:00. Mots-clés : ['challenge-id=178545']."
Concert voix et orgue,"Concert ""Ode à Notre-Dame""",Montpellier,11 rue des Etuves 34000 Montpellier,2025-09-21T16:00:00+00:00,2025-09-21T17:00:00+00:00,,"Titre : Concert voix et orgue. Description : Concert ""Ode à Notre-Dame"". Lieu : Montpellier, 11 rue des Etuves 34000 Montpellier. Date de début : 2025-09-21T16:00:00+00:00. Date de fin : 2025-09-21T17:00:00+00:00. Mots-clés : None."
Exposition : « Dessiner l'Architecture #1 »,✍️ Exposition : Dessiner l’architecture – La Fenêtre,Montpellier,"1 rue Voltaire, 34000 Montpellier",2025-09-19T09:00:00+00:00,2025-09-20T18:00:00+00:00,,"Titre : Exposition : « Dessiner l'Architecture #1 ». Description : ✍️ Exposition : Dessiner l’architecture – La Fenêtre. Lieu : Montpellier, 1 rue Voltaire, 34000 Montpellier. Date de début : 2025-09-19T09:00:00+00:00. Date de fin : 2025-09-20T18:00:00+00:00. Mots-clés : None."
"Exposition : « Pierre Soulages, la Rencontre »",Pierre Soulages,Montpellier,"39 Boulevard de Bonnes Nouvelles, 34000 Montpellier, France",2025-09-20T09:00:00+00:00,2025-09-21T16:00:00+00:00,,"Titre : Exposition : « Pierre Soulages, la Rencontre ». Description : Pierre Soulages. Lieu : Montpellier, 39 Boulevard de Bonnes Nouvelles, 34000 Montpellier, France. Date de début : 2025-09-20T09:00:00+00:00. Date de fin : 2025-09-21T16:00:00+00:00. Mots-clés : None."
Visite commentée de l'Hôtel Saint-Côme,"L'Hôtel Saint-Côme, édifié par Jean-Antoine Giral en 1751 à la demande de François Gigot de Lapeyronie (premier chirurgien à la cour du roi Louis XV), servait d'amphithéâtre pour les dissections de c…",Montpellier,"31 Grand Rue Jean Moulin, 34000 Montpellier, France",2025-09-20T08:00:00+00:00,2025-09-20T16:00:00+00:00,,"Titre : Visite commentée de l'Hôtel Saint-Côme. Description : L'Hôtel Saint-Côme, édifié par Jean-Antoine Giral en 1751 à la demande de François Gigot de Lapeyronie (premier chirurgien à la cour du roi Louis XV), servait d'amphithéâtre pour les dissections de c…. Lieu : Montpellier, 31 Grand Rue Jean Moulin, 34000 Montpellier, France. Date de début : 2025-09-20T08:00:00+00:00. Date de fin : 2025-09-20T16:00:00+00:00. Mots-clés : None."
Découvrez les coulisses de France 3 Occitanie à Montpellier,Entrez dans les coulisses de France Télévisions à Montpellier !,Montpellier,"10 allée John Napier, 34063 Montpellier Cedex 2",2025-09-20T07:30:00+00:00,2025-09-20T16:00:00+00:00,,"Titre : Découvrez les coulisses de France 3 Occitanie à Montpellier. Description : Entrez dans les coulisses de France Télévisions à Montpellier !. Lieu : Montpellier, 10 allée John Napier, 34063 Montpellier Cedex 2. Date de début : 2025-09-20T07:30:00+00:00. Date de fin : 2025-09-20T16:00:00+00:00. Mots-clés : None."
Le jardin de la faculté de théologie protestante et sa bibliothèque,🏛️ La faculté de théologie protestante,Montpellier,"45 avenue Villeneuve-d'Angoulême, 34000 Montpellier",2025-09-20T07:00:00+00:00,2025-09-20T15:00:00+00:00,,"Titre : Le jardin de la faculté de théologie protestante et sa bibliothèque. Description : 🏛️ La faculté de théologie protestante. Lieu : Montpellier, 45 avenue Villeneuve-d'Angoulême, 34000 Montpellier. Date de début : 2025-09-20T07:00:00+00:00. Date de fin : 2025-09-20T15:00:00+00:00. Mots-clés : None."
Ouverture du site de Montpellier Hôtel de Grave siège de la DRAC,"À l’occasion des Journées européennes du patrimoine, découvrez l’hôtel de Grave, aujourd’hui siège de la DRAC Occitanie.",Montpellier,"5 rue de la Salle l’Évêque, 34000 Montpellier",2025-09-20T08:00:00+00:00,2025-09-21T16:00:00+00:00,,"Titre : Ouverture du site de Montpellier Hôtel de Grave siège de la DRAC. Description : À l’occasion des Journées européennes du patrimoine, découvrez l’hôtel de Grave, aujourd’hui siège de la DRAC Occitanie.. Lieu : Montpellier, 5 rue de la Salle l’Évêque, 34000 Montpellier. Date de début : 2025-09-20T08:00:00+00:00. Date de fin : 2025-09-21T16:00:00+00:00. Mots-clés : None."
Visite libre de l'église Saint-Denis,⛪ Visite de l’église Saint-Denis,Montpellier,"2 rue Rondelet, 34000 Montpellier",2025-09-20T08:00:00+00:00,2025-09-21T15:00:00+00:00,,"Titre : Visite libre de l'église Saint-Denis. Description : ⛪ Visite de l’église Saint-Denis. Lieu : Montpellier, 2 rue Rondelet, 34000 Montpellier. Date de début : 2025-09-20T08:00:00+00:00. Date de fin : 2025-09-21T15:00:00+00:00. Mots-clés : None."
Les rencontres de la création avec CitésLab,"Rencontre avec CitésLab CitésLab – Révélateurs de Talents, ce sont d’abord des hommes et des femmes de terrain – les chefs de projets CitésLab.Les chefs de projets CitésLab rencontrent et révèlent les",Montpellier,34080 Montpellier,2025-09-01T09:00:00+00:00,2025-09-01T09:30:00+00:00,"[""Création d'entreprise"", 'Se préparer']","Titre : Les rencontres de la création avec CitésLab. Description : Rencontre avec CitésLab CitésLab – Révélateurs de Talents, ce sont d’abord des hommes et des femmes de terrain – les chefs de projets CitésLab.Les chefs de projets CitésLab rencontrent et révèlent les. Lieu : Montpellier, 34080 Montpellier. Date de début : 2025-09-01T09:00:00+00:00. Date de fin : 2025-09-01T09:30:00+00:00. Mots-clés : [""Création d'entreprise"", 'Se préparer']."
"West Side Story de Steven Spielberg, USA, 2021, 2h37","En 1954, le quartier de West Side, à New York, est le théâtre de la rivalité entre deux bandes : les Jets, d'origine polonaise et irlandaise, et les Sharks, de Porto Rico. Alors que la bagarre fait …",Montpellier,218 boulevard de l'Aéroport International 34000 Montpellier,2025-10-05T13:00:00+00:00,2025-10-05T15:37:00+00:00,,"Titre : West Side Story de Steven Spielberg, USA, 2021, 2h37. Description : En 1954, le quartier de West Side, à New York, est le théâtre de la rivalité entre deux bandes : les Jets, d'origine polonaise et irlandaise, et les Sharks, de Porto Rico. Alors que la bagarre fait …. Lieu : Montpellier, 218 boulevard de l'Aéroport International 34000 Montpellier. Date de début : 2025-10-05T13:00:00+00:00. Date de fin : 2025-10-05T15:37:00+00:00. Mots-clés : None."
CINÉ- RENCONTRE / KNIT'S ISLAND : L'ÎLE SANS FIN,Lundi 29 septembre à 19h30 Ciné-rencontre avec le co-réalisateur Guilhem Causse.,Montpellier,"2, rue Marcellin Albert, Montpellier",2025-09-29T17:30:00+00:00,2025-09-29T21:00:00+00:00,"[""KNIT'S ISLAND : L'ÎLE SANS FIN"", 'Guilhem Causse', 'Université Montpellier Paul Valéry', 'cinéma Nestor Burma', 'SÉMINAIRE CONJOINT Masters Création Numérique', 'Conférences d’introduction à la recherche-création']","Titre : CINÉ- RENCONTRE / KNIT'S ISLAND : L'ÎLE SANS FIN. Description : Lundi 29 septembre à 19h30 Ciné-rencontre avec le co-réalisateur Guilhem Causse.. Lieu : Montpellier, 2, rue Marcellin Albert, Montpellier. Date de début : 2025-09-29T17:30:00+00:00. Date de fin : 2025-09-29T21:00:00+00:00. Mots-clés : [""KNIT'S ISLAND : L'ÎLE SANS FIN"", 'Guilhem Causse', 'Université Montpellier Paul Valéry', 'cinéma Nestor Burma', 'SÉMINAIRE CONJOINT Masters Création Numérique', 'Conférences d’introduction à la recherche-création']."
SOIRÉE SPÉCIALE COURTS MÉTRAGES,Lundi 6 octobre à 19H30 SOIRÉE SPÉCIALE COURTS MÉTRAGES AUTOUR DE DEUX FILMS EN AVANT-PREMIÈRE DE LA SOCIÉTÉ DE PRODUCTION MONTPELLIÉRAINE TOO MANY COWBOYS,Montpellier,"2, rue Marcellin Albert, Montpellier",2025-10-06T17:30:00+00:00,2025-10-06T19:30:00+00:00,"['TOO MANY COWBOYS', 'Clara Petazzoni', 'Lio dans les étoiles', 'Tu n’auras pas mes larmes', 'Sarah-Megan Allouch', 'Louise Condemi', 'Cinéma Nestor Burma', 'Courts Métrages']","Titre : SOIRÉE SPÉCIALE COURTS MÉTRAGES. Description : Lundi 6 octobre à 19H30 SOIRÉE SPÉCIALE COURTS MÉTRAGES AUTOUR DE DEUX FILMS EN AVANT-PREMIÈRE DE LA SOCIÉTÉ DE PRODUCTION MONTPELLIÉRAINE TOO MANY COWBOYS. Lieu : Montpellier, 2, rue Marcellin Albert, Montpellier. Date de début : 2025-10-06T17:30:00+00:00. Date de fin : 2025-10-06T19:30:00+00:00. Mots-clés : ['TOO MANY COWBOYS', 'Clara Petazzoni', 'Lio dans les étoiles', 'Tu n’auras pas mes larmes', 'Sarah-Megan Allouch', 'Louise Condemi', 'Cinéma Nestor Burma', 'Courts Métrages']."
𝗔𝗩𝗔𝗡𝗧-𝗣𝗥𝗘𝗠𝗜𝗘̀𝗥𝗘 𝗖𝗢𝗨𝗣 𝗗𝗘 𝗖Œ𝗨𝗥 𝗦𝗨𝗥𝗣𝗥𝗜𝗦𝗘 𝗔𝗙𝗖𝗔𝗘,Le cinéma Nestor Burma fait partie de l’ASSOCIATION FRANÇAISE DES CINEMAS ART ET D’ESSAI (AFCAE).,Montpellier,"2, rue Marcellin Albert, Montpellier",2025-05-06T18:30:00+00:00,2025-05-06T20:30:00+00:00,"['CINEMA NESTOR BURMA', 'Coup de coeur afcae', 'avant-première', 'AFCAE']","Titre : 𝗔𝗩𝗔𝗡𝗧-𝗣𝗥𝗘𝗠𝗜𝗘̀𝗥𝗘 𝗖𝗢𝗨𝗣 𝗗𝗘 𝗖Œ𝗨𝗥 𝗦𝗨𝗥𝗣𝗥𝗜𝗦𝗘 𝗔𝗙𝗖𝗔𝗘. Description : Le cinéma Nestor Burma fait partie de l’ASSOCIATION FRANÇAISE DES CINEMAS ART ET D’ESSAI (AFCAE).. Lieu : Montpellier, 2, rue Marcellin Albert, Montpellier. Date de début : 2025-05-06T18:30:00+00:00. Date de fin : 2025-05-06T20:30:00+00:00. Mots-clés : ['CINEMA NESTOR BURMA', 'Coup de coeur afcae', 'avant-première', 'AFCAE']."
Ciné atelier « Sur les traces des dinosaures ! » Mary Anning,Samedi 4 octobre : 15h atelier « Sur les traces des dinosaures ! » à la médiathèque W. Shakespeare + projection au cinéma à 17h,Montpellier,"2, rue Marcellin Albert, Montpellier",2025-10-04T13:00:00+00:00,2025-10-04T16:00:00+00:00,"['cinéma Nestor Burma', 'Mary Anning', 'Marcel Barelli', 'Sur les traces des dinosaures !', 'médiathèque W. Shakespeare']","Titre : Ciné atelier « Sur les traces des dinosaures ! » Mary Anning. Description : Samedi 4 octobre : 15h atelier « Sur les traces des dinosaures ! » à la médiathèque W. Shakespeare + projection au cinéma à 17h. Lieu : Montpellier, 2, rue Marcellin Albert, Montpellier. Date de début : 2025-10-04T13:00:00+00:00. Date de fin : 2025-10-04T16:00:00+00:00. Mots-clés : ['cinéma Nestor Burma', 'Mary Anning', 'Marcel Barelli', 'Sur les traces des dinosaures !', 'médiathèque W. Shakespeare']."
From Gaza with Love de Charles Villa et Suhail Nassar,Rencontre avec le réalisateur,Montpellier,"5, rue de Verdun, Montpellier",2026-04-14T18:00:00+00:00,2026-04-14T21:00:00+00:00,"['Diagonal-Capitole', 'From Gaza with Love de Charles Villa et Suhail Nassar']","Titre : From Gaza with Love de Charles Villa et Suhail Nassar. Description : Rencontre avec le réalisateur. Lieu : Montpellier, 5, rue de Verdun, Montpellier. Date de début : 2026-04-14T18:00:00+00:00. Date de fin : 2026-04-14T21:00:00+00:00. Mots-clés : ['Diagonal-Capitole', 'From Gaza with Love de Charles Villa et Suhail Nassar']."
Les rencontres de la création avec CitésLab,"Rencontre avec CitésLab CitésLab – Révélateurs de Talents, ce sont d’abord des hommes et des femmes de terrain – les chefs de projets CitésLab.Les chefs de projets CitésLab rencontrent et révèlent...",Montpellier,34080 Montpellier,2025-10-08T08:30:00+00:00,2025-10-08T09:00:00+00:00,"['Atelier', 'Se préparer', ""Création d'entreprise"", 'Tout public', 'en physique']","Titre : Les rencontres de la création avec CitésLab. Description : Rencontre avec CitésLab CitésLab – Révélateurs de Talents, ce sont d’abord des hommes et des femmes de terrain – les chefs de projets CitésLab.Les chefs de projets CitésLab rencontrent et révèlent.... Lieu : Montpellier, 34080 Montpellier. Date de début : 2025-10-08T08:30:00+00:00. Date de fin : 2025-10-08T09:00:00+00:00. Mots-clés : ['Atelier', 'Se préparer', ""Création d'entreprise"", 'Tout public', 'en physique']."
Le numérique pour la gestion des surfaces pâturées,"La Chaire AgroTIC consacre une journée de séminaire aux systèmes pâturant, pour en comprendre les caractéristiques et échanger sur les réponses que peuvent apporter les outils numériques.",Montpellier,"2 place pierre Viala, 34060 Montpellier",2025-06-19T07:30:00+00:00,2025-06-19T14:00:00+00:00,"['AgroTIC', 'numériqueagricole', 'agtech', 'élevage']","Titre : Le numérique pour la gestion des surfaces pâturées. Description : La Chaire AgroTIC consacre une journée de séminaire aux systèmes pâturant, pour en comprendre les caractéristiques et échanger sur les réponses que peuvent apporter les outils numériques.. Lieu : Montpellier, 2 place pierre Viala, 34060 Montpellier. Date de début : 2025-06-19T07:30:00+00:00. Date de fin : 2025-06-19T14:00:00+00:00. Mots-clés : ['AgroTIC', 'numériqueagricole', 'agtech', 'élevage']."
Les rencontres de la création avec Citéslab/BGE,"Venez préparer votre création d'entreprise, et poser vos questions. 30 minutes de rencontre en individuel, pour avancer sur votre projet, avec le sourire.",Montpellier,34080 Montpellier,2026-04-01T09:00:00+00:00,2026-04-01T09:30:00+00:00,"[""La semaine de la création et reprise d'entreprise - ReStart"", ""Création d'entreprise""]","Titre : Les rencontres de la création avec Citéslab/BGE. Description : Venez préparer votre création d'entreprise, et poser vos questions. 30 minutes de rencontre en individuel, pour avancer sur votre projet, avec le sourire.. Lieu : Montpellier, 34080 Montpellier. Date de début : 2026-04-01T09:00:00+00:00. Date de fin : 2026-04-01T09:30:00+00:00. Mots-clés : [""La semaine de la création et reprise d'entreprise - ReStart"", ""Création d'entreprise""]."
*** Rencontre avec un Conseiller Entreprise SERVICE A LA PERSONNE***,Vous êtes disponible? Vous recherchez un emploi dans le service à la personne et avez votre CV à jour dans votre espace personnel?,Montpellier,34080 Montpellier,2026-05-26T07:00:00+00:00,2026-05-26T10:00:00+00:00,"[""S'informer"", 'Recrutement', 'Marché du travail']","Titre : *** Rencontre avec un Conseiller Entreprise SERVICE A LA PERSONNE***. Description : Vous êtes disponible? Vous recherchez un emploi dans le service à la personne et avez votre CV à jour dans votre espace personnel?. Lieu : Montpellier, 34080 Montpellier. Date de début : 2026-05-26T07:00:00+00:00. Date de fin : 2026-05-26T10:00:00+00:00. Mots-clés : [""S'informer"", 'Recrutement', 'Marché du travail']."
Les rencontres de la création avec AXENTS,"Vous avez une idée, besoin de conseils ? Depuis 1995, AXENTS favorise l'émergence de projets et le développement de la création d'entreprise dans le département de l'Hérault.",Montpellier,34080 Montpellier,2026-01-07T08:30:00+00:00,2026-01-07T09:00:00+00:00,"[""Création d'entreprise""]","Titre : Les rencontres de la création avec AXENTS. Description : Vous avez une idée, besoin de conseils ? Depuis 1995, AXENTS favorise l'émergence de projets et le développement de la création d'entreprise dans le département de l'Hérault.. Lieu : Montpellier, 34080 Montpellier. Date de début : 2026-01-07T08:30:00+00:00. Date de fin : 2026-01-07T09:00:00+00:00. Mots-clés : [""Création d'entreprise""]."
Les rencontres de la création avec AXENTS,"Vous avez une idée, besoin de conseils ? Depuis 1995, AXENTS favorise l'émergence de projets et le développement de la création d'entreprise dans le département de l'Hérault.",Montpellier,34080 Montpellier,2026-01-07T10:00:00+00:00,2026-01-07T10:30:00+00:00,"[""Création d'entreprise""]","Titre : Les rencontres de la création avec AXENTS. Description : Vous avez une idée, besoin de conseils ? Depuis 1995, AXENTS favorise l'émergence de projets et le développement de la création d'entreprise dans le département de l'Hérault.. Lieu : Montpellier, 34080 Montpellier. Date de début : 2026-01-07T10:00:00+00:00. Date de fin : 2026-01-07T10:30:00+00:00. Mots-clés : [""Création d'entreprise""]."
Les rencontres de la création avec AXENTS,"Vous avez une idée, besoin de conseils ? Depuis 1995, AXENTS favorise l'émergence de projets et le développement de la création d'entreprise dans le département de l'Hérault.",Montpellier,34080 Montpellier,2026-01-07T10:30:00+00:00,2026-01-07T11:00:00+00:00,"[""Création d'entreprise""]","Titre : Les rencontres de la création avec AXENTS. Description : Vous avez une idée, besoin de conseils ? Depuis 1995, AXENTS favorise l'émergence de projets et le développement de la création d'entreprise dans le département de l'Hérault.. Lieu : Montpellier, 34080 Montpellier. Date de début : 2026-01-07T10:30:00+00:00. Date de fin : 2026-01-07T11:00:00+00:00. Mots-clés : [""Création d'entreprise""]."
Les rencontres de la création avec AXENTS,"Vous avez une idée, besoin de conseils ? Depuis 1995, AXENTS favorise l'émergence de projets et le développement de la création d'entreprise dans le département de l'Hérault.",Montpellier,34080 Montpellier,2026-01-14T09:00:00+00:00,2026-01-14T09:30:00+00:00,"[""Création d'entreprise""]","Titre : Les rencontres de la création avec AXENTS. Description : Vous avez une idée, besoin de conseils ? Depuis 1995, AXENTS favorise l'émergence de projets et le développement de la création d'entreprise dans le département de l'Hérault.. Lieu : Montpellier, 34080 Montpellier. Date de début : 2026-01-14T09:00:00+00:00. Date de fin : 2026-01-14T09:30:00+00:00. Mots-clés : [""Création d'entreprise""]."
Les rencontres de la création avec Axents,Axents Montpellier propose accompagnement et formation à la création/reprise d'entreprise,Montpellier,34080 Montpellier,2025-10-01T07:00:00+00:00,2025-10-01T07:30:00+00:00,"['Atelier', ""Création d'entreprise"", 'Se préparer', 'Tout public', 'en physique']","Titre : Les rencontres de la création avec Axents. Description : Axents Montpellier propose accompagnement et formation à la création/reprise d'entreprise. Lieu : Montpellier, 34080 Montpellier. Date de début : 2025-10-01T07:00:00+00:00. Date de fin : 2025-10-01T07:30:00+00:00. Mots-clés : ['Atelier', ""Création d'entreprise"", 'Se préparer', 'Tout public', 'en physique']."
Les rencontres de la création avec Axents,Axents Montpellier propose accompagnement et formation à la création/reprise d'entreprise,Montpellier,34080 Montpellier,2025-10-01T09:30:00+00:00,2025-10-01T10:00:00+00:00,"['Atelier', ""Création d'entreprise"", 'Se préparer', 'Tout public', 'en physique']","Titre : Les rencontres de la création avec Axents. Description : Axents Montpellier propose accompagnement et formation à la création/reprise d'entreprise. Lieu : Montpellier, 34080 Montpellier. Date de début : 2025-10-01T09:30:00+00:00. Date de fin : 2025-10-01T10:00:00+00:00. Mots-clés : ['Atelier', ""Création d'entreprise"", 'Se préparer', 'Tout public', 'en physique']."
Les rencontres de la création avec CitésLab,"Rencontre avec CitésLab CitésLab – Révélateurs de Talents, ce sont d’abord des hommes et des femmes de terrain – les chefs de projets CitésLab.Les chefs de projets CitésLab rencontrent et révèlent...",Montpellier,34080 Montpellier,2025-10-22T09:00:00+00:00,2025-10-22T09:30:00+00:00,"['Atelier', ""Création d'entreprise"", 'Se préparer', 'Tout public', 'en physique']","Titre : Les rencontres de la création avec CitésLab. Description : Rencontre avec CitésLab CitésLab – Révélateurs de Talents, ce sont d’abord des hommes et des femmes de terrain – les chefs de projets CitésLab.Les chefs de projets CitésLab rencontrent et révèlent.... Lieu : Montpellier, 34080 Montpellier. Date de début : 2025-10-22T09:00:00+00:00. Date de fin : 2025-10-22T09:30:00+00:00. Mots-clés : ['Atelier', ""Création d'entreprise"", 'Se préparer', 'Tout public', 'en physique']."
Les rencontres de la création avec Axents,Axents Montpellier propose accompagnement et formation à la création/reprise d'entreprise,Montpellier,34080 Montpellier,2025-11-05T07:30:00+00:00,2025-11-05T08:00:00+00:00,"[""Création d'entreprise"", 'Se préparer']","Titre : Les rencontres de la création avec Axents. Description : Axents Montpellier propose accompagnement et formation à la création/reprise d'entreprise. Lieu : Montpellier, 34080 Montpellier. Date de début : 2025-11-05T07:30:00+00:00. Date de fin : 2025-11-05T08:00:00+00:00. Mots-clés : [""Création d'entreprise"", 'Se préparer']."
Atelier de préparation au salon Handijob 2025- Agence France Travail Montpellier Cévennes,"Atelier de préparation au salon de l'emploi Handijob (Handicap, Emploi et Formation), qui aura lieu le 18/11/2025 de 10h à 15h au Corum de Montpellier.",Montpellier,34080 Montpellier,2025-11-05T13:00:00+00:00,2025-11-05T15:00:00+00:00,"[""Aides à l'emploi"", ""S'informer"", 'Découverte secteur / métier', 'Se préparer']","Titre : Atelier de préparation au salon Handijob 2025- Agence France Travail Montpellier Cévennes. Description : Atelier de préparation au salon de l'emploi Handijob (Handicap, Emploi et Formation), qui aura lieu le 18/11/2025 de 10h à 15h au Corum de Montpellier.. Lieu : Montpellier, 34080 Montpellier. Date de début : 2025-11-05T13:00:00+00:00. Date de fin : 2025-11-05T15:00:00+00:00. Mots-clés : [""Aides à l'emploi"", ""S'informer"", 'Découverte secteur / métier', 'Se préparer']."
Une musique de cirque ?,Soirée d'inauguration AUDITORIUM de l'ATRIUM,Montpellier,"199 Rte de Mende, 34090 Montpellier",2026-01-27T16:30:00+00:00,2026-01-27T20:00:00+00:00,"['alain laurier', 'vincent granger', 'élisabeth gavalda', 'pierre diaz', 'theatre de la palabre']","Titre : Une musique de cirque ?. Description : Soirée d'inauguration AUDITORIUM de l'ATRIUM. Lieu : Montpellier, 199 Rte de Mende, 34090 Montpellier. Date de début : 2026-01-27T16:30:00+00:00. Date de fin : 2026-01-27T20:00:00+00:00. Mots-clés : ['alain laurier', 'vincent granger', 'élisabeth gavalda', 'pierre diaz', 'theatre de la palabre']."
Italie versus Allemagne,Fête de la musique 2025,Montpellier,43 rue de l'Aiguillerie,2025-06-21T14:00:00+00:00,2025-06-21T15:00:00+00:00,,"Titre : Italie versus Allemagne. Description : Fête de la musique 2025. Lieu : Montpellier, 43 rue de l'Aiguillerie. Date de début : 2025-06-21T14:00:00+00:00. Date de fin : 2025-06-21T15:00:00+00:00. Mots-clés : None."
Présentation des jardins de Flaugergues par Brigitte de Colbert,"À l’occasion du 330e anniversaire de la fondation du domaine par Étienne de Flaugergues en 1696, une visite exceptionnelle, conduite par Brigitte de Colbert, permettra d’évoquer les travaux et les le…",Montpellier,"1744 Avenue Albert Einstein, 34000 Montpellier, France",2026-06-07T09:00:00+00:00,2026-06-07T10:00:00+00:00,,"Titre : Présentation des jardins de Flaugergues par Brigitte de Colbert. Description : À l’occasion du 330e anniversaire de la fondation du domaine par Étienne de Flaugergues en 1696, une visite exceptionnelle, conduite par Brigitte de Colbert, permettra d’évoquer les travaux et les le…. Lieu : Montpellier, 1744 Avenue Albert Einstein, 34000 Montpellier, France. Date de début : 2026-06-07T09:00:00+00:00. Date de fin : 2026-06-07T10:00:00+00:00. Mots-clés : None."
Concert GospelSystem,Fête de la musique 2026,Montpellier,place paul bec Montpellier,2026-06-21T06:00:00+00:00,2026-06-21T21:00:00+00:00,,"Titre : Concert GospelSystem. Description : Fête de la musique 2026. Lieu : Montpellier, place paul bec Montpellier. Date de début : 2026-06-21T06:00:00+00:00. Date de fin : 2026-06-21T21:00:00+00:00. Mots-clés : None."
Vraiment ?,"Programmé au festival les Paillotes organisé par le JAM, la metteuse en scène et comédienne Gabrielle Gonzalez présente sa dernière pièce ""Vraiment ?"" dans le jardin du JAM le vendredi 23 mai à 19h.",Montpellier,"100 Rue Ferdinand de Lesseps, 34070 Montpellier",2025-05-23T17:00:00+00:00,2025-05-23T17:30:00+00:00,"['théâtre', 'Montpellier', 'masque', 'rumeurs', 'réseaux sociaux', 'désinformation']","Titre : Vraiment ?. Description : Programmé au festival les Paillotes organisé par le JAM, la metteuse en scène et comédienne Gabrielle Gonzalez présente sa dernière pièce ""Vraiment ?"" dans le jardin du JAM le vendredi 23 mai à 19h.. Lieu : Montpellier, 100 Rue Ferdinand de Lesseps, 34070 Montpellier. Date de début : 2025-05-23T17:00:00+00:00. Date de fin : 2025-05-23T17:30:00+00:00. Mots-clés : ['théâtre', 'Montpellier', 'masque', 'rumeurs', 'réseaux sociaux', 'désinformation']."
IN SITU | De la Mosson à la Paillade,"Balade urbaine et paysagère du quartier de la Mosson, en pleine mutation, menée par les acteurs de sa transformation urbaine.",Montpellier,34080 Montpellier,2025-05-17T07:45:00+00:00,2025-05-17T10:30:00+00:00,"['visite', 'architecture', 'occitanie', 'montpellier', 'découverte', 'balade', 'patrimoine', 'rénovation urbaine', 'transformation', 'paysage', 'in situ']","Titre : IN SITU | De la Mosson à la Paillade. Description : Balade urbaine et paysagère du quartier de la Mosson, en pleine mutation, menée par les acteurs de sa transformation urbaine.. Lieu : Montpellier, 34080 Montpellier. Date de début : 2025-05-17T07:45:00+00:00. Date de fin : 2025-05-17T10:30:00+00:00. Mots-clés : ['visite', 'architecture', 'occitanie', 'montpellier', 'découverte', 'balade', 'patrimoine', 'rénovation urbaine', 'transformation', 'paysage', 'in situ']."
"Conférence gesticulée : Max Rouquette, homme de théâtre",🎭 Hommage à Max Rouquette – Conférence gesticulée,Montpellier,"2 ter rue Saint-Pierre, 34062 Montpellier",2025-09-20T12:00:00+00:00,2025-09-20T15:00:00+00:00,,"Titre : Conférence gesticulée : Max Rouquette, homme de théâtre. Description : 🎭 Hommage à Max Rouquette – Conférence gesticulée. Lieu : Montpellier, 2 ter rue Saint-Pierre, 34062 Montpellier. Date de début : 2025-09-20T12:00:00+00:00. Date de fin : 2025-09-20T15:00:00+00:00. Mots-clés : None."
NQT pour l'égalité vers l'emploi,"Le mentorat professionnel est un outil de développement professionnel et personnel. C’est le partage de l’ expérience et du réseau entre un professionnel en activité, engagé volontairement et bénévole",Montpellier,34080 Montpellier,2025-09-16T08:00:00+00:00,2025-09-16T10:00:00+00:00,"[""Aides à l'emploi"", 'Se préparer', 'Marché du travail', ""S'informer""]","Titre : NQT pour l'égalité vers l'emploi. Description : Le mentorat professionnel est un outil de développement professionnel et personnel. C’est le partage de l’ expérience et du réseau entre un professionnel en activité, engagé volontairement et bénévole. Lieu : Montpellier, 34080 Montpellier. Date de début : 2025-09-16T08:00:00+00:00. Date de fin : 2025-09-16T10:00:00+00:00. Mots-clés : [""Aides à l'emploi"", 'Se préparer', 'Marché du travail', ""S'informer""]."
MARKETHON EDITION 2025,"Descriptif de l’événement pour l’information collective :Participez au Markethon de l’emploi – Montpellier, édition 2025 : une journée solidaire de recherche d’emploi ouverte à tous les demandeurs d’",Montpellier,34080 Montpellier,2025-09-16T08:30:00+00:00,2025-09-16T10:00:00+00:00,"['Uniques', '#TousEnImmersion', '#TousMobilisés', ""Aides à l'emploi""]","Titre : MARKETHON EDITION 2025. Description : Descriptif de l’événement pour l’information collective :Participez au Markethon de l’emploi – Montpellier, édition 2025 : une journée solidaire de recherche d’emploi ouverte à tous les demandeurs d’. Lieu : Montpellier, 34080 Montpellier. Date de début : 2025-09-16T08:30:00+00:00. Date de fin : 2025-09-16T10:00:00+00:00. Mots-clés : ['Uniques', '#TousEnImmersion', '#TousMobilisés', ""Aides à l'emploi""]."
Les rencontres de la création avec L'ADIE et CitésLab,"Rencontre avec CitésLab CitésLab - Révélateurs de Talents, ce sont d'abord des hommes et des femmes de terrain - les chefs de projets CitésLab. Les chefs de projets CitésLab rencontrent et révèlen...",Montpellier,34080 Montpellier,2025-09-10T07:00:00+00:00,2025-09-10T07:30:00+00:00,"['Atelier', ""Création d'entreprise"", 'Se préparer', 'Tout public', 'en physique']","Titre : Les rencontres de la création avec L'ADIE et CitésLab. Description : Rencontre avec CitésLab CitésLab - Révélateurs de Talents, ce sont d'abord des hommes et des femmes de terrain - les chefs de projets CitésLab. Les chefs de projets CitésLab rencontrent et révèlen.... Lieu : Montpellier, 34080 Montpellier. Date de début : 2025-09-10T07:00:00+00:00. Date de fin : 2025-09-10T07:30:00+00:00. Mots-clés : ['Atelier', ""Création d'entreprise"", 'Se préparer', 'Tout public', 'en physique']."
Visite guidée des anciennes cliniques Saint-Charles,"La chapelle Saint-Charles vous accueille pour des visites guidées retraçant l'histoire de ce lieu unique. Érigé entre 1932 et 1939 dans le but d'étendre le complexe voisin de Saint-Charles, cet hôpit…",Montpellier,"153 Av. Saint-Charles, 34090 Montpellier",2025-09-20T08:00:00+00:00,2025-09-20T15:45:00+00:00,,"Titre : Visite guidée des anciennes cliniques Saint-Charles. Description : La chapelle Saint-Charles vous accueille pour des visites guidées retraçant l'histoire de ce lieu unique. Érigé entre 1932 et 1939 dans le but d'étendre le complexe voisin de Saint-Charles, cet hôpit…. Lieu : Montpellier, 153 Av. Saint-Charles, 34090 Montpellier. Date de début : 2025-09-20T08:00:00+00:00. Date de fin : 2025-09-20T15:45:00+00:00. Mots-clés : None."
Visite guidée d’ICI - Centre chorégraphique national Montpellier Occitanie,Visite guidée d'ICI—Centre chorégraphique national Montpellier Occitanie par un·e membre de l’équipe : un lieu dédié à la danse contemporaine. Situé dans l'ancien Couvent des Ursulines datant du XVe …,Montpellier,"Boulevard Louis Blanc, 34000 Montpellier",2025-09-20T12:00:00+00:00,2025-09-21T14:45:00+00:00,,"Titre : Visite guidée d’ICI - Centre chorégraphique national Montpellier Occitanie. Description : Visite guidée d'ICI—Centre chorégraphique national Montpellier Occitanie par un·e membre de l’équipe : un lieu dédié à la danse contemporaine. Situé dans l'ancien Couvent des Ursulines datant du XVe …. Lieu : Montpellier, Boulevard Louis Blanc, 34000 Montpellier. Date de début : 2025-09-20T12:00:00+00:00. Date de fin : 2025-09-21T14:45:00+00:00. Mots-clés : None."
Visite libre de l'église Saint-Matthieu,⛪ Visite libre de l’église Saint-Matthieu,Montpellier,"5 Rue Germain, 34000 Montpellier",2025-09-20T13:00:00+00:00,2025-09-21T15:00:00+00:00,,"Titre : Visite libre de l'église Saint-Matthieu. Description : ⛪ Visite libre de l’église Saint-Matthieu. Lieu : Montpellier, 5 Rue Germain, 34000 Montpellier. Date de début : 2025-09-20T13:00:00+00:00. Date de fin : 2025-09-21T15:00:00+00:00. Mots-clés : None."
NQT Nos Quartiers Ont du Talent,"Vous avez moins de 30 ans, avez un niveau Bac 3 ou plus ?",Montpellier,34080 Montpellier,2026-04-22T08:00:00+00:00,2026-04-22T10:00:00+00:00,"['Marché du travail', ""S'informer""]","Titre : NQT Nos Quartiers Ont du Talent. Description : Vous avez moins de 30 ans, avez un niveau Bac 3 ou plus ?. Lieu : Montpellier, 34080 Montpellier. Date de début : 2026-04-22T08:00:00+00:00. Date de fin : 2026-04-22T10:00:00+00:00. Mots-clés : ['Marché du travail', ""S'informer""]."
Nuit des écrivains,"Lydie Salvayre, Thomas clerc, Hélène Couturier, Paul Audi, Marie-Hélène Lafon et Jakuta Alikavazovic sont les 6 auteurs invités par le musée et la comédie du Livre pour une carte blanche et écrire un…",Montpellier,"39 Boulevard de Bonnes Nouvelles, 34000 Montpellier, France",2026-05-23T17:30:00+00:00,2026-05-23T20:30:00+00:00,,"Titre : Nuit des écrivains. Description : Lydie Salvayre, Thomas clerc, Hélène Couturier, Paul Audi, Marie-Hélène Lafon et Jakuta Alikavazovic sont les 6 auteurs invités par le musée et la comédie du Livre pour une carte blanche et écrire un…. Lieu : Montpellier, 39 Boulevard de Bonnes Nouvelles, 34000 Montpellier, France. Date de début : 2026-05-23T17:30:00+00:00. Date de fin : 2026-05-23T20:30:00+00:00. Mots-clés : None."
Opéra Orchestre national de Montpellier,Visites libres de l’Opéra Comédie - Journée portes ouvertes,Montpellier,"Place de la Comédie, Montpellier",2025-05-10T07:30:00+00:00,2025-05-11T15:00:00+00:00,"['visitelibre', 'patrimoine']","Titre : Opéra Orchestre national de Montpellier. Description : Visites libres de l’Opéra Comédie - Journée portes ouvertes. Lieu : Montpellier, Place de la Comédie, Montpellier. Date de début : 2025-05-10T07:30:00+00:00. Date de fin : 2025-05-11T15:00:00+00:00. Mots-clés : ['visitelibre', 'patrimoine']."
Grand spectacle organisé par l'École Cadence aux Arceaux,Fête de la musique 2025,Montpellier,Boulevard des arceaux Montpellier,2025-06-21T15:30:00+00:00,2025-06-21T16:30:00+00:00,,"Titre : Grand spectacle organisé par l'École Cadence aux Arceaux. Description : Fête de la musique 2025. Lieu : Montpellier, Boulevard des arceaux Montpellier. Date de début : 2025-06-21T15:30:00+00:00. Date de fin : 2025-06-21T16:30:00+00:00. Mots-clés : None."
Journée portes ouvertes avec Appart'City Montpellier Millénaire (34070),Glissez-vous dans la peau d'un hôtelier ! 🔑 Explorez les secrets de nos métiers et vivez une immersion unique en coulisses avec Appart'City le 02/02/2026. Prêts pour l'aventure ? Rejoignez-nous !,Montpellier,418 rue du mas de verchant 34000 Montpellier,2026-02-02T09:00:00+00:00,2026-02-02T15:00:00+00:00,"[""appart'city"", ""Appart'City"", 'Hôtellerie', ""Appart'Hôtels"", 'Réception', 'Réceptionniste', 'Ménage', 'Valet', 'Femme de chambre', 'Proprété', 'Semaine des métiers du tourisme', 'SMT', 'Montpellier', 'Hérault', 'Occitanie']","Titre : Journée portes ouvertes avec Appart'City Montpellier Millénaire (34070). Description : Glissez-vous dans la peau d'un hôtelier ! 🔑 Explorez les secrets de nos métiers et vivez une immersion unique en coulisses avec Appart'City le 02/02/2026. Prêts pour l'aventure ? Rejoignez-nous !. Lieu : Montpellier, 418 rue du mas de verchant 34000 Montpellier. Date de début : 2026-02-02T09:00:00+00:00. Date de fin : 2026-02-02T15:00:00+00:00. Mots-clés : [""appart'city"", ""Appart'City"", 'Hôtellerie', ""Appart'Hôtels"", 'Réception', 'Réceptionniste', 'Ménage', 'Valet', 'Femme de chambre', 'Proprété', 'Semaine des métiers du tourisme', 'SMT', 'Montpellier', 'Hérault', 'Occitanie']."
Café Odoo Montpellier,Vous utilisez Odoo ou vous souhaitez en savoir plus sur cet ERP ? Vous avez un projet en cours ou simplement envie d’échanger avec un expert ? Ne manquez pas notre événement !,Montpellier,7 Rue de l'Abrivado 34000 Montpellier,2025-05-15T07:00:00+00:00,2025-05-15T15:00:00+00:00,,"Titre : Café Odoo Montpellier. Description : Vous utilisez Odoo ou vous souhaitez en savoir plus sur cet ERP ? Vous avez un projet en cours ou simplement envie d’échanger avec un expert ? Ne manquez pas notre événement !. Lieu : Montpellier, 7 Rue de l'Abrivado 34000 Montpellier. Date de début : 2025-05-15T07:00:00+00:00. Date de fin : 2025-05-15T15:00:00+00:00. Mots-clés : None."
Vraiment ?,"La metteuse en scène et comédienne Gabrielle Gonzalez présente sa dernière pièce ""Vraiment ?"" le samedi 24 mai à 17h à la médiathèque Garcia Lorca de Montpellier.",Montpellier,162 avenue de Palavas 34070 Montpellier,2025-05-24T15:00:00+00:00,2025-05-24T15:30:00+00:00,"['théâtre', 'Montpellier', 'masque', 'rumeurs', 'réseaux sociaux', 'désinformation']","Titre : Vraiment ?. Description : La metteuse en scène et comédienne Gabrielle Gonzalez présente sa dernière pièce ""Vraiment ?"" le samedi 24 mai à 17h à la médiathèque Garcia Lorca de Montpellier.. Lieu : Montpellier, 162 avenue de Palavas 34070 Montpellier. Date de début : 2025-05-24T15:00:00+00:00. Date de fin : 2025-05-24T15:30:00+00:00. Mots-clés : ['théâtre', 'Montpellier', 'masque', 'rumeurs', 'réseaux sociaux', 'désinformation']."
Elles bougent le transport : Découvrez un secteur dynamique et plein d'opportunités !,"Mesdames, osez !",Montpellier,34000 Montpellier,2026-04-14T12:00:00+00:00,2026-04-14T14:30:00+00:00,"['Journée Internationale des droits des femmes', 'Métiers du transport et de la logistique', 'Marché du travail', 'Découverte secteur / métier', 'Recrutement']","Titre : Elles bougent le transport : Découvrez un secteur dynamique et plein d'opportunités !. Description : Mesdames, osez !. Lieu : Montpellier, 34000 Montpellier. Date de début : 2026-04-14T12:00:00+00:00. Date de fin : 2026-04-14T14:30:00+00:00. Mots-clés : ['Journée Internationale des droits des femmes', 'Métiers du transport et de la logistique', 'Marché du travail', 'Découverte secteur / métier', 'Recrutement']."
Atelier Sénior 360,"Vous avez 50 ans et plus ? Faites le point sur votre situation, votre parcours et vos besoins.",Montpellier,34080 Montpellier,2026-04-20T12:00:00+00:00,2026-04-20T14:00:00+00:00,"['Mobilisation 50 ans et plus', ""S'informer"", 'Marché du travail']","Titre : Atelier Sénior 360. Description : Vous avez 50 ans et plus ? Faites le point sur votre situation, votre parcours et vos besoins.. Lieu : Montpellier, 34080 Montpellier. Date de début : 2026-04-20T12:00:00+00:00. Date de fin : 2026-04-20T14:00:00+00:00. Mots-clés : ['Mobilisation 50 ans et plus', ""S'informer"", 'Marché du travail']."
Les rencontres de la création avec ADIE,"Rencontre avec ADIE : L'Adie, c'est l'association qui finance votre entreprise et vous accompagne tout au long de votre projet. Un crédit et des conseils pour me lancer.",Montpellier,34080 Montpellier,2025-12-10T10:30:00+00:00,2025-12-10T11:00:00+00:00,"['Se préparer', ""Création d'entreprise""]","Titre : Les rencontres de la création avec ADIE. Description : Rencontre avec ADIE : L'Adie, c'est l'association qui finance votre entreprise et vous accompagne tout au long de votre projet. Un crédit et des conseils pour me lancer.. Lieu : Montpellier, 34080 Montpellier. Date de début : 2025-12-10T10:30:00+00:00. Date de fin : 2025-12-10T11:00:00+00:00. Mots-clés : ['Se préparer', ""Création d'entreprise""]."
Ce qu’il reste de nous de Cherien Dabis,Rencontre avec la réalisatrice,Montpellier,"5, rue de Verdun, Montpellier",2026-03-08T17:00:00+00:00,2026-03-08T20:00:00+00:00,"['Diagonal-Capitole', 'Ce qu’il reste de nous de Cherien Dabis']","Titre : Ce qu’il reste de nous de Cherien Dabis. Description : Rencontre avec la réalisatrice. Lieu : Montpellier, 5, rue de Verdun, Montpellier. Date de début : 2026-03-08T17:00:00+00:00. Date de fin : 2026-03-08T20:00:00+00:00. Mots-clés : ['Diagonal-Capitole', 'Ce qu’il reste de nous de Cherien Dabis']."
New-York Miami de Frank Capra,Séance unique,Montpellier,"5, rue de Verdun, Montpellier",2026-04-06T11:30:00+00:00,2026-04-06T14:30:00+00:00,"['Diagonal-Capitole', 'New-York Miami de Frank Capra']","Titre : New-York Miami de Frank Capra. Description : Séance unique. Lieu : Montpellier, 5, rue de Verdun, Montpellier. Date de début : 2026-04-06T11:30:00+00:00. Date de fin : 2026-04-06T14:30:00+00:00. Mots-clés : ['Diagonal-Capitole', 'New-York Miami de Frank Capra']."
Samuel au Diago,Séances,Montpellier,"5, rue de Verdun, Montpellier",2026-05-04T22:00:00+00:00,2026-05-05T01:00:00+00:00,"['Diagonal-Capitole', 'Samuel au Diago']","Titre : Samuel au Diago. Description : Séances. Lieu : Montpellier, 5, rue de Verdun, Montpellier. Date de début : 2026-05-04T22:00:00+00:00. Date de fin : 2026-05-05T01:00:00+00:00. Mots-clés : ['Diagonal-Capitole', 'Samuel au Diago']."
CONTRAT D'APPRENTISSAGE CONSEILLER(.ERE) DE VENTE MONTPELLIER SPECIFIQUE PERSONNE EN SITUATION DE HANDICAP EN PARTENARIAT CAP EMPLOI ET IRFA,REUNION D'INFORMATION COLLECTIVE POUR RECRUTEMENT CONTRAT D'APPRENTISSAGE PERSONNE EN SITUATION DE HANDICAP EN VUE DU TITRE PROFESSIONNEL DE NIVEAU 4 (BAC) DE CONSEILLER/ERE DE VENTE - CDD 12 MOIS 35H,Montpellier,34080 Montpellier,2026-06-02T07:00:00+00:00,2026-06-02T10:29:00+00:00,"[""S'informer"", 'Recrutement', 'Découverte secteur / métier', 'Découverte formation', 'Insertion']","Titre : CONTRAT D'APPRENTISSAGE CONSEILLER(.ERE) DE VENTE MONTPELLIER SPECIFIQUE PERSONNE EN SITUATION DE HANDICAP EN PARTENARIAT CAP EMPLOI ET IRFA. Description : REUNION D'INFORMATION COLLECTIVE POUR RECRUTEMENT CONTRAT D'APPRENTISSAGE PERSONNE EN SITUATION DE HANDICAP EN VUE DU TITRE PROFESSIONNEL DE NIVEAU 4 (BAC) DE CONSEILLER/ERE DE VENTE - CDD 12 MOIS 35H. Lieu : Montpellier, 34080 Montpellier. Date de début : 2026-06-02T07:00:00+00:00. Date de fin : 2026-06-02T10:29:00+00:00. Mots-clés : [""S'informer"", 'Recrutement', 'Découverte secteur / métier', 'Découverte formation', 'Insertion']."
Devenez Adjoint Responsable de Magasin,Vous avec une expérience dans la vente/Commerce ou êtes titulaire d'un diplôme dans le secteur:La grande distribution recrute activement et offre de réelles perspectives d'évolution. Montez en com...,Montpellier,34090 Montpellier,2025-09-12T09:00:00+00:00,2025-09-12T10:30:00+00:00,"[""Réunion d'information"", 'Espaces formation', 'Découverte formation', 'Se préparer', 'Découverte secteur / métier', 'Tout public', 'Formation assurée', 'Formation financée', 'Se diplômer', ""Opportunité d'emploi"", 'à distance']","Titre : Devenez Adjoint Responsable de Magasin. Description : Vous avec une expérience dans la vente/Commerce ou êtes titulaire d'un diplôme dans le secteur:La grande distribution recrute activement et offre de réelles perspectives d'évolution. Montez en com.... Lieu : Montpellier, 34090 Montpellier. Date de début : 2025-09-12T09:00:00+00:00. Date de fin : 2025-09-12T10:30:00+00:00. Mots-clés : [""Réunion d'information"", 'Espaces formation', 'Découverte formation', 'Se préparer', 'Découverte secteur / métier', 'Tout public', 'Formation assurée', 'Formation financée', 'Se diplômer', ""Opportunité d'emploi"", 'à distance']."
Les rencontres de la création avec L'ADIE et Axents,"Adie finance et accompagne les entrepreneurs dans la création et le développement de leur activité, même sans capital ni diplôme Axents Montpellier propose accompagnement et formation à la créatio...",Montpellier,34080 Montpellier,2025-09-24T09:00:00+00:00,2025-09-24T09:30:00+00:00,"['Atelier', 'Se préparer', ""Création d'entreprise"", 'Tout public', 'en physique']","Titre : Les rencontres de la création avec L'ADIE et Axents. Description : Adie finance et accompagne les entrepreneurs dans la création et le développement de leur activité, même sans capital ni diplôme Axents Montpellier propose accompagnement et formation à la créatio.... Lieu : Montpellier, 34080 Montpellier. Date de début : 2025-09-24T09:00:00+00:00. Date de fin : 2025-09-24T09:30:00+00:00. Mots-clés : ['Atelier', 'Se préparer', ""Création d'entreprise"", 'Tout public', 'en physique']."
Les rencontres de la création avec CitésLab,"Rencontre avec CitésLab CitésLab - Révélateurs de Talents, ce sont d'abord des hommes et des femmes de terrain - les chefs de projets CitésLab.",Montpellier,34080 Montpellier,2025-11-17T07:00:00+00:00,2025-11-17T07:30:00+00:00,"['Se préparer', ""Création d'entreprise""]","Titre : Les rencontres de la création avec CitésLab. Description : Rencontre avec CitésLab CitésLab - Révélateurs de Talents, ce sont d'abord des hommes et des femmes de terrain - les chefs de projets CitésLab.. Lieu : Montpellier, 34080 Montpellier. Date de début : 2025-11-17T07:00:00+00:00. Date de fin : 2025-11-17T07:30:00+00:00. Mots-clés : ['Se préparer', ""Création d'entreprise""]."
CINEMED 2025 / AU NOM DU PEUPLE ITALIEN - Rétro Dino Risi,Séance mercredi 22 octobre à 17h30,Montpellier,"2, rue Marcellin Albert, Montpellier",2025-10-22T15:30:00+00:00,2025-10-22T17:00:00+00:00,"['Cinéma Nestor Burma', 'DINO RISI', 'CINEMED', 'RÉTROSPECTIVE DINO RISI Festival CINEMED 2025', 'AU NOM DU PEUPLE ITALIEN']","Titre : CINEMED 2025 / AU NOM DU PEUPLE ITALIEN - Rétro Dino Risi. Description : Séance mercredi 22 octobre à 17h30. Lieu : Montpellier, 2, rue Marcellin Albert, Montpellier. Date de début : 2025-10-22T15:30:00+00:00. Date de fin : 2025-10-22T17:00:00+00:00. Mots-clés : ['Cinéma Nestor Burma', 'DINO RISI', 'CINEMED', 'RÉTROSPECTIVE DINO RISI Festival CINEMED 2025', 'AU NOM DU PEUPLE ITALIEN']."
SEMAINE DE LA PAIX / LE GARÇON ET LE MONDE,Mercredi 24 septembre à 16h30 dans le cadre de la SEMAINE DE LA PAIX en partenariat avec Odette Louise Séance accompagnée par Martine Ragonnet du Mouvement de la Paix à Montpellier,Montpellier,"2, rue Marcellin Albert, Montpellier",2025-09-24T14:30:00+00:00,2025-09-24T16:00:00+00:00,"['LE GARÇON ET LE MONDE', 'Alê Abreu', 'SEMAINE DE LA PAIX', 'Odette Louise', 'Cristal Annecy 2014', 'cinema nestor Burma', 'Mouvement de la Paix']","Titre : SEMAINE DE LA PAIX / LE GARÇON ET LE MONDE. Description : Mercredi 24 septembre à 16h30 dans le cadre de la SEMAINE DE LA PAIX en partenariat avec Odette Louise Séance accompagnée par Martine Ragonnet du Mouvement de la Paix à Montpellier. Lieu : Montpellier, 2, rue Marcellin Albert, Montpellier. Date de début : 2025-09-24T14:30:00+00:00. Date de fin : 2025-09-24T16:00:00+00:00. Mots-clés : ['LE GARÇON ET LE MONDE', 'Alê Abreu', 'SEMAINE DE LA PAIX', 'Odette Louise', 'Cristal Annecy 2014', 'cinema nestor Burma', 'Mouvement de la Paix']."
CINÉ-RENCONTRE / LUTTOPIA,"CINÉ-RENCONTRE / mardi 10 juin à 20h30 Séance en présence de Gwendal Lasne, directrice de l’association LUTTOPIA et de Guillaume Tricard, réalisateur",Montpellier,"2, rue Marcellin Albert, Montpellier",2025-06-10T18:30:00+00:00,2025-06-10T20:30:00+00:00,"['LUTTOPIA', 'Guillaume Tricard', 'Gwendal Lasne']","Titre : CINÉ-RENCONTRE / LUTTOPIA. Description : CINÉ-RENCONTRE / mardi 10 juin à 20h30 Séance en présence de Gwendal Lasne, directrice de l’association LUTTOPIA et de Guillaume Tricard, réalisateur. Lieu : Montpellier, 2, rue Marcellin Albert, Montpellier. Date de début : 2025-06-10T18:30:00+00:00. Date de fin : 2025-06-10T20:30:00+00:00. Mots-clés : ['LUTTOPIA', 'Guillaume Tricard', 'Gwendal Lasne']."
FESTIVAL L’ILLUMINÉ / CINÉ-ATELIER / ARCO,Dimanche 30 novembre à 14h15,Montpellier,"2, rue Marcellin Albert",2025-11-30T13:15:00+00:00,2025-11-30T15:00:00+00:00,"['Cinéma municipal Nestor Burma', 'Hugo Bienvenu', 'ARCO', 'Animation Light Painting']","Titre : FESTIVAL L’ILLUMINÉ / CINÉ-ATELIER / ARCO. Description : Dimanche 30 novembre à 14h15. Lieu : Montpellier, 2, rue Marcellin Albert. Date de début : 2025-11-30T13:15:00+00:00. Date de fin : 2025-11-30T15:00:00+00:00. Mots-clés : ['Cinéma municipal Nestor Burma', 'Hugo Bienvenu', 'ARCO', 'Animation Light Painting']."
"Paroles d’expert n°39 ""L’attention à l’autre pour refaire société""","Discussions sur l’urbanisme favorable à la santé avec Yoann Sportouch, urbaniste, philosophe et auteur du livre ""Pour un urbanisme du care"".",Montpellier,"19 rue Saint-Louis, 34000 Montpellier",2025-10-16T16:30:00+00:00,2025-10-16T18:00:00+00:00,,"Titre : Paroles d’expert n°39 ""L’attention à l’autre pour refaire société"". Description : Discussions sur l’urbanisme favorable à la santé avec Yoann Sportouch, urbaniste, philosophe et auteur du livre ""Pour un urbanisme du care"".. Lieu : Montpellier, 19 rue Saint-Louis, 34000 Montpellier. Date de début : 2025-10-16T16:30:00+00:00. Date de fin : 2025-10-16T18:00:00+00:00. Mots-clés : None."
Mai à Vélo 2026,Faites parcourir à votre communauté le plus de kilomètres au mois de mai !,Montpellier,240 AVENUE DU PROFESSEUR EMILE JEANBRAU 34090 MONTPELLIER,2026-04-30T22:00:00+00:00,2026-05-31T21:59:59+00:00,['challenge-id=201975'],"Titre : Mai à Vélo 2026. Description : Faites parcourir à votre communauté le plus de kilomètres au mois de mai !. Lieu : Montpellier, 240 AVENUE DU PROFESSEUR EMILE JEANBRAU 34090 MONTPELLIER. Date de début : 2026-04-30T22:00:00+00:00. Date de fin : 2026-05-31T21:59:59+00:00. Mots-clés : ['challenge-id=201975']."
Mai à Vélo 2026,Faites parcourir à votre communauté le plus de kilomètres au mois de mai !,Montpellier,"125 Rue Léon Trotski, 34078 Montpellier, France",2026-04-30T22:00:00+00:00,2026-05-31T21:59:59+00:00,['challenge-id=211881'],"Titre : Mai à Vélo 2026. Description : Faites parcourir à votre communauté le plus de kilomètres au mois de mai !. Lieu : Montpellier, 125 Rue Léon Trotski, 34078 Montpellier, France. Date de début : 2026-04-30T22:00:00+00:00. Date de fin : 2026-05-31T21:59:59+00:00. Mots-clés : ['challenge-id=211881']."
Grande balade à Sète,"RV 9h30 place de la Comédie à Montpellier et possibilité de récupèrer du monde sur la route, voir tracé. Pique-nique (sorti du sac) le midi à Sète.",Montpellier,"Place de la comédie, Montpellier",2026-05-02T07:30:00+00:00,2026-05-02T15:00:00+00:00,,"Titre : Grande balade à Sète. Description : RV 9h30 place de la Comédie à Montpellier et possibilité de récupèrer du monde sur la route, voir tracé. Pique-nique (sorti du sac) le midi à Sète.. Lieu : Montpellier, Place de la comédie, Montpellier. Date de début : 2026-05-02T07:30:00+00:00. Date de fin : 2026-05-02T15:00:00+00:00. Mots-clés : None."
Mai à Vélo 2026,Faites parcourir à votre communauté le plus de kilomètres au mois de mai !,Montpellier,"1000 Avenue Agropolis, 34090 Montpellier",2026-04-30T22:00:00+00:00,2026-05-31T21:59:59+00:00,['challenge-id=212773'],"Titre : Mai à Vélo 2026. Description : Faites parcourir à votre communauté le plus de kilomètres au mois de mai !. Lieu : Montpellier, 1000 Avenue Agropolis, 34090 Montpellier. Date de début : 2026-04-30T22:00:00+00:00. Date de fin : 2026-05-31T21:59:59+00:00. Mots-clés : ['challenge-id=212773']."
Mai à Vélo 2026,Faites parcourir à votre communauté le plus de kilomètres au mois de mai !,Montpellier,"140 Rue Robert Koch, 34185 Montpellier, France",2026-04-30T22:00:00+00:00,2026-05-31T21:59:59+00:00,['challenge-id=212778'],"Titre : Mai à Vélo 2026. Description : Faites parcourir à votre communauté le plus de kilomètres au mois de mai !. Lieu : Montpellier, 140 Rue Robert Koch, 34185 Montpellier, France. Date de début : 2026-04-30T22:00:00+00:00. Date de fin : 2026-05-31T21:59:59+00:00. Mots-clés : ['challenge-id=212778']."
Mai à Vélo 2026,Faites parcourir à votre communauté le plus de kilomètres au mois de mai !,Montpellier,"[3.841360, 43.634940]",2026-04-30T22:00:00+00:00,2026-05-31T21:59:59+00:00,['challenge-id=213216'],"Titre : Mai à Vélo 2026. Description : Faites parcourir à votre communauté le plus de kilomètres au mois de mai !. Lieu : Montpellier, [3.841360, 43.634940]. Date de début : 2026-04-30T22:00:00+00:00. Date de fin : 2026-05-31T21:59:59+00:00. Mots-clés : ['challenge-id=213216']."
"Cycle Où je vais dormir ? : Ciné-débat ""Habitat intercalaire""","Ciné-débat autour de l'habitat intercalaire à Montpellier dans le cadre du cycle ""Où je vais dormir ?""",Montpellier,"416, Le Grand Mail 34080 Montpellier",2025-06-02T16:00:00+00:00,2025-06-02T19:00:00+00:00,"['débat', 'cinéma', 'projection', 'ciné-débat', 'rencontre', 'habitat', 'logement', 'architecture', 'urbanisme', 'ville', 'intercalaire', ""logement d'urgence""]","Titre : Cycle Où je vais dormir ? : Ciné-débat ""Habitat intercalaire"". Description : Ciné-débat autour de l'habitat intercalaire à Montpellier dans le cadre du cycle ""Où je vais dormir ?"". Lieu : Montpellier, 416, Le Grand Mail 34080 Montpellier. Date de début : 2025-06-02T16:00:00+00:00. Date de fin : 2025-06-02T19:00:00+00:00. Mots-clés : ['débat', 'cinéma', 'projection', 'ciné-débat', 'rencontre', 'habitat', 'logement', 'architecture', 'urbanisme', 'ville', 'intercalaire', ""logement d'urgence""]."
Visite de la CRC Occitanie,Dans la peau des magistrats et des vérificateurs,Montpellier,500 avenue des Etats du Languedoc 34064 Montpellier,2025-09-20T07:00:00+00:00,2025-09-20T15:00:00+00:00,,"Titre : Visite de la CRC Occitanie. Description : Dans la peau des magistrats et des vérificateurs. Lieu : Montpellier, 500 avenue des Etats du Languedoc 34064 Montpellier. Date de début : 2025-09-20T07:00:00+00:00. Date de fin : 2025-09-20T15:00:00+00:00. Mots-clés : None."
"Visite commentée : « Correspondances, Max Rouquette et les artistes du musée Fabre »",📖 Hommage à Max Rouquette – 20 ans après sa disparition,Montpellier,"39 Boulevard de Bonnes Nouvelles, 34000 Montpellier, France",2025-09-20T12:00:00+00:00,2025-09-21T15:15:00+00:00,,"Titre : Visite commentée : « Correspondances, Max Rouquette et les artistes du musée Fabre ». Description : 📖 Hommage à Max Rouquette – 20 ans après sa disparition. Lieu : Montpellier, 39 Boulevard de Bonnes Nouvelles, 34000 Montpellier, France. Date de début : 2025-09-20T12:00:00+00:00. Date de fin : 2025-09-21T15:15:00+00:00. Mots-clés : None."
"Petites bêtes, visite famille pour les 2 à 5 ans",🐞 Petites Bêtes – Visite famille (2-5 ans),Montpellier,"39 Boulevard de Bonnes Nouvelles, 34000 Montpellier, France",2025-09-20T09:15:00+00:00,2025-09-21T09:45:00+00:00,,"Titre : Petites bêtes, visite famille pour les 2 à 5 ans. Description : 🐞 Petites Bêtes – Visite famille (2-5 ans). Lieu : Montpellier, 39 Boulevard de Bonnes Nouvelles, 34000 Montpellier, France. Date de début : 2025-09-20T09:15:00+00:00. Date de fin : 2025-09-21T09:45:00+00:00. Mots-clés : None."
Visite guidée : La comédie d'hier et d'aujourd'hui,La place de la Comédie et l’Esplanade Charles de Gaulle sont actuellement en travaux avant de dévoiler leurs nouveaux visages en 2025. L’office de tourisme profite de cette actualité pour vous propos…,Montpellier,"place de la Comédie, 34062 Montpellier",2025-09-21T08:00:00+00:00,2025-09-21T10:00:00+00:00,,"Titre : Visite guidée : La comédie d'hier et d'aujourd'hui. Description : La place de la Comédie et l’Esplanade Charles de Gaulle sont actuellement en travaux avant de dévoiler leurs nouveaux visages en 2025. L’office de tourisme profite de cette actualité pour vous propos…. Lieu : Montpellier, place de la Comédie, 34062 Montpellier. Date de début : 2025-09-21T08:00:00+00:00. Date de fin : 2025-09-21T10:00:00+00:00. Mots-clés : None."
Lecture musicale « Songes capturés »,🎻 Hommage à Max Rouquette – Lecture musicale au salon Bonnier de la Mosson,Montpellier,"Route de Lodève, 34070 Montpellier",2025-09-20T09:00:00+00:00,2025-09-21T16:30:00+00:00,,"Titre : Lecture musicale « Songes capturés ». Description : 🎻 Hommage à Max Rouquette – Lecture musicale au salon Bonnier de la Mosson. Lieu : Montpellier, Route de Lodève, 34070 Montpellier. Date de début : 2025-09-20T09:00:00+00:00. Date de fin : 2025-09-21T16:30:00+00:00. Mots-clés : None."
"Visite historique ""Le grand tour""","Une balade patrimoine pour découvrir La Panacée et le MO.CO. à travers l’Histoire, du moyen âge à aujourd'hui.",Montpellier,"14 rue de l’école de pharmacie, 34000 Montpellier",2025-09-21T09:00:00+00:00,2025-09-21T10:30:00+00:00,,"Titre : Visite historique ""Le grand tour"". Description : Une balade patrimoine pour découvrir La Panacée et le MO.CO. à travers l’Histoire, du moyen âge à aujourd'hui.. Lieu : Montpellier, 14 rue de l’école de pharmacie, 34000 Montpellier. Date de début : 2025-09-21T09:00:00+00:00. Date de fin : 2025-09-21T10:30:00+00:00. Mots-clés : None."
Visite de l'église Sainte-Eulalie,⛪ Visite de l’église Sainte-Eulalie,Montpellier,"1 rue de la Merci, 34000 Montpellier",2025-09-20T13:00:00+00:00,2025-09-20T15:00:00+00:00,,"Titre : Visite de l'église Sainte-Eulalie. Description : ⛪ Visite de l’église Sainte-Eulalie. Lieu : Montpellier, 1 rue de la Merci, 34000 Montpellier. Date de début : 2025-09-20T13:00:00+00:00. Date de fin : 2025-09-20T15:00:00+00:00. Mots-clés : None."
Visite commentée de l'orgue de la Basilique Notre-Dame-des-Tables,⛪ Présentation de l’orgue de la basilique Notre‑Dame‑des‑Tables,Montpellier,"1 place Notre-Dame, 34000 Montpellier",2025-09-20T14:30:00+00:00,2025-09-20T15:30:00+00:00,,"Titre : Visite commentée de l'orgue de la Basilique Notre-Dame-des-Tables. Description : ⛪ Présentation de l’orgue de la basilique Notre‑Dame‑des‑Tables. Lieu : Montpellier, 1 place Notre-Dame, 34000 Montpellier. Date de début : 2025-09-20T14:30:00+00:00. Date de fin : 2025-09-20T15:30:00+00:00. Mots-clés : None."
Atelier Lego : construis une ville nouvelle à la manière du Corbusier,🧱 Atelier Lego – Construis ta ville à la manière de Le Corbusier,Montpellier,"907 avenue du professeur Blayac, 34086 Montpellier",2025-09-20T12:00:00+00:00,2025-09-21T14:00:00+00:00,,"Titre : Atelier Lego : construis une ville nouvelle à la manière du Corbusier. Description : 🧱 Atelier Lego – Construis ta ville à la manière de Le Corbusier. Lieu : Montpellier, 907 avenue du professeur Blayac, 34086 Montpellier. Date de début : 2025-09-20T12:00:00+00:00. Date de fin : 2025-09-21T14:00:00+00:00. Mots-clés : None."
Les rencontres de la création avec L'ADIE et CitésLab,"Rencontre avec CitésLab CitésLab – Révélateurs de Talents, ce sont d’abord des hommes et des femmes de terrain – les chefs de projets CitésLab.Les chefs de projets CitésLab rencontrent et révèlent les",Montpellier,34080 Montpellier,2025-09-10T07:00:00+00:00,2025-09-10T07:30:00+00:00,"['Se préparer', ""Création d'entreprise""]","Titre : Les rencontres de la création avec L'ADIE et CitésLab. Description : Rencontre avec CitésLab CitésLab – Révélateurs de Talents, ce sont d’abord des hommes et des femmes de terrain – les chefs de projets CitésLab.Les chefs de projets CitésLab rencontrent et révèlent les. Lieu : Montpellier, 34080 Montpellier. Date de début : 2025-09-10T07:00:00+00:00. Date de fin : 2025-09-10T07:30:00+00:00. Mots-clés : ['Se préparer', ""Création d'entreprise""]."
Les rencontres de la création avec L'ADIE et CitésLab,"Rencontre avec CitésLab CitésLab – Révélateurs de Talents, ce sont d’abord des hommes et des femmes de terrain – les chefs de projets CitésLab.Les chefs de projets CitésLab rencontrent et révèlent...",Montpellier,34080 Montpellier,2025-09-10T07:30:00+00:00,2025-09-10T08:00:00+00:00,"['Atelier', 'Se préparer', ""Création d'entreprise"", 'Tout public', 'en physique']","Titre : Les rencontres de la création avec L'ADIE et CitésLab. Description : Rencontre avec CitésLab CitésLab – Révélateurs de Talents, ce sont d’abord des hommes et des femmes de terrain – les chefs de projets CitésLab.Les chefs de projets CitésLab rencontrent et révèlent.... Lieu : Montpellier, 34080 Montpellier. Date de début : 2025-09-10T07:30:00+00:00. Date de fin : 2025-09-10T08:00:00+00:00. Mots-clés : ['Atelier', 'Se préparer', ""Création d'entreprise"", 'Tout public', 'en physique']."
Les rencontres de la création avec CitésLab,"Rencontre avec CitésLab CitésLab – Révélateurs de Talents, ce sont d’abord des hommes et des femmes de terrain – les chefs de projets CitésLab.Les chefs de projets CitésLab rencontrent et révèlent...",Montpellier,34080 Montpellier,2025-10-08T09:00:00+00:00,2025-10-08T09:30:00+00:00,"['Atelier', 'Se préparer', ""Création d'entreprise"", 'Tout public', 'en physique']","Titre : Les rencontres de la création avec CitésLab. Description : Rencontre avec CitésLab CitésLab – Révélateurs de Talents, ce sont d’abord des hommes et des femmes de terrain – les chefs de projets CitésLab.Les chefs de projets CitésLab rencontrent et révèlent.... Lieu : Montpellier, 34080 Montpellier. Date de début : 2025-10-08T09:00:00+00:00. Date de fin : 2025-10-08T09:30:00+00:00. Mots-clés : ['Atelier', 'Se préparer', ""Création d'entreprise"", 'Tout public', 'en physique']."
Journée de la francophonie à Montpellier,Événement se déroulant dans le cadre de la Journée internationale de la Francophonie,Montpellier,Montpellier,2026-03-28T13:00:00+00:00,2026-03-28T18:00:00+00:00,,"Titre : Journée de la francophonie à Montpellier. Description : Événement se déroulant dans le cadre de la Journée internationale de la Francophonie. Lieu : Montpellier, Montpellier. Date de début : 2026-03-28T13:00:00+00:00. Date de fin : 2026-03-28T18:00:00+00:00. Mots-clés : None."
Visite libre des collections,"Partez à la découverte, en autonomie, des reproductions en plâtre du XIXe siècle des plus grands chefs d'oeuvres de l'Antiquité gréco-romaine et du Moyen-Âge, ou venez admirer les collections du des…",Montpellier,"Université de Montpellier Paul-Valéry, route de Mende, 34090 Montpellier",2026-06-12T08:00:00+00:00,2026-06-13T15:00:00+00:00,,"Titre : Visite libre des collections. Description : Partez à la découverte, en autonomie, des reproductions en plâtre du XIXe siècle des plus grands chefs d'oeuvres de l'Antiquité gréco-romaine et du Moyen-Âge, ou venez admirer les collections du des…. Lieu : Montpellier, Université de Montpellier Paul-Valéry, route de Mende, 34090 Montpellier. Date de début : 2026-06-12T08:00:00+00:00. Date de fin : 2026-06-13T15:00:00+00:00. Mots-clés : None."
Dynamique emploi : faîtes le point et passez à l'action,Participez à un atelier collectif dynamique pour faire le point sur votre situation professionnelle et relancer votre recherche d'emploi.,Montpellier,34080 Montpellier,2026-05-19T12:00:00+00:00,2026-05-19T14:00:00+00:00,"['Marché du travail', ""S'informer"", 'Les outils du numérique', 'Se préparer']","Titre : Dynamique emploi : faîtes le point et passez à l'action. Description : Participez à un atelier collectif dynamique pour faire le point sur votre situation professionnelle et relancer votre recherche d'emploi.. Lieu : Montpellier, 34080 Montpellier. Date de début : 2026-05-19T12:00:00+00:00. Date de fin : 2026-05-19T14:00:00+00:00. Mots-clés : ['Marché du travail', ""S'informer"", 'Les outils du numérique', 'Se préparer']."
Café Créa - Venez échanger avec l'ADIE sur votre projet de création ou de développement d'entreprise,Venez échanger avec l'ADIE sur votre projet de création ou de développement d'entreprise Le Café Créa est un atelier collectif convivial et inspirant proposé par l'ADIE pour toutes les personnes qui s,Montpellier,34080 Montpellier,2026-05-06T07:00:00+00:00,2026-05-06T10:00:00+00:00,"[""La semaine de la création et reprise d'entreprise - ReStart"", ""Création d'entreprise""]","Titre : Café Créa - Venez échanger avec l'ADIE sur votre projet de création ou de développement d'entreprise. Description : Venez échanger avec l'ADIE sur votre projet de création ou de développement d'entreprise Le Café Créa est un atelier collectif convivial et inspirant proposé par l'ADIE pour toutes les personnes qui s. Lieu : Montpellier, 34080 Montpellier. Date de début : 2026-05-06T07:00:00+00:00. Date de fin : 2026-05-06T10:00:00+00:00. Mots-clés : [""La semaine de la création et reprise d'entreprise - ReStart"", ""Création d'entreprise""]."
BOOST' VOTRE CANDIDATURE : Rencontre avec l'Apije !,"Vous souhaitez donner une nouvelle impulsion à votre parcours ? Votre agence de Montpellier Cévennes vous invite à rencontrer Mme Olivia PIERI, experte en recrutement pour l'association Apije.",Montpellier,34080 Montpellier,2026-05-21T08:30:00+00:00,2026-05-21T08:40:00+00:00,"['Insertion', 'Recrutement']","Titre : BOOST' VOTRE CANDIDATURE : Rencontre avec l'Apije !. Description : Vous souhaitez donner une nouvelle impulsion à votre parcours ? Votre agence de Montpellier Cévennes vous invite à rencontrer Mme Olivia PIERI, experte en recrutement pour l'association Apije.. Lieu : Montpellier, 34080 Montpellier. Date de début : 2026-05-21T08:30:00+00:00. Date de fin : 2026-05-21T08:40:00+00:00. Mots-clés : ['Insertion', 'Recrutement']."
Les rencontres de la création avec AXENTS,"Vous avez une idée, besoin de conseils ? Depuis 1995, AXENTS favorise l'émergence de projets et le développement de la création d'entreprise dans le département de l'Hérault.",Montpellier,34080 Montpellier,2026-05-13T07:00:00+00:00,2026-05-13T07:30:00+00:00,"[""La semaine de la création et reprise d'entreprise - ReStart"", ""Création d'entreprise""]","Titre : Les rencontres de la création avec AXENTS. Description : Vous avez une idée, besoin de conseils ? Depuis 1995, AXENTS favorise l'émergence de projets et le développement de la création d'entreprise dans le département de l'Hérault.. Lieu : Montpellier, 34080 Montpellier. Date de début : 2026-05-13T07:00:00+00:00. Date de fin : 2026-05-13T07:30:00+00:00. Mots-clés : [""La semaine de la création et reprise d'entreprise - ReStart"", ""Création d'entreprise""]."
Les rencontres de la création avec Axents et CitésLab,"Rencontre avec CitésLab CitésLab - Révélateurs de Talents, ce sont d'abord des hommes et des femmes de terrain - les chefs de projets CitésLab. Les chefs de projets CitésLab rencontrent et révèlen...",Montpellier,34080 Montpellier,2025-09-17T09:30:00+00:00,2025-09-17T10:00:00+00:00,"['Atelier', ""Création d'entreprise"", 'Se préparer', 'Tout public', 'en physique']","Titre : Les rencontres de la création avec Axents et CitésLab. Description : Rencontre avec CitésLab CitésLab - Révélateurs de Talents, ce sont d'abord des hommes et des femmes de terrain - les chefs de projets CitésLab. Les chefs de projets CitésLab rencontrent et révèlen.... Lieu : Montpellier, 34080 Montpellier. Date de début : 2025-09-17T09:30:00+00:00. Date de fin : 2025-09-17T10:00:00+00:00. Mots-clés : ['Atelier', ""Création d'entreprise"", 'Se préparer', 'Tout public', 'en physique']."
Les rencontres de la création avec L'ADIE et Axents,"Adie finance et accompagne les entrepreneurs dans la création et le développement de leur activité, même sans capital ni diplôme Axents Montpellier propose accompagnement et formation à la créatio...",Montpellier,34080 Montpellier,2025-09-24T07:00:00+00:00,2025-09-24T07:30:00+00:00,"['Atelier', 'Se préparer', ""Création d'entreprise"", 'Tout public', 'en physique']","Titre : Les rencontres de la création avec L'ADIE et Axents. Description : Adie finance et accompagne les entrepreneurs dans la création et le développement de leur activité, même sans capital ni diplôme Axents Montpellier propose accompagnement et formation à la créatio.... Lieu : Montpellier, 34080 Montpellier. Date de début : 2025-09-24T07:00:00+00:00. Date de fin : 2025-09-24T07:30:00+00:00. Mots-clés : ['Atelier', 'Se préparer', ""Création d'entreprise"", 'Tout public', 'en physique']."
Les rencontres de la création avec CitésLab,"Rencontre avec CitésLab CitésLab - Révélateurs de Talents, ce sont d'abord des hommes et des femmes de terrain - les chefs de projets CitésLab.",Montpellier,34080 Montpellier,2025-10-22T08:30:00+00:00,2025-10-22T09:00:00+00:00,"['Se préparer', ""Création d'entreprise""]","Titre : Les rencontres de la création avec CitésLab. Description : Rencontre avec CitésLab CitésLab - Révélateurs de Talents, ce sont d'abord des hommes et des femmes de terrain - les chefs de projets CitésLab.. Lieu : Montpellier, 34080 Montpellier. Date de début : 2025-10-22T08:30:00+00:00. Date de fin : 2025-10-22T09:00:00+00:00. Mots-clés : ['Se préparer', ""Création d'entreprise""]."
Les rencontres de la création avec CitésLab,"Rencontre avec CitésLab CitésLab - Révélateurs de Talents, ce sont d'abord des hommes et des femmes de terrain - les chefs de projets CitésLab.",Montpellier,34080 Montpellier,2025-10-29T08:30:00+00:00,2025-10-29T09:00:00+00:00,"['Se préparer', ""Création d'entreprise""]","Titre : Les rencontres de la création avec CitésLab. Description : Rencontre avec CitésLab CitésLab - Révélateurs de Talents, ce sont d'abord des hommes et des femmes de terrain - les chefs de projets CitésLab.. Lieu : Montpellier, 34080 Montpellier. Date de début : 2025-10-29T08:30:00+00:00. Date de fin : 2025-10-29T09:00:00+00:00. Mots-clés : ['Se préparer', ""Création d'entreprise""]."
Les rencontres de la création avec CitésLab,"Rencontre avec CitésLab CitésLab - Révélateurs de Talents, ce sont d'abord des hommes et des femmes de terrain - les chefs de projets CitésLab.",Montpellier,34080 Montpellier,2025-11-03T07:00:00+00:00,2025-11-03T07:30:00+00:00,"['Se préparer', ""Création d'entreprise""]","Titre : Les rencontres de la création avec CitésLab. Description : Rencontre avec CitésLab CitésLab - Révélateurs de Talents, ce sont d'abord des hommes et des femmes de terrain - les chefs de projets CitésLab.. Lieu : Montpellier, 34080 Montpellier. Date de début : 2025-11-03T07:00:00+00:00. Date de fin : 2025-11-03T07:30:00+00:00. Mots-clés : ['Se préparer', ""Création d'entreprise""]."
Les rencontres de la création avec CitésLab,"Venez préparer votre création d'entreprise, et poser vos questions. 30 minutes de rencontre en individuel, pour avancer sur votre projet, avec le sourire.",Montpellier,34080 Montpellier,2025-12-17T09:00:00+00:00,2025-12-17T09:30:00+00:00,"[""Création d'entreprise"", 'Se préparer']","Titre : Les rencontres de la création avec CitésLab. Description : Venez préparer votre création d'entreprise, et poser vos questions. 30 minutes de rencontre en individuel, pour avancer sur votre projet, avec le sourire.. Lieu : Montpellier, 34080 Montpellier. Date de début : 2025-12-17T09:00:00+00:00. Date de fin : 2025-12-17T09:30:00+00:00. Mots-clés : [""Création d'entreprise"", 'Se préparer']."
"Venez découvrir l'entreprise SLB, une entreprise technologique au service de l'avenir de l'énergie","Dans le cadre de la semaine des énergies renouvelables, SLB vous ouvre ses portes pour une matinée inédite de découverte de notre entreprise à travers un jeu interactif.",Montpellier,34000 Montpellier,2025-12-09T08:00:00+00:00,2025-12-09T11:00:00+00:00,"['Transition écologique', '1 jeune  1 solution', 'Energies Renouvelables et Réseaux', ""S'informer"", 'Découverte secteur / métier']","Titre : Venez découvrir l'entreprise SLB, une entreprise technologique au service de l'avenir de l'énergie. Description : Dans le cadre de la semaine des énergies renouvelables, SLB vous ouvre ses portes pour une matinée inédite de découverte de notre entreprise à travers un jeu interactif.. Lieu : Montpellier, 34000 Montpellier. Date de début : 2025-12-09T08:00:00+00:00. Date de fin : 2025-12-09T11:00:00+00:00. Mots-clés : ['Transition écologique', '1 jeune  1 solution', 'Energies Renouvelables et Réseaux', ""S'informer"", 'Découverte secteur / métier']."
Découvrez les Métiers de l'Animation : Votre Avenir Commence Ici !,Plongez au coeur d'un secteur dynamique et porteur de valeurs de solidarité et d'engagement lors de notre journée d'information jeunesse dédiée aux métiers de l'animation.,Montpellier,34080 Montpellier,2026-02-11T13:00:00+00:00,2026-02-11T16:00:00+00:00,"['La semaine du Tourisme', '#TousMobilisés', ""S'informer"", 'Découverte secteur / métier', 'Recrutement', 'Découverte formation']","Titre : Découvrez les Métiers de l'Animation : Votre Avenir Commence Ici !. Description : Plongez au coeur d'un secteur dynamique et porteur de valeurs de solidarité et d'engagement lors de notre journée d'information jeunesse dédiée aux métiers de l'animation.. Lieu : Montpellier, 34080 Montpellier. Date de début : 2026-02-11T13:00:00+00:00. Date de fin : 2026-02-11T16:00:00+00:00. Mots-clés : ['La semaine du Tourisme', '#TousMobilisés', ""S'informer"", 'Découverte secteur / métier', 'Recrutement', 'Découverte formation']."
Les mille et une famillles,"Suite à une résidence de deux mois à l'école S. Paty, la metteuse en scène et comédienne Gabrielle Gonzalez présente le conte musical ""Les mille et une familles"" le 27 mai à 18h à la MPT Caillens.",Montpellier,"Pl. de Tibériade, 34070 Montpellier",2025-05-27T16:00:00+00:00,2025-05-27T16:30:00+00:00,"['théâtre', 'famille', 'relation', 'Montpellier', 'conte musical', 'comédie musicale']","Titre : Les mille et une famillles. Description : Suite à une résidence de deux mois à l'école S. Paty, la metteuse en scène et comédienne Gabrielle Gonzalez présente le conte musical ""Les mille et une familles"" le 27 mai à 18h à la MPT Caillens.. Lieu : Montpellier, Pl. de Tibériade, 34070 Montpellier. Date de début : 2025-05-27T16:00:00+00:00. Date de fin : 2025-05-27T16:30:00+00:00. Mots-clés : ['théâtre', 'famille', 'relation', 'Montpellier', 'conte musical', 'comédie musicale']."
CINEMED 2025 / LE TRADUCTEUR,Vendredi 24 octobre à 18h,Montpellier,2 rue Marcellin Albert 34080,2025-10-24T16:00:00+00:00,2025-10-24T18:00:00+00:00,"['Cinéma Nestor Burma', 'LE TRADUCTEUR', 'CINEMED', 'Cinéma Syrien', 'Rana Kazkaz', 'Anas Khalaf.']","Titre : CINEMED 2025 / LE TRADUCTEUR. Description : Vendredi 24 octobre à 18h. Lieu : Montpellier, 2 rue Marcellin Albert 34080. Date de début : 2025-10-24T16:00:00+00:00. Date de fin : 2025-10-24T18:00:00+00:00. Mots-clés : ['Cinéma Nestor Burma', 'LE TRADUCTEUR', 'CINEMED', 'Cinéma Syrien', 'Rana Kazkaz', 'Anas Khalaf.']."
Arco,"Cine-animation - En 2075, une petite fille de 10 ans, Iris, voit un mystérieux garçon vêtu d'une combinaison arc-en-ciel tomber du ciel. C'est Arco. Il vient d'un futur lointain et idyllique où voy...",Montpellier,"2, rue Marcellin Albert, Montpellier",2025-11-30T13:15:00+00:00,2025-11-30T14:43:00+00:00,"['Cinéma Nestor Burma', 'Arco', 'Ugo Bienvenu', 'Animation', 'Aventure', 'Science-Fiction', 'Fantastique', 'Enfants', 'Alma Jodorowsky', 'Swann Arlaud', 'Vincent Macaigne', 'Louis Garrel', 'Oxmo Puccino', 'William Lebghil', 'Margot Ringard Oldra', 'Oscar Tresanini']","Titre : Arco. Description : Cine-animation - En 2075, une petite fille de 10 ans, Iris, voit un mystérieux garçon vêtu d'une combinaison arc-en-ciel tomber du ciel. C'est Arco. Il vient d'un futur lointain et idyllique où voy.... Lieu : Montpellier, 2, rue Marcellin Albert, Montpellier. Date de début : 2025-11-30T13:15:00+00:00. Date de fin : 2025-11-30T14:43:00+00:00. Mots-clés : ['Cinéma Nestor Burma', 'Arco', 'Ugo Bienvenu', 'Animation', 'Aventure', 'Science-Fiction', 'Fantastique', 'Enfants', 'Alma Jodorowsky', 'Swann Arlaud', 'Vincent Macaigne', 'Louis Garrel', 'Oxmo Puccino', 'William Lebghil', 'Margot Ringard Oldra', 'Oscar Tresanini']."
Sham de Takashi Miike,Avant-première,Montpellier,"5, rue de Verdun, Montpellier",2026-01-31T18:30:00+00:00,2026-01-31T21:30:00+00:00,"['Diagonal-Capitole', 'Sham de Takashi Miike']","Titre : Sham de Takashi Miike. Description : Avant-première. Lieu : Montpellier, 5, rue de Verdun, Montpellier. Date de début : 2026-01-31T18:30:00+00:00. Date de fin : 2026-01-31T21:30:00+00:00. Mots-clés : ['Diagonal-Capitole', 'Sham de Takashi Miike']."
Atelier Kapla,La Maison de l’Architecture Occitanie-Méditerranée a le plaisir de vous reproposer un atelier Kapla à la Halle Tropisme à l’occasion de leur festival Hyperactive en mai !,Montpellier,121 rue fontcouverte montpellier,2026-05-16T12:30:00+00:00,2026-05-16T14:00:00+00:00,"['kapla', 'halle tropisme', 'montpellier', 'atelier pédagogique', 'enfant', 'architecture', 'maom']","Titre : Atelier Kapla. Description : La Maison de l’Architecture Occitanie-Méditerranée a le plaisir de vous reproposer un atelier Kapla à la Halle Tropisme à l’occasion de leur festival Hyperactive en mai !. Lieu : Montpellier, 121 rue fontcouverte montpellier. Date de début : 2026-05-16T12:30:00+00:00. Date de fin : 2026-05-16T14:00:00+00:00. Mots-clés : ['kapla', 'halle tropisme', 'montpellier', 'atelier pédagogique', 'enfant', 'architecture', 'maom']."
20 ans de passion vélo : le Vieux Biclou souffle ses bougies,Venez célébrer les 20 ans du Vieux Biclou !,Montpellier,5 rue de la poésie,2025-05-25T13:00:00+00:00,2025-05-25T20:00:00+00:00,,"Titre : 20 ans de passion vélo : le Vieux Biclou souffle ses bougies. Description : Venez célébrer les 20 ans du Vieux Biclou !. Lieu : Montpellier, 5 rue de la poésie. Date de début : 2025-05-25T13:00:00+00:00. Date de fin : 2025-05-25T20:00:00+00:00. Mots-clés : None."
"Atelier Flamenco ""La Grammaire des mains""","Avec Olga Magaña nous explorerons les mouvements de nos mains pour créer une chorégraphie, une grammaire commune.",Montpellier,76 rue du faubourg figuerolles 34070 montpellier,2025-07-24T08:00:00+00:00,2025-07-24T10:00:00+00:00,,"Titre : Atelier Flamenco ""La Grammaire des mains"". Description : Avec Olga Magaña nous explorerons les mouvements de nos mains pour créer une chorégraphie, une grammaire commune.. Lieu : Montpellier, 76 rue du faubourg figuerolles 34070 montpellier. Date de début : 2025-07-24T08:00:00+00:00. Date de fin : 2025-07-24T10:00:00+00:00. Mots-clés : None."
Les rencontres de la création avec CitésLab,"Rencontre avec CitésLab CitésLab – Révélateurs de Talents, ce sont d’abord des hommes et des femmes de terrain – les chefs de projets CitésLab.Les chefs de projets CitésLab rencontrent et révèlent les",Montpellier,34080 Montpellier,2025-08-25T09:00:00+00:00,2025-08-25T09:30:00+00:00,"[""Création d'entreprise"", 'Se préparer']","Titre : Les rencontres de la création avec CitésLab. Description : Rencontre avec CitésLab CitésLab – Révélateurs de Talents, ce sont d’abord des hommes et des femmes de terrain – les chefs de projets CitésLab.Les chefs de projets CitésLab rencontrent et révèlent les. Lieu : Montpellier, 34080 Montpellier. Date de début : 2025-08-25T09:00:00+00:00. Date de fin : 2025-08-25T09:30:00+00:00. Mots-clés : [""Création d'entreprise"", 'Se préparer']."
Animations et jeux autour des plantes,"Pour les Rendez-vous aux Jardins 2025, le château de Flaugergues vous ouvre ses portes le dimanche 8 juin de 10h à 18h. Toute la journée, Sophie et Gaétan de Clock, paysans et producteurs de plantes…",Montpellier,"1744 avenue Albert Einstein, 34000 Montpellier",2025-06-08T07:30:00+00:00,2025-06-08T14:30:00+00:00,,"Titre : Animations et jeux autour des plantes. Description : Pour les Rendez-vous aux Jardins 2025, le château de Flaugergues vous ouvre ses portes le dimanche 8 juin de 10h à 18h. Toute la journée, Sophie et Gaétan de Clock, paysans et producteurs de plantes…. Lieu : Montpellier, 1744 avenue Albert Einstein, 34000 Montpellier. Date de début : 2025-06-08T07:30:00+00:00. Date de fin : 2025-06-08T14:30:00+00:00. Mots-clés : None."
Paysage et état d'âme,"La classe, l’œuvre !",Montpellier,"39 Boulevard Bonne Nouvelle, 34090 Montpellier, France",2026-05-23T15:00:00+00:00,2026-05-23T21:59:00+00:00,,"Titre : Paysage et état d'âme. Description : La classe, l’œuvre !. Lieu : Montpellier, 39 Boulevard Bonne Nouvelle, 34090 Montpellier, France. Date de début : 2026-05-23T15:00:00+00:00. Date de fin : 2026-05-23T21:59:00+00:00. Mots-clés : None."
Visite commentée de l'église et de ses remarquables fresques,⛪ Église de la Théophanie,Montpellier,"15 Rue de l'Ancien Courrier, 34000 Montpellier",2025-09-20T08:00:00+00:00,2025-09-21T15:30:00+00:00,,"Titre : Visite commentée de l'église et de ses remarquables fresques. Description : ⛪ Église de la Théophanie. Lieu : Montpellier, 15 Rue de l'Ancien Courrier, 34000 Montpellier. Date de début : 2025-09-20T08:00:00+00:00. Date de fin : 2025-09-21T15:30:00+00:00. Mots-clés : None."
Visite libre de la Basilique Notre-Dame-des-Tables,⛪ Visite libre de la basilique Notre-Dame des Tables,Montpellier,"1 place Notre-Dame, 34000 Montpellier",2025-09-20T08:00:00+00:00,2025-09-21T16:00:00+00:00,,"Titre : Visite libre de la Basilique Notre-Dame-des-Tables. Description : ⛪ Visite libre de la basilique Notre-Dame des Tables. Lieu : Montpellier, 1 place Notre-Dame, 34000 Montpellier. Date de début : 2025-09-20T08:00:00+00:00. Date de fin : 2025-09-21T16:00:00+00:00. Mots-clés : None."
Sur les traces des dinosaures !,"À la manière de la paléontologue Mary Anning, menez l’enquête à la médiathèque.",Montpellier,150 avenue Paul Bringuier 34080 Montpellier,2025-10-04T13:00:00+00:00,2025-10-04T14:15:00+00:00,,"Titre : Sur les traces des dinosaures !. Description : À la manière de la paléontologue Mary Anning, menez l’enquête à la médiathèque.. Lieu : Montpellier, 150 avenue Paul Bringuier 34080 Montpellier. Date de début : 2025-10-04T13:00:00+00:00. Date de fin : 2025-10-04T14:15:00+00:00. Mots-clés : None."
Les rencontres de la création avec L'ADIE et CitésLab,"Rencontre avec CitésLab CitésLab – Révélateurs de Talents, ce sont d’abord des hommes et des femmes de terrain – les chefs de projets CitésLab.Les chefs de projets CitésLab rencontrent et révèlent...",Montpellier,34080 Montpellier,2025-09-10T08:00:00+00:00,2025-09-10T08:30:00+00:00,"['Atelier', 'Se préparer', ""Création d'entreprise"", 'Tout public', 'en physique']","Titre : Les rencontres de la création avec L'ADIE et CitésLab. Description : Rencontre avec CitésLab CitésLab – Révélateurs de Talents, ce sont d’abord des hommes et des femmes de terrain – les chefs de projets CitésLab.Les chefs de projets CitésLab rencontrent et révèlent.... Lieu : Montpellier, 34080 Montpellier. Date de début : 2025-09-10T08:00:00+00:00. Date de fin : 2025-09-10T08:30:00+00:00. Mots-clés : ['Atelier', 'Se préparer', ""Création d'entreprise"", 'Tout public', 'en physique']."
Spectacle avec Isabelle Dhume aux bureaux de Limo à Montpellier,"Spectacle intimiste avec Isabelle Dhume à Montpellier, 11 sept. 12€, places limitées.",Montpellier,Montpellier,2025-09-11T18:00:00+00:00,2025-09-11T19:00:00+00:00,"['Hormur', 'Arts vivants', 'Entreprise', 'Seul en scène', 'Local']","Titre : Spectacle avec Isabelle Dhume aux bureaux de Limo à Montpellier. Description : Spectacle intimiste avec Isabelle Dhume à Montpellier, 11 sept. 12€, places limitées.. Lieu : Montpellier, Montpellier. Date de début : 2025-09-11T18:00:00+00:00. Date de fin : 2025-09-11T19:00:00+00:00. Mots-clés : ['Hormur', 'Arts vivants', 'Entreprise', 'Seul en scène', 'Local']."
Les rencontres de la création avec CitésLab,"Rencontre avec CitésLab CitésLab – Révélateurs de Talents, ce sont d’abord des hommes et des femmes de terrain – les chefs de projets CitésLab.Les chefs de projets CitésLab rencontrent et révèlent...",Montpellier,34080 Montpellier,2025-10-22T07:00:00+00:00,2025-10-22T07:30:00+00:00,"['Atelier', 'Se préparer', ""Création d'entreprise"", 'Tout public', 'en physique']","Titre : Les rencontres de la création avec CitésLab. Description : Rencontre avec CitésLab CitésLab – Révélateurs de Talents, ce sont d’abord des hommes et des femmes de terrain – les chefs de projets CitésLab.Les chefs de projets CitésLab rencontrent et révèlent.... Lieu : Montpellier, 34080 Montpellier. Date de début : 2025-10-22T07:00:00+00:00. Date de fin : 2025-10-22T07:30:00+00:00. Mots-clés : ['Atelier', 'Se préparer', ""Création d'entreprise"", 'Tout public', 'en physique']."
Les rencontres de la création avec CitésLab,"Rencontre avec CitésLab CitésLab - Révélateurs de Talents, ce sont d'abord des hommes et des femmes de terrain - les chefs de projets CitésLab.",Montpellier,34080 Montpellier,2025-10-29T07:30:00+00:00,2025-10-29T08:00:00+00:00,"['Se préparer', ""Création d'entreprise""]","Titre : Les rencontres de la création avec CitésLab. Description : Rencontre avec CitésLab CitésLab - Révélateurs de Talents, ce sont d'abord des hommes et des femmes de terrain - les chefs de projets CitésLab.. Lieu : Montpellier, 34080 Montpellier. Date de début : 2025-10-29T07:30:00+00:00. Date de fin : 2025-10-29T08:00:00+00:00. Mots-clés : ['Se préparer', ""Création d'entreprise""]."
Les rencontres de la création avec AXENTS,"Vous avez une idée, besoin de conseils ? Depuis 1995, AXENTS favorise l'émergence de projets et le développement de la création d'entreprise dans le département de l'Hérault.",Montpellier,34080 Montpellier,2026-03-04T08:00:00+00:00,2026-03-04T08:30:00+00:00,"[""Création d'entreprise""]","Titre : Les rencontres de la création avec AXENTS. Description : Vous avez une idée, besoin de conseils ? Depuis 1995, AXENTS favorise l'émergence de projets et le développement de la création d'entreprise dans le département de l'Hérault.. Lieu : Montpellier, 34080 Montpellier. Date de début : 2026-03-04T08:00:00+00:00. Date de fin : 2026-03-04T08:30:00+00:00. Mots-clés : [""Création d'entreprise""]."
Réunion d'information collective avec la CARSAT,Vous avez 59 ans et plus et souhaitez y voir clair sur votre future retraite.,Montpellier,34080 Montpellier,2026-04-14T12:30:00+00:00,2026-04-14T14:30:00+00:00,"['Mobilisation 50 ans et plus', ""S'informer""]","Titre : Réunion d'information collective avec la CARSAT. Description : Vous avez 59 ans et plus et souhaitez y voir clair sur votre future retraite.. Lieu : Montpellier, 34080 Montpellier. Date de début : 2026-04-14T12:30:00+00:00. Date de fin : 2026-04-14T14:30:00+00:00. Mots-clés : ['Mobilisation 50 ans et plus', ""S'informer""]."
Les rendez-vous de l'International,Venez échanger avec un conseiller sur votre projet de mobilité internationale. Nous proposerons une solution adaptée à votre besoin.,Montpellier,34080 Montpellier,2026-04-03T10:00:00+00:00,2026-04-03T10:30:00+00:00,"[""S'informer"", 'International']","Titre : Les rendez-vous de l'International. Description : Venez échanger avec un conseiller sur votre projet de mobilité internationale. Nous proposerons une solution adaptée à votre besoin.. Lieu : Montpellier, 34080 Montpellier. Date de début : 2026-04-03T10:00:00+00:00. Date de fin : 2026-04-03T10:30:00+00:00. Mots-clés : [""S'informer"", 'International']."
Les rencontres de la création avec Citéslab/BGE,"Venez préparer votre création d'entreprise, et poser vos questions. 30 minutes de rencontre en individuel, pour avancer sur votre projet, avec le sourire.",Montpellier,34080 Montpellier,2026-04-22T08:00:00+00:00,2026-04-22T08:30:00+00:00,"[""Création d'entreprise""]","Titre : Les rencontres de la création avec Citéslab/BGE. Description : Venez préparer votre création d'entreprise, et poser vos questions. 30 minutes de rencontre en individuel, pour avancer sur votre projet, avec le sourire.. Lieu : Montpellier, 34080 Montpellier. Date de début : 2026-04-22T08:00:00+00:00. Date de fin : 2026-04-22T08:30:00+00:00. Mots-clés : [""Création d'entreprise""]."
Les rencontres de la création avec ADIE,"Rencontre avec ADIE : L'Adie, c'est l'association qui finance votre entreprise et vous accompagne tout au long de votre projet. Un crédit et des conseils pour me lancer.",Montpellier,34080 Montpellier,2026-05-06T09:00:00+00:00,2026-05-06T09:30:00+00:00,"[""Création d'entreprise"", 'Se préparer']","Titre : Les rencontres de la création avec ADIE. Description : Rencontre avec ADIE : L'Adie, c'est l'association qui finance votre entreprise et vous accompagne tout au long de votre projet. Un crédit et des conseils pour me lancer.. Lieu : Montpellier, 34080 Montpellier. Date de début : 2026-05-06T09:00:00+00:00. Date de fin : 2026-05-06T09:30:00+00:00. Mots-clés : [""Création d'entreprise"", 'Se préparer']."
Rdv CitésLab - Création d'entreprise,"Venez préparer votre création d'entreprise, et poser vos questions. 30 minutes de rencontre en individuel, pour avancer sur votre projet, avec le sourire.",Montpellier,34080 Montpellier,2026-04-20T09:00:00+00:00,2026-04-20T09:30:00+00:00,"[""Création d'entreprise""]","Titre : Rdv CitésLab - Création d'entreprise. Description : Venez préparer votre création d'entreprise, et poser vos questions. 30 minutes de rencontre en individuel, pour avancer sur votre projet, avec le sourire.. Lieu : Montpellier, 34080 Montpellier. Date de début : 2026-04-20T09:00:00+00:00. Date de fin : 2026-04-20T09:30:00+00:00. Mots-clés : [""Création d'entreprise""]."
CAP VERS L'EMPLOI,"Vous êtes un demandeur d'emploi en situation de handicap, en recherche d'emploi TOUS SECTEURS D'ACTIVITE CONFONDUS (mais métier identifié) Merci de venir AVEC UN CV à jour pour le RDV.",Montpellier,34080 Montpellier,2026-04-13T07:30:00+00:00,2026-04-13T08:00:00+00:00,"['Recrutement', 'Marché du travail', 'Insertion', ""S'informer"", ""Aides à l'emploi"", 'Se préparer']","Titre : CAP VERS L'EMPLOI. Description : Vous êtes un demandeur d'emploi en situation de handicap, en recherche d'emploi TOUS SECTEURS D'ACTIVITE CONFONDUS (mais métier identifié) Merci de venir AVEC UN CV à jour pour le RDV.. Lieu : Montpellier, 34080 Montpellier. Date de début : 2026-04-13T07:30:00+00:00. Date de fin : 2026-04-13T08:00:00+00:00. Mots-clés : ['Recrutement', 'Marché du travail', 'Insertion', ""S'informer"", ""Aides à l'emploi"", 'Se préparer']."
Les rencontres de la création avec AXENTS,"Vous avez une idée, besoin de conseils ? Depuis 1995, AXENTS favorise l'émergence de projets et le développement de la création d'entreprise dans le département de l'Hérault.",Montpellier,34080 Montpellier,2026-01-07T08:00:00+00:00,2026-01-07T08:30:00+00:00,"[""Création d'entreprise""]","Titre : Les rencontres de la création avec AXENTS. Description : Vous avez une idée, besoin de conseils ? Depuis 1995, AXENTS favorise l'émergence de projets et le développement de la création d'entreprise dans le département de l'Hérault.. Lieu : Montpellier, 34080 Montpellier. Date de début : 2026-01-07T08:00:00+00:00. Date de fin : 2026-01-07T08:30:00+00:00. Mots-clés : [""Création d'entreprise""]."
ANIMATION LOTERÍA MEXICANA / LA LÉGENDE DE MANOLO,MARDI 21 OCTOBRE À 16H,Montpellier,"2, rue Marcellin Albert, Montpellier",2025-10-21T14:00:00+00:00,2025-10-21T16:00:00+00:00,"['Cinéma nestor Burma', 'Jorge R. Gutierrez', 'LA LÉGENDE DE MANOLO', 'LOTERÍA MEXICANA']","Titre : ANIMATION LOTERÍA MEXICANA / LA LÉGENDE DE MANOLO. Description : MARDI 21 OCTOBRE À 16H. Lieu : Montpellier, 2, rue Marcellin Albert, Montpellier. Date de début : 2025-10-21T14:00:00+00:00. Date de fin : 2025-10-21T16:00:00+00:00. Mots-clés : ['Cinéma nestor Burma', 'Jorge R. Gutierrez', 'LA LÉGENDE DE MANOLO', 'LOTERÍA MEXICANA']."
AVANT-PREMIÈRE / CINÉ-SPECTACLE - PREMIÈRES NEIGES,DIMANCHE 16 NOVEMBRE à 10H45 : AVANT-PREMIÈRE / CINÉ-SPECTACLE,Montpellier,"2, rue Marcellin Albert",2025-11-16T09:45:00+00:00,2025-11-16T11:00:00+00:00,"['PREMIÈRES NEIGES', 'AVANT-PREMIÈRE', 'CINÉ-SPECTACLE', 'Cinéma municipal Nestor Burma']","Titre : AVANT-PREMIÈRE / CINÉ-SPECTACLE - PREMIÈRES NEIGES. Description : DIMANCHE 16 NOVEMBRE à 10H45 : AVANT-PREMIÈRE / CINÉ-SPECTACLE. Lieu : Montpellier, 2, rue Marcellin Albert. Date de début : 2025-11-16T09:45:00+00:00. Date de fin : 2025-11-16T11:00:00+00:00. Mots-clés : ['PREMIÈRES NEIGES', 'AVANT-PREMIÈRE', 'CINÉ-SPECTACLE', 'Cinéma municipal Nestor Burma']."
FESTIVAL L’ILLUMINÉ CINÉ-RENCONTRE / LE SECRET DES MESANGES,Samedi 29 novembre à 14h15,Montpellier,"2, rue Marcellin Albert",2025-11-29T13:15:00+00:00,2025-11-29T15:00:00+00:00,"['Cinéma municipal Nestor Burma', 'LE SECRET DES MESANGES', 'Antoine Lanciaux', ""Festival l'Illuminé""]","Titre : FESTIVAL L’ILLUMINÉ CINÉ-RENCONTRE / LE SECRET DES MESANGES. Description : Samedi 29 novembre à 14h15. Lieu : Montpellier, 2, rue Marcellin Albert. Date de début : 2025-11-29T13:15:00+00:00. Date de fin : 2025-11-29T15:00:00+00:00. Mots-clés : ['Cinéma municipal Nestor Burma', 'LE SECRET DES MESANGES', 'Antoine Lanciaux', ""Festival l'Illuminé""]."
Venez rencontrer Family sphere (Garde d'enfants),"Family Sphère sera présent dans les locaux de l'agence France travail Montpellier Cévennes pour vous faire découvrir leur structure, leur métier et leur formation.",Montpellier,34080 Montpellier,2026-04-22T07:00:00+00:00,2026-04-22T10:00:00+00:00,"['Découverte secteur / métier', 'Recrutement']","Titre : Venez rencontrer Family sphere (Garde d'enfants). Description : Family Sphère sera présent dans les locaux de l'agence France travail Montpellier Cévennes pour vous faire découvrir leur structure, leur métier et leur formation.. Lieu : Montpellier, 34080 Montpellier. Date de début : 2026-04-22T07:00:00+00:00. Date de fin : 2026-04-22T10:00:00+00:00. Mots-clés : ['Découverte secteur / métier', 'Recrutement']."
BOOST' VOTRE CANDIDATURE : Rencontre avec l'Apije !,"Vous souhaitez donner une nouvelle impulsion à votre parcours ? Votre agence de Montpellier Cévennes vous invite à rencontrer Mme Olivia PIERI, experte en recrutement pour l'association Apije.",Montpellier,34080 Montpellier,2026-05-21T09:40:00+00:00,2026-05-21T09:50:00+00:00,"['Insertion', 'Recrutement']","Titre : BOOST' VOTRE CANDIDATURE : Rencontre avec l'Apije !. Description : Vous souhaitez donner une nouvelle impulsion à votre parcours ? Votre agence de Montpellier Cévennes vous invite à rencontrer Mme Olivia PIERI, experte en recrutement pour l'association Apije.. Lieu : Montpellier, 34080 Montpellier. Date de début : 2026-05-21T09:40:00+00:00. Date de fin : 2026-05-21T09:50:00+00:00. Mots-clés : ['Insertion', 'Recrutement']."
Arrivée en Occitanie : réussir votre retour d'expatriation,Vous êtes de retour en Occitanie après plusieurs années à l'étranger ?,Montpellier,34000 Montpellier,2026-05-07T07:30:00+00:00,2026-05-07T09:30:00+00:00,"['Marché du travail', 'Se préparer', ""S'informer""]","Titre : Arrivée en Occitanie : réussir votre retour d'expatriation. Description : Vous êtes de retour en Occitanie après plusieurs années à l'étranger ?. Lieu : Montpellier, 34000 Montpellier. Date de début : 2026-05-07T07:30:00+00:00. Date de fin : 2026-05-07T09:30:00+00:00. Mots-clés : ['Marché du travail', 'Se préparer', ""S'informer""]."
On ira de Enya Baroux,Projection débat,Montpellier,"5, rue de Verdun, Montpellier",2026-01-26T14:00:00+00:00,2026-01-26T17:00:00+00:00,"['Diagonal-Capitole', 'On ira de Enya Baroux']","Titre : On ira de Enya Baroux. Description : Projection débat. Lieu : Montpellier, 5, rue de Verdun, Montpellier. Date de début : 2026-01-26T14:00:00+00:00. Date de fin : 2026-01-26T17:00:00+00:00. Mots-clés : ['Diagonal-Capitole', 'On ira de Enya Baroux']."
Love on Trial de Kôji Fukada,Avant-première,Montpellier,"5, rue de Verdun, Montpellier",2026-02-01T18:00:00+00:00,2026-02-01T21:00:00+00:00,"['Diagonal-Capitole', 'Love on Trial de Kôji Fukada']","Titre : Love on Trial de Kôji Fukada. Description : Avant-première. Lieu : Montpellier, 5, rue de Verdun, Montpellier. Date de début : 2026-02-01T18:00:00+00:00. Date de fin : 2026-02-01T21:00:00+00:00. Mots-clés : ['Diagonal-Capitole', 'Love on Trial de Kôji Fukada']."
Découverte du Jardin de l'hôtel Haguenot,"Visites guidées à 14 h, 15 h, 16 h et 17 h.",Montpellier,"3 rue Clapiés, 34000 Montpellier",2026-06-07T12:00:00+00:00,2026-06-07T16:00:00+00:00,,"Titre : Découverte du Jardin de l'hôtel Haguenot. Description : Visites guidées à 14 h, 15 h, 16 h et 17 h.. Lieu : Montpellier, 3 rue Clapiés, 34000 Montpellier. Date de début : 2026-06-07T12:00:00+00:00. Date de fin : 2026-06-07T16:00:00+00:00. Mots-clés : None."
À vélo vers le match de handball Montpellier - Rennes,Le fonds de dotation Montpellier Handball et Vélocité Grand Montpellier vous proposent d’assister au match de la Liqui Moly StarLigue entre le MHB et Cessons-Rennes.,Montpellier,"Place des martyrs de la résistance, montpellier",2026-05-08T16:00:00+00:00,2026-05-08T20:00:00+00:00,,"Titre : À vélo vers le match de handball Montpellier - Rennes. Description : Le fonds de dotation Montpellier Handball et Vélocité Grand Montpellier vous proposent d’assister au match de la Liqui Moly StarLigue entre le MHB et Cessons-Rennes.. Lieu : Montpellier, Place des martyrs de la résistance, montpellier. Date de début : 2026-05-08T16:00:00+00:00. Date de fin : 2026-05-08T20:00:00+00:00. Mots-clés : None."
Atelier bioluminescence par Les petits débrouillards,Découvrez les phénomènes de bioluminescence et de phosphorescence à travers des expériences scientifiques et une maquette interactive.,Montpellier,"13 rue de la République, Montpellier",2025-05-17T17:00:00+00:00,2025-05-17T20:00:00+00:00,,"Titre : Atelier bioluminescence par Les petits débrouillards. Description : Découvrez les phénomènes de bioluminescence et de phosphorescence à travers des expériences scientifiques et une maquette interactive.. Lieu : Montpellier, 13 rue de la République, Montpellier. Date de début : 2025-05-17T17:00:00+00:00. Date de fin : 2025-05-17T20:00:00+00:00. Mots-clés : None."
Réalisez des rêves!,"Entre ombre, lumière et papier, vous êtes invités durant cet atelier, à imaginer et fabriquer les rêves des personnages assoupies des œuvres du musée Fabre. A partir de 7 ans accompagné d'un adulte.",Montpellier,"39 Boulevard de Bonnes Nouvelles, 34000 Montpellier, France",2025-05-17T17:45:00+00:00,2025-05-17T20:30:00+00:00,,"Titre : Réalisez des rêves!. Description : Entre ombre, lumière et papier, vous êtes invités durant cet atelier, à imaginer et fabriquer les rêves des personnages assoupies des œuvres du musée Fabre. A partir de 7 ans accompagné d'un adulte.. Lieu : Montpellier, 39 Boulevard de Bonnes Nouvelles, 34000 Montpellier, France. Date de début : 2025-05-17T17:45:00+00:00. Date de fin : 2025-05-17T20:30:00+00:00. Mots-clés : None."
Visite famille : Lectures mythologiques,"Visite famille 6-10 ans, écoutez les récits mythologiques qui ont inspiré les peintres de la Galeire des colonnes du musée Fabre.",Montpellier,"39 Boulevard de Bonnes Nouvelles, 34000 Montpellier, France",2025-05-17T17:30:00+00:00,2025-05-17T18:15:00+00:00,,"Titre : Visite famille : Lectures mythologiques. Description : Visite famille 6-10 ans, écoutez les récits mythologiques qui ont inspiré les peintres de la Galeire des colonnes du musée Fabre.. Lieu : Montpellier, 39 Boulevard de Bonnes Nouvelles, 34000 Montpellier, France. Date de début : 2025-05-17T17:30:00+00:00. Date de fin : 2025-05-17T18:15:00+00:00. Mots-clés : None."
L'orientalisme,"L’orientalisme exprime une fascination pour l’exotisme et les terres lointaines, souvent idéalisées. Cette vision fantasmée, reflète autant le désir d’évasion que les préjugés de l’époque.",Montpellier,"39 Boulevard de Bonnes Nouvelles, 34000 Montpellier, France",2025-05-17T17:45:00+00:00,2025-05-17T20:30:00+00:00,,"Titre : L'orientalisme. Description : L’orientalisme exprime une fascination pour l’exotisme et les terres lointaines, souvent idéalisées. Cette vision fantasmée, reflète autant le désir d’évasion que les préjugés de l’époque.. Lieu : Montpellier, 39 Boulevard de Bonnes Nouvelles, 34000 Montpellier, France. Date de début : 2025-05-17T17:45:00+00:00. Date de fin : 2025-05-17T20:30:00+00:00. Mots-clés : None."
NQT pour l'égalité vers l'emploi,"Le mentorat professionnel est un outil de développement professionnel et personnel. C'est le partage de l' expérience et du réseau entre un professionnel en activité, engagé volontairement et béné...",Montpellier,34080 Montpellier,2025-09-16T08:00:00+00:00,2025-09-16T10:00:00+00:00,"[""Réunion d'information"", 'Commerce', 'Vente et Grande distribution', 'Marché du travail', 'Se préparer', ""S'informer"", ""Aides à l'emploi"", 'Jeunes', 'en physique']","Titre : NQT pour l'égalité vers l'emploi. Description : Le mentorat professionnel est un outil de développement professionnel et personnel. C'est le partage de l' expérience et du réseau entre un professionnel en activité, engagé volontairement et béné.... Lieu : Montpellier, 34080 Montpellier. Date de début : 2025-09-16T08:00:00+00:00. Date de fin : 2025-09-16T10:00:00+00:00. Mots-clés : [""Réunion d'information"", 'Commerce', 'Vente et Grande distribution', 'Marché du travail', 'Se préparer', ""S'informer"", ""Aides à l'emploi"", 'Jeunes', 'en physique']."
Les rencontres de la création avec L'ADIE et CitésLab,"Rencontre avec CitésLab CitésLab – Révélateurs de Talents, ce sont d’abord des hommes et des femmes de terrain – les chefs de projets CitésLab.Les chefs de projets CitésLab rencontrent et révèlent les",Montpellier,34080 Montpellier,2025-09-10T09:30:00+00:00,2025-09-10T10:00:00+00:00,"['Se préparer', ""Création d'entreprise""]","Titre : Les rencontres de la création avec L'ADIE et CitésLab. Description : Rencontre avec CitésLab CitésLab – Révélateurs de Talents, ce sont d’abord des hommes et des femmes de terrain – les chefs de projets CitésLab.Les chefs de projets CitésLab rencontrent et révèlent les. Lieu : Montpellier, 34080 Montpellier. Date de début : 2025-09-10T09:30:00+00:00. Date de fin : 2025-09-10T10:00:00+00:00. Mots-clés : ['Se préparer', ""Création d'entreprise""]."
MARKETHON EDITION 2025,"Descriptif de l’événement pour l’information collective :Participez au Markethon de l’emploi – Montpellier, édition 2025 : une journée solidaire de recherche d’emploi ouverte à tous les demandeurs d’",Montpellier,34080 Montpellier,2025-09-16T07:00:00+00:00,2025-09-16T08:30:00+00:00,"['#TousMobilisés', 'Uniques', '#TousEnImmersion', ""Aides à l'emploi""]","Titre : MARKETHON EDITION 2025. Description : Descriptif de l’événement pour l’information collective :Participez au Markethon de l’emploi – Montpellier, édition 2025 : une journée solidaire de recherche d’emploi ouverte à tous les demandeurs d’. Lieu : Montpellier, 34080 Montpellier. Date de début : 2025-09-16T07:00:00+00:00. Date de fin : 2025-09-16T08:30:00+00:00. Mots-clés : ['#TousMobilisés', 'Uniques', '#TousEnImmersion', ""Aides à l'emploi""]."
MISE EN PLACE D UN CLUB DE DEMANDEURS D' EMPLOI 50 ANS ET PLUS,"Vous avez 50 ans et plus et vous êtes disponible de suite pour un retour à l'emploi?Booster votre recherche en intégrant ""le Club"" qui a pour but d'accélérer votre retour à l'emploi.Suite à l'informat",Montpellier,34080 Montpellier,2025-09-04T07:00:00+00:00,2025-09-04T10:00:00+00:00,"['#TousMobilisés', 'Marché du travail', ""S'informer"", ""Aides à l'emploi"", 'Se préparer']","Titre : MISE EN PLACE D UN CLUB DE DEMANDEURS D' EMPLOI 50 ANS ET PLUS. Description : Vous avez 50 ans et plus et vous êtes disponible de suite pour un retour à l'emploi?Booster votre recherche en intégrant ""le Club"" qui a pour but d'accélérer votre retour à l'emploi.Suite à l'informat. Lieu : Montpellier, 34080 Montpellier. Date de début : 2025-09-04T07:00:00+00:00. Date de fin : 2025-09-04T10:00:00+00:00. Mots-clés : ['#TousMobilisés', 'Marché du travail', ""S'informer"", ""Aides à l'emploi"", 'Se préparer']."
Mai à Vélo 2026,Faites parcourir à votre communauté le plus de kilomètres au mois de mai ! Retrouvez tous les classements sur https://challenge-maiavelo.geovelo.fr/,Montpellier,"[3.890740, 43.607800]",2026-04-30T22:00:00+00:00,2026-05-31T21:59:59+00:00,['challenge-id=201480'],"Titre : Mai à Vélo 2026. Description : Faites parcourir à votre communauté le plus de kilomètres au mois de mai ! Retrouvez tous les classements sur https://challenge-maiavelo.geovelo.fr/. Lieu : Montpellier, [3.890740, 43.607800]. Date de début : 2026-04-30T22:00:00+00:00. Date de fin : 2026-05-31T21:59:59+00:00. Mots-clés : ['challenge-id=201480']."
Mai à Vélo 2026,Faites parcourir à votre communauté le plus de kilomètres au mois de mai ! Retrouvez tous les classements sur https://challenge-maiavelo.geovelo.fr/,Montpellier,"188 Rue Maurice Béjart, 34185 Montpellier, France",2026-04-30T22:00:00+00:00,2026-05-31T21:59:59+00:00,['challenge-id=201497'],"Titre : Mai à Vélo 2026. Description : Faites parcourir à votre communauté le plus de kilomètres au mois de mai ! Retrouvez tous les classements sur https://challenge-maiavelo.geovelo.fr/. Lieu : Montpellier, 188 Rue Maurice Béjart, 34185 Montpellier, France. Date de début : 2026-04-30T22:00:00+00:00. Date de fin : 2026-05-31T21:59:59+00:00. Mots-clés : ['challenge-id=201497']."
Exposition « L'Europe et son patrimoine »,Exposition : À la découverte du Label du patrimoine européen,Montpellier,"Hôtel de Sully, 14 Descente en Barrat, 34000 Montpellier",2025-09-20T08:00:00+00:00,2025-09-21T15:00:00+00:00,,"Titre : Exposition « L'Europe et son patrimoine ». Description : Exposition : À la découverte du Label du patrimoine européen. Lieu : Montpellier, Hôtel de Sully, 14 Descente en Barrat, 34000 Montpellier. Date de début : 2025-09-20T08:00:00+00:00. Date de fin : 2025-09-21T15:00:00+00:00. Mots-clés : None."
Visite de la préfecture de l'Hérault,🏛️ Visite libre de la préfecture de l’Hérault,Montpellier,"34 place des martyrs de la Résistance, 34000 Montpellier",2025-09-20T08:00:00+00:00,2025-09-20T16:00:00+00:00,,"Titre : Visite de la préfecture de l'Hérault. Description : 🏛️ Visite libre de la préfecture de l’Hérault. Lieu : Montpellier, 34 place des martyrs de la Résistance, 34000 Montpellier. Date de début : 2025-09-20T08:00:00+00:00. Date de fin : 2025-09-20T16:00:00+00:00. Mots-clés : None."
"Visite famille ""Artluminium""","Tout comme Jean-Marie Appriou, venez, en famille, créer un bas-relief en aluminium en explorant les thèmes de l’exposition.",Montpellier,"14 rue de l’école de pharmacie, 34000 Montpellier",2025-09-21T09:00:00+00:00,2025-09-21T10:30:00+00:00,,"Titre : Visite famille ""Artluminium"". Description : Tout comme Jean-Marie Appriou, venez, en famille, créer un bas-relief en aluminium en explorant les thèmes de l’exposition.. Lieu : Montpellier, 14 rue de l’école de pharmacie, 34000 Montpellier. Date de début : 2025-09-21T09:00:00+00:00. Date de fin : 2025-09-21T10:30:00+00:00. Mots-clés : None."
Visite coulisse de l'exposition de Jean-Marie Appriou,"Caroline Chabrand, curatrice de La cinquième essence vous fait découvrir les coulisses de l’exposition et ses secrets de fabrication.",Montpellier,"14 rue de l’école de pharmacie, 34000 Montpellier",2025-09-20T09:00:00+00:00,2025-09-20T10:00:00+00:00,,"Titre : Visite coulisse de l'exposition de Jean-Marie Appriou. Description : Caroline Chabrand, curatrice de La cinquième essence vous fait découvrir les coulisses de l’exposition et ses secrets de fabrication.. Lieu : Montpellier, 14 rue de l’école de pharmacie, 34000 Montpellier. Date de début : 2025-09-20T09:00:00+00:00. Date de fin : 2025-09-20T10:00:00+00:00. Mots-clés : None."
Architecture romane : construis une ville médiévale !,🏗️ Atelier participatif – Construis ta ville médiévale en carton,Montpellier,"907 avenue du professeur Blayac, 34086 Montpellier",2025-09-20T11:00:00+00:00,2025-09-21T16:00:00+00:00,,"Titre : Architecture romane : construis une ville médiévale !. Description : 🏗️ Atelier participatif – Construis ta ville médiévale en carton. Lieu : Montpellier, 907 avenue du professeur Blayac, 34086 Montpellier. Date de début : 2025-09-20T11:00:00+00:00. Date de fin : 2025-09-21T16:00:00+00:00. Mots-clés : None."
*** Rencontre avec un Conseiller Entreprise SERVICE A LA PERSONNE***,Vous êtes disponible? Vous recherchez un emploi dans le service à la personne et avez votre CV à jour dans votre espace personnel?,Montpellier,34080 Montpellier,2026-05-12T07:00:00+00:00,2026-05-12T10:00:00+00:00,"['Recrutement', 'Marché du travail', ""S'informer""]","Titre : *** Rencontre avec un Conseiller Entreprise SERVICE A LA PERSONNE***. Description : Vous êtes disponible? Vous recherchez un emploi dans le service à la personne et avez votre CV à jour dans votre espace personnel?. Lieu : Montpellier, 34080 Montpellier. Date de début : 2026-05-12T07:00:00+00:00. Date de fin : 2026-05-12T10:00:00+00:00. Mots-clés : ['Recrutement', 'Marché du travail', ""S'informer""]."
Réunion d'information e-artsup - spéciale 1ère année,Réunion d'information e-artsup Montpellier - spéciale 1ère année,Montpellier,3 place Paul Bec 34000 Montpellier,2025-06-30T16:30:00+00:00,2025-06-30T17:00:00+00:00,"['réunion information e-artsup Montpellier jeux vidéo créative designer', 'école']","Titre : Réunion d'information e-artsup - spéciale 1ère année. Description : Réunion d'information e-artsup Montpellier - spéciale 1ère année. Lieu : Montpellier, 3 place Paul Bec 34000 Montpellier. Date de début : 2025-06-30T16:30:00+00:00. Date de fin : 2025-06-30T17:00:00+00:00. Mots-clés : ['réunion information e-artsup Montpellier jeux vidéo créative designer', 'école']."
Les rencontres de la création avec L'ADIE et Axents,"Adie finance et accompagne les entrepreneurs dans la création et le développement de leur activité, même sans capital ni diplôme Axents Montpellier propose accompagnement et formation à la créatio...",Montpellier,34080 Montpellier,2025-09-24T09:30:00+00:00,2025-09-24T10:00:00+00:00,"['Atelier', ""Création d'entreprise"", 'Se préparer', 'Tout public', 'en physique']","Titre : Les rencontres de la création avec L'ADIE et Axents. Description : Adie finance et accompagne les entrepreneurs dans la création et le développement de leur activité, même sans capital ni diplôme Axents Montpellier propose accompagnement et formation à la créatio.... Lieu : Montpellier, 34080 Montpellier. Date de début : 2025-09-24T09:30:00+00:00. Date de fin : 2025-09-24T10:00:00+00:00. Mots-clés : ['Atelier', ""Création d'entreprise"", 'Se préparer', 'Tout public', 'en physique']."
Les rencontres de la création avec Axents,Axents Montpellier propose accompagnement et formation à la création/reprise d'entreprise,Montpellier,34080 Montpellier,2025-11-05T10:30:00+00:00,2025-11-05T11:00:00+00:00,"[""Création d'entreprise"", 'Se préparer']","Titre : Les rencontres de la création avec Axents. Description : Axents Montpellier propose accompagnement et formation à la création/reprise d'entreprise. Lieu : Montpellier, 34080 Montpellier. Date de début : 2025-11-05T10:30:00+00:00. Date de fin : 2025-11-05T11:00:00+00:00. Mots-clés : [""Création d'entreprise"", 'Se préparer']."
En route vers le SAP : job dating avec APEF,Vous êtes à la recherche d'un emploi et souhaitez vous orienter vers le secteur des Services à la Personne ? Le job dating En route vers le SAP est fait pour vous !,Montpellier,34080 Montpellier,2026-04-14T07:00:00+00:00,2026-04-14T10:00:00+00:00,['Recrutement'],"Titre : En route vers le SAP : job dating avec APEF. Description : Vous êtes à la recherche d'un emploi et souhaitez vous orienter vers le secteur des Services à la Personne ? Le job dating En route vers le SAP est fait pour vous !. Lieu : Montpellier, 34080 Montpellier. Date de début : 2026-04-14T07:00:00+00:00. Date de fin : 2026-04-14T10:00:00+00:00. Mots-clés : ['Recrutement']."
Rdv CitésLab - Création d'entreprise,"Venez préparer votre création d'entreprise, et poser vos questions. 30 minutes de rencontre en individuel, pour avancer sur votre projet, avec le sourire.",Montpellier,34080 Montpellier,2026-01-21T08:00:00+00:00,2026-01-21T08:30:00+00:00,"[""Création d'entreprise"", 'Se préparer']","Titre : Rdv CitésLab - Création d'entreprise. Description : Venez préparer votre création d'entreprise, et poser vos questions. 30 minutes de rencontre en individuel, pour avancer sur votre projet, avec le sourire.. Lieu : Montpellier, 34080 Montpellier. Date de début : 2026-01-21T08:00:00+00:00. Date de fin : 2026-01-21T08:30:00+00:00. Mots-clés : [""Création d'entreprise"", 'Se préparer']."
Les rendez-vous de l'International,Venez échanger avec un conseiller sur votre projet de mobilité internationale. Nous proposerons une solution adaptée à votre besoin.,Montpellier,34080 Montpellier,2026-04-03T07:30:00+00:00,2026-04-03T08:00:00+00:00,"[""S'informer"", 'International']","Titre : Les rendez-vous de l'International. Description : Venez échanger avec un conseiller sur votre projet de mobilité internationale. Nous proposerons une solution adaptée à votre besoin.. Lieu : Montpellier, 34080 Montpellier. Date de début : 2026-04-03T07:30:00+00:00. Date de fin : 2026-04-03T08:00:00+00:00. Mots-clés : [""S'informer"", 'International']."
À la recherche des trésors cachés du musée,"Par Gabriela Mendoza, illustratrice.",Montpellier,"39 Boulevard de Bonnes Nouvelles, 34000 Montpellier, France",2026-05-23T17:00:00+00:00,2026-05-23T20:30:00+00:00,,"Titre : À la recherche des trésors cachés du musée. Description : Par Gabriela Mendoza, illustratrice.. Lieu : Montpellier, 39 Boulevard de Bonnes Nouvelles, 34000 Montpellier, France. Date de début : 2026-05-23T17:00:00+00:00. Date de fin : 2026-05-23T20:30:00+00:00. Mots-clés : None."
IAGRITECH,Agri Sud-Ouest Innovation 2025,Montpellier,"10 place Françoise Héritier, 34000 Montpellier",2025-10-02T07:00:00+00:00,2025-10-02T15:00:00+00:00,,"Titre : IAGRITECH. Description : Agri Sud-Ouest Innovation 2025. Lieu : Montpellier, 10 place Françoise Héritier, 34000 Montpellier. Date de début : 2025-10-02T07:00:00+00:00. Date de fin : 2025-10-02T15:00:00+00:00. Mots-clés : None."
Les Dimanches de Alauda Ruíz de Azúa,Séance spéciale,Montpellier,"5, rue de Verdun, Montpellier",2026-02-11T18:45:00+00:00,2026-02-11T21:45:00+00:00,"['Diagonal-Capitole', 'Les Dimanches de Alauda Ruíz de Azúa']","Titre : Les Dimanches de Alauda Ruíz de Azúa. Description : Séance spéciale. Lieu : Montpellier, 5, rue de Verdun, Montpellier. Date de début : 2026-02-11T18:45:00+00:00. Date de fin : 2026-02-11T21:45:00+00:00. Mots-clés : ['Diagonal-Capitole', 'Les Dimanches de Alauda Ruíz de Azúa']."
CINEMED 2025 / EL BUEN PATRÓN / Fernando León de Aranoa,Séance mardi 21 octobre à 11h20,Montpellier,"2, rue Marcellin Albert, Montpellier",2025-10-21T09:20:00+00:00,2025-10-21T11:00:00+00:00,"['Cinéma Nestor Burma', 'Fernando León de Aranoa', 'EL BUEN PATRÓN']","Titre : CINEMED 2025 / EL BUEN PATRÓN / Fernando León de Aranoa. Description : Séance mardi 21 octobre à 11h20. Lieu : Montpellier, 2, rue Marcellin Albert, Montpellier. Date de début : 2025-10-21T09:20:00+00:00. Date de fin : 2025-10-21T11:00:00+00:00. Mots-clés : ['Cinéma Nestor Burma', 'Fernando León de Aranoa', 'EL BUEN PATRÓN']."
CINÉ-GOÛTER D’HALLOWEEN / FRANKENWEENIE,VENDREDI 31 OCTOBRE À 14H : CINÉ-GOÛTER D’HALLOWEEN,Montpellier,"2, rue Marcellin Albert",2025-10-31T13:00:00+00:00,2025-10-31T15:00:00+00:00,"['CINÉ-GOÛTER D’HALLOWEEN', 'FRANKENWEENIE', 'Tim Burton', 'Cinéma municipal Nestor Burma']","Titre : CINÉ-GOÛTER D’HALLOWEEN / FRANKENWEENIE. Description : VENDREDI 31 OCTOBRE À 14H : CINÉ-GOÛTER D’HALLOWEEN. Lieu : Montpellier, 2, rue Marcellin Albert. Date de début : 2025-10-31T13:00:00+00:00. Date de fin : 2025-10-31T15:00:00+00:00. Mots-clés : ['CINÉ-GOÛTER D’HALLOWEEN', 'FRANKENWEENIE', 'Tim Burton', 'Cinéma municipal Nestor Burma']."
La Sorcière dans les airs,"Cine atelier-halloween - Une sympathique sorcière s’envole sur son balai. Quel plaisir de voler ! Mais le vent se met à souffler très fort, et un dragon affamé vient de se réveiller….",Montpellier,"2, rue Marcellin Albert, Montpellier",2025-10-31T09:15:00+00:00,2025-10-31T10:05:00+00:00,"['Cinéma Nestor Burma', 'La Sorcière dans les airs', 'Jan Lachauer', 'Max Lang', 'Animation', 'Familial', 'Gillian Anderson', 'Timothy Spall', 'Sally Hawkins', 'Rob Brydon', 'Martin Clunes', 'Simon Pegg', 'David Walliams']","Titre : La Sorcière dans les airs. Description : Cine atelier-halloween - Une sympathique sorcière s’envole sur son balai. Quel plaisir de voler ! Mais le vent se met à souffler très fort, et un dragon affamé vient de se réveiller….. Lieu : Montpellier, 2, rue Marcellin Albert, Montpellier. Date de début : 2025-10-31T09:15:00+00:00. Date de fin : 2025-10-31T10:05:00+00:00. Mots-clés : ['Cinéma Nestor Burma', 'La Sorcière dans les airs', 'Jan Lachauer', 'Max Lang', 'Animation', 'Familial', 'Gillian Anderson', 'Timothy Spall', 'Sally Hawkins', 'Rob Brydon', 'Martin Clunes', 'Simon Pegg', 'David Walliams']."
Visite flash de l'exposition « Metempsychosis »,Un focus sur les œuvres d’Ivana Bašić par l’équipe de médiation.,Montpellier,"14 rue de l'Ecole de Pharmacie, Montpellier",2025-05-17T20:00:00+00:00,2025-05-17T20:30:00+00:00,,"Titre : Visite flash de l'exposition « Metempsychosis ». Description : Un focus sur les œuvres d’Ivana Bašić par l’équipe de médiation.. Lieu : Montpellier, 14 rue de l'Ecole de Pharmacie, Montpellier. Date de début : 2025-05-17T20:00:00+00:00. Date de fin : 2025-05-17T20:30:00+00:00. Mots-clés : None."
Les métamorphoses,"Lors de cette visite consacrée aux Métamorphoses d’Ovide, plongez dans un univers où dieux et mortels se transforment au gré du destin et des caprices divins.",Montpellier,"39 Boulevard de Bonnes Nouvelles, 34000 Montpellier, France",2025-05-17T17:30:00+00:00,2025-05-17T20:30:00+00:00,,"Titre : Les métamorphoses. Description : Lors de cette visite consacrée aux Métamorphoses d’Ovide, plongez dans un univers où dieux et mortels se transforment au gré du destin et des caprices divins.. Lieu : Montpellier, 39 Boulevard de Bonnes Nouvelles, 34000 Montpellier, France. Date de début : 2025-05-17T17:30:00+00:00. Date de fin : 2025-05-17T20:30:00+00:00. Mots-clés : None."
Dans le sillage de Michel-Ange,Visite réalisée par Robert Laplace des amis du musée Fabre.,Montpellier,"39 Boulevard de Bonnes Nouvelles, 34000 Montpellier, France",2025-05-17T18:00:00+00:00,2025-05-17T19:00:00+00:00,,"Titre : Dans le sillage de Michel-Ange. Description : Visite réalisée par Robert Laplace des amis du musée Fabre.. Lieu : Montpellier, 39 Boulevard de Bonnes Nouvelles, 34000 Montpellier, France. Date de début : 2025-05-17T18:00:00+00:00. Date de fin : 2025-05-17T19:00:00+00:00. Mots-clés : None."
Les rencontres de la création avec CitésLab,"Rencontre avec CitésLab CitésLab – Révélateurs de Talents, ce sont d’abord des hommes et des femmes de terrain – les chefs de projets CitésLab.Les chefs de projets CitésLab rencontrent et révèlent les",Montpellier,34080 Montpellier,2025-09-01T08:00:00+00:00,2025-09-01T08:30:00+00:00,"[""Création d'entreprise"", 'Se préparer']","Titre : Les rencontres de la création avec CitésLab. Description : Rencontre avec CitésLab CitésLab – Révélateurs de Talents, ce sont d’abord des hommes et des femmes de terrain – les chefs de projets CitésLab.Les chefs de projets CitésLab rencontrent et révèlent les. Lieu : Montpellier, 34080 Montpellier. Date de début : 2025-09-01T08:00:00+00:00. Date de fin : 2025-09-01T08:30:00+00:00. Mots-clés : [""Création d'entreprise"", 'Se préparer']."
Les rencontres de la création avec CitésLab,"Rencontre avec CitésLab CitésLab – Révélateurs de Talents, ce sont d’abord des hommes et des femmes de terrain – les chefs de projets CitésLab.Les chefs de projets CitésLab rencontrent et révèlent les",Montpellier,34080 Montpellier,2025-09-01T08:30:00+00:00,2025-09-01T09:00:00+00:00,"['Se préparer', ""Création d'entreprise""]","Titre : Les rencontres de la création avec CitésLab. Description : Rencontre avec CitésLab CitésLab – Révélateurs de Talents, ce sont d’abord des hommes et des femmes de terrain – les chefs de projets CitésLab.Les chefs de projets CitésLab rencontrent et révèlent les. Lieu : Montpellier, 34080 Montpellier. Date de début : 2025-09-01T08:30:00+00:00. Date de fin : 2025-09-01T09:00:00+00:00. Mots-clés : ['Se préparer', ""Création d'entreprise""]."
Festival Abracadabra,"Le Festival Abracadabra est un festival montpelliérain digital détox ! Composé de multiples ateliers et activités en plein air, ils réunissent parents et enfants afin de passer un moment ensemble.",Montpellier,982 Avenue des Moulins,2025-07-05T08:00:00+00:00,2025-07-06T16:00:00+00:00,"['Festival', 'Enfant', 'Montpellier', 'Été', 'Activité enfants', 'Sortie enfant', 'Jeux gonflables', 'Food Truck', 'Yoga', 'Laser game']","Titre : Festival Abracadabra. Description : Le Festival Abracadabra est un festival montpelliérain digital détox ! Composé de multiples ateliers et activités en plein air, ils réunissent parents et enfants afin de passer un moment ensemble.. Lieu : Montpellier, 982 Avenue des Moulins. Date de début : 2025-07-05T08:00:00+00:00. Date de fin : 2025-07-06T16:00:00+00:00. Mots-clés : ['Festival', 'Enfant', 'Montpellier', 'Été', 'Activité enfants', 'Sortie enfant', 'Jeux gonflables', 'Food Truck', 'Yoga', 'Laser game']."
Initiation au tambourin,🏆 Initiation à la balle au tambourin,Montpellier,Place Max Rouquette 34000 Montpellier,2025-09-21T09:00:00+00:00,2025-09-21T11:00:00+00:00,,"Titre : Initiation au tambourin. Description : 🏆 Initiation à la balle au tambourin. Lieu : Montpellier, Place Max Rouquette 34000 Montpellier. Date de début : 2025-09-21T09:00:00+00:00. Date de fin : 2025-09-21T11:00:00+00:00. Mots-clés : None."
Concert par l'ensemble instrumental universitaire de Montpellier,Concert de l'Ensemble Instrumental Universitaire de Montpellier,Montpellier,"1bis Rue du Jardin de la Reine, 34000 Montpellier, France",2025-09-21T16:30:00+00:00,2025-09-21T18:30:00+00:00,,"Titre : Concert par l'ensemble instrumental universitaire de Montpellier. Description : Concert de l'Ensemble Instrumental Universitaire de Montpellier. Lieu : Montpellier, 1bis Rue du Jardin de la Reine, 34000 Montpellier, France. Date de début : 2025-09-21T16:30:00+00:00. Date de fin : 2025-09-21T18:30:00+00:00. Mots-clés : None."
Radio Fuoco invite Euphoria - Futur Immoral & La Bulle bleue,"Ce projet transdisciplinaire est à la fois un exercice performatif et une invention radiophonique, un lieu pour (s’) écouter, contempler, danser. Une zone de résistance et de rencontre entre artistes…",Montpellier,"Place de la Comédie, 34000 Montpellier",2025-09-19T18:00:00+00:00,2025-09-20T20:00:00+00:00,,"Titre : Radio Fuoco invite Euphoria - Futur Immoral & La Bulle bleue. Description : Ce projet transdisciplinaire est à la fois un exercice performatif et une invention radiophonique, un lieu pour (s’) écouter, contempler, danser. Une zone de résistance et de rencontre entre artistes…. Lieu : Montpellier, Place de la Comédie, 34000 Montpellier. Date de début : 2025-09-19T18:00:00+00:00. Date de fin : 2025-09-20T20:00:00+00:00. Mots-clés : None."
"La Fresque du patrimoine, une ressource pour la ville durable","Sur le modèle de la fresque du climat ou de la fresque de la biodiversité, la fresque du patrimoine est un outil de sensibilisation. Elle a pour but de sensibiliser à la prise en compte de la ville …",Montpellier,"1 pl. de la Comédie, 34000, Montpellier.",2025-09-20T07:30:00+00:00,2025-09-21T15:30:00+00:00,,"Titre : La Fresque du patrimoine, une ressource pour la ville durable. Description : Sur le modèle de la fresque du climat ou de la fresque de la biodiversité, la fresque du patrimoine est un outil de sensibilisation. Elle a pour but de sensibiliser à la prise en compte de la ville …. Lieu : Montpellier, 1 pl. de la Comédie, 34000, Montpellier.. Date de début : 2025-09-20T07:30:00+00:00. Date de fin : 2025-09-21T15:30:00+00:00. Mots-clés : None."
"Visite libre des Archives : ""Observer le ciel, révéler l'invisible""",📂 Visite libre des Archives – Le fonds scientifique Roques,Montpellier,"907 avenue du professeur Blayac, 34086 Montpellier",2025-09-20T08:00:00+00:00,2025-09-21T16:00:00+00:00,,"Titre : Visite libre des Archives : ""Observer le ciel, révéler l'invisible"". Description : 📂 Visite libre des Archives – Le fonds scientifique Roques. Lieu : Montpellier, 907 avenue du professeur Blayac, 34086 Montpellier. Date de début : 2025-09-20T08:00:00+00:00. Date de fin : 2025-09-21T16:00:00+00:00. Mots-clés : None."
Tremplin vers les métiers du sanitaire et du social,La filière sanitaire et sociale ETHIC et SOINS de l'association IMEIF s'adresse à un public exclusivement féminin (résidant en QPV et/ou au RSA) et s’articule autour de 3 objectifs : -Connaître l...,Montpellier,34080 Montpellier,2025-09-02T07:00:00+00:00,2025-09-02T10:00:00+00:00,"[""Réunion d'information"", '1 jeune  1 solution', 'Se préparer', ""S'informer"", 'Découverte secteur / métier', 'Découverte formation', 'Insertion', 'Résidents en quartier prioritaire de la ville', 'Formation assurée', 'en physique']","Titre : Tremplin vers les métiers du sanitaire et du social. Description : La filière sanitaire et sociale ETHIC et SOINS de l'association IMEIF s'adresse à un public exclusivement féminin (résidant en QPV et/ou au RSA) et s’articule autour de 3 objectifs : -Connaître l.... Lieu : Montpellier, 34080 Montpellier. Date de début : 2025-09-02T07:00:00+00:00. Date de fin : 2025-09-02T10:00:00+00:00. Mots-clés : [""Réunion d'information"", '1 jeune  1 solution', 'Se préparer', ""S'informer"", 'Découverte secteur / métier', 'Découverte formation', 'Insertion', 'Résidents en quartier prioritaire de la ville', 'Formation assurée', 'en physique']."
Les rencontres de la création avec L'ADIE et CitésLab,"Rencontre avec CitésLab CitésLab - Révélateurs de Talents, ce sont d'abord des hommes et des femmes de terrain - les chefs de projets CitésLab. Les chefs de projets CitésLab rencontrent et révèlen...",Montpellier,34080 Montpellier,2025-09-10T09:00:00+00:00,2025-09-10T09:30:00+00:00,"['Atelier', 'Se préparer', ""Création d'entreprise"", 'Tout public', 'en physique']","Titre : Les rencontres de la création avec L'ADIE et CitésLab. Description : Rencontre avec CitésLab CitésLab - Révélateurs de Talents, ce sont d'abord des hommes et des femmes de terrain - les chefs de projets CitésLab. Les chefs de projets CitésLab rencontrent et révèlen.... Lieu : Montpellier, 34080 Montpellier. Date de début : 2025-09-10T09:00:00+00:00. Date de fin : 2025-09-10T09:30:00+00:00. Mots-clés : ['Atelier', 'Se préparer', ""Création d'entreprise"", 'Tout public', 'en physique']."
Atelier DUODAY: emploi et handicap,"Vous êtes en situation de handicap et en recherche d'emploi, en reconversion professionnelle ou simplement curieux.se de découvrir un métier ou une entreprise? Passez une journée en immersion dans...",Montpellier,34080 Montpellier,2025-11-12T12:00:00+00:00,2025-11-12T14:00:00+00:00,"[""Réunion d'information"", 'La semaine du handicap', '#TousEnImmersion', 'Insertion', ""Aides à l'emploi"", ""S'informer"", 'Se préparer', 'Découverte secteur / métier', 'Personnes en situation de handicap', 'en physique']","Titre : Atelier DUODAY: emploi et handicap. Description : Vous êtes en situation de handicap et en recherche d'emploi, en reconversion professionnelle ou simplement curieux.se de découvrir un métier ou une entreprise? Passez une journée en immersion dans.... Lieu : Montpellier, 34080 Montpellier. Date de début : 2025-11-12T12:00:00+00:00. Date de fin : 2025-11-12T14:00:00+00:00. Mots-clés : [""Réunion d'information"", 'La semaine du handicap', '#TousEnImmersion', 'Insertion', ""Aides à l'emploi"", ""S'informer"", 'Se préparer', 'Découverte secteur / métier', 'Personnes en situation de handicap', 'en physique']."
Les rencontres de la création avec CitésLab,"Rencontre avec CitésLab CitésLab - Révélateurs de Talents, ce sont d'abord des hommes et des femmes de terrain - les chefs de projets CitésLab.",Montpellier,34080 Montpellier,2025-11-03T08:00:00+00:00,2025-11-03T08:30:00+00:00,"['Se préparer', ""Création d'entreprise""]","Titre : Les rencontres de la création avec CitésLab. Description : Rencontre avec CitésLab CitésLab - Révélateurs de Talents, ce sont d'abord des hommes et des femmes de terrain - les chefs de projets CitésLab.. Lieu : Montpellier, 34080 Montpellier. Date de début : 2025-11-03T08:00:00+00:00. Date de fin : 2025-11-03T08:30:00+00:00. Mots-clés : ['Se préparer', ""Création d'entreprise""]."
Réunion d'information collective avec la CARSAT,Vous avez 59 ans et plus et souhaitez y voir clair sur votre future retraite.,Montpellier,34080 Montpellier,2026-02-06T12:30:00+00:00,2026-02-06T15:00:00+00:00,"['Mobilisation 50 ans et plus', ""S'informer""]","Titre : Réunion d'information collective avec la CARSAT. Description : Vous avez 59 ans et plus et souhaitez y voir clair sur votre future retraite.. Lieu : Montpellier, 34080 Montpellier. Date de début : 2026-02-06T12:30:00+00:00. Date de fin : 2026-02-06T15:00:00+00:00. Mots-clés : ['Mobilisation 50 ans et plus', ""S'informer""]."
Les rencontres de la création avec Citéslab/BGE,"Venez préparer votre création d'entreprise, et poser vos questions. 30 minutes de rencontre en individuel, pour avancer sur votre projet, avec le sourire.",Montpellier,34080 Montpellier,2026-04-01T09:30:00+00:00,2026-04-01T10:00:00+00:00,"[""La semaine de la création et reprise d'entreprise - ReStart"", ""Création d'entreprise""]","Titre : Les rencontres de la création avec Citéslab/BGE. Description : Venez préparer votre création d'entreprise, et poser vos questions. 30 minutes de rencontre en individuel, pour avancer sur votre projet, avec le sourire.. Lieu : Montpellier, 34080 Montpellier. Date de début : 2026-04-01T09:30:00+00:00. Date de fin : 2026-04-01T10:00:00+00:00. Mots-clés : [""La semaine de la création et reprise d'entreprise - ReStart"", ""Création d'entreprise""]."
Les rencontres de la création avec Citéslab/BGE,"Venez préparer votre création d'entreprise, et poser vos questions. 30 minutes de rencontre en individuel, pour avancer sur votre projet, avec le sourire.",Montpellier,34080 Montpellier,2026-04-22T07:00:00+00:00,2026-04-22T07:30:00+00:00,"[""Création d'entreprise""]","Titre : Les rencontres de la création avec Citéslab/BGE. Description : Venez préparer votre création d'entreprise, et poser vos questions. 30 minutes de rencontre en individuel, pour avancer sur votre projet, avec le sourire.. Lieu : Montpellier, 34080 Montpellier. Date de début : 2026-04-22T07:00:00+00:00. Date de fin : 2026-04-22T07:30:00+00:00. Mots-clés : [""Création d'entreprise""]."
Les rencontres de la création avec CitésLab,"Venez préparer votre création d'entreprise, et poser vos questions. 30 minutes de rencontre en individuel, pour avancer sur votre projet, avec le sourire.",Montpellier,34080 Montpellier,2025-12-17T08:00:00+00:00,2025-12-17T08:30:00+00:00,"['Se préparer', ""Création d'entreprise""]","Titre : Les rencontres de la création avec CitésLab. Description : Venez préparer votre création d'entreprise, et poser vos questions. 30 minutes de rencontre en individuel, pour avancer sur votre projet, avec le sourire.. Lieu : Montpellier, 34080 Montpellier. Date de début : 2025-12-17T08:00:00+00:00. Date de fin : 2025-12-17T08:30:00+00:00. Mots-clés : ['Se préparer', ""Création d'entreprise""]."
Les Rencontres pour l'Emploi 2025,Forum de l'emploi organisé par Montpellier Méditerranée Métropole et ses partenaires,Montpellier,34080 Montpellier,2025-12-02T08:00:00+00:00,2025-12-02T16:00:00+00:00,"['1 jeune  1 solution', ""S'informer"", 'Insertion', ""Création d'entreprise"", 'Recrutement']","Titre : Les Rencontres pour l'Emploi 2025. Description : Forum de l'emploi organisé par Montpellier Méditerranée Métropole et ses partenaires. Lieu : Montpellier, 34080 Montpellier. Date de début : 2025-12-02T08:00:00+00:00. Date de fin : 2025-12-02T16:00:00+00:00. Mots-clés : ['1 jeune  1 solution', ""S'informer"", 'Insertion', ""Création d'entreprise"", 'Recrutement']."
"L'eau, ses usages, sa gestion",Journée d'information INRAE,Montpellier,2 Place Pierre Viala Montpellier,2026-06-11T06:30:00+00:00,2026-06-11T15:00:00+00:00,,"Titre : L'eau, ses usages, sa gestion. Description : Journée d'information INRAE. Lieu : Montpellier, 2 Place Pierre Viala Montpellier. Date de début : 2026-06-11T06:30:00+00:00. Date de fin : 2026-06-11T15:00:00+00:00. Mots-clés : None."
La Nuit Batucada : Rythmes de Bahia à Montpellier,Fête de la musique 2025,Montpellier,Hôtel Saint-Côme 32 Grand'rue Jean-Moulin Montpellier,2025-06-21T16:00:00+00:00,2025-06-21T21:30:00+00:00,,"Titre : La Nuit Batucada : Rythmes de Bahia à Montpellier. Description : Fête de la musique 2025. Lieu : Montpellier, Hôtel Saint-Côme 32 Grand'rue Jean-Moulin Montpellier. Date de début : 2025-06-21T16:00:00+00:00. Date de fin : 2025-06-21T21:30:00+00:00. Mots-clés : None."
Mai à Vélo 2026,Faites parcourir à votre communauté le plus de kilomètres au mois de mai !,Montpellier,"Place Pierre Viala, 34967 Montpellier, France",2026-04-30T22:00:00+00:00,2026-05-31T21:59:59+00:00,['challenge-id=212919'],"Titre : Mai à Vélo 2026. Description : Faites parcourir à votre communauté le plus de kilomètres au mois de mai !. Lieu : Montpellier, Place Pierre Viala, 34967 Montpellier, France. Date de début : 2026-04-30T22:00:00+00:00. Date de fin : 2026-05-31T21:59:59+00:00. Mots-clés : ['challenge-id=212919']."
La Dame de Pierre,"Découvrez le récit légendaire du plus célèbre monument du monde : Notre-Dame de Paris, dans un spectacle époustouflant qui mêle musique, effets spéciaux & mise en scène grandiose.",Montpellier,"2733, avenue Albert Einstein, 34000",2025-11-15T17:00:00+00:00,2025-11-15T18:30:00+00:00,,"Titre : La Dame de Pierre. Description : Découvrez le récit légendaire du plus célèbre monument du monde : Notre-Dame de Paris, dans un spectacle époustouflant qui mêle musique, effets spéciaux & mise en scène grandiose.. Lieu : Montpellier, 2733, avenue Albert Einstein, 34000. Date de début : 2025-11-15T17:00:00+00:00. Date de fin : 2025-11-15T18:30:00+00:00. Mots-clés : None."
Présentation du programme ERASMUS,Présentation du programme de mobilité européenne ERASMUS ouvert à tout âge et tout niveau d'études. Un stage professionnel à l'étranger 100% en entreprise.,Montpellier,34080 Montpellier,2026-05-05T07:00:00+00:00,2026-05-05T09:30:00+00:00,"['#TousMobilisés', 'Insertion', 'International', ""Aides à l'emploi"", ""S'informer""]","Titre : Présentation du programme ERASMUS. Description : Présentation du programme de mobilité européenne ERASMUS ouvert à tout âge et tout niveau d'études. Un stage professionnel à l'étranger 100% en entreprise.. Lieu : Montpellier, 34080 Montpellier. Date de début : 2026-05-05T07:00:00+00:00. Date de fin : 2026-05-05T09:30:00+00:00. Mots-clés : ['#TousMobilisés', 'Insertion', 'International', ""Aides à l'emploi"", ""S'informer""]."
CINEMED 2025 / PARFUM DE FEMME - Rétro Dino Risi,jeudi 23 octobre à 17h30,Montpellier,2 rue Marcellin Albert 34080,2025-10-23T15:30:00+00:00,2025-10-23T17:00:00+00:00,"['Cinéma Nestor Burma', 'DINO RISI', 'CINEMED', 'RÉTROSPECTIVE DINO RISI Festival CINEMED 2025', 'Parfum de Femme']","Titre : CINEMED 2025 / PARFUM DE FEMME - Rétro Dino Risi. Description : jeudi 23 octobre à 17h30. Lieu : Montpellier, 2 rue Marcellin Albert 34080. Date de début : 2025-10-23T15:30:00+00:00. Date de fin : 2025-10-23T17:00:00+00:00. Mots-clés : ['Cinéma Nestor Burma', 'DINO RISI', 'CINEMED', 'RÉTROSPECTIVE DINO RISI Festival CINEMED 2025', 'Parfum de Femme']."
Les rendez-vous de l'International,Venez échanger avec un conseiller sur votre projet de mobilité internationale. Nous proposerons une solution adaptée à votre besoin.,Montpellier,34080 Montpellier,2026-04-03T08:30:00+00:00,2026-04-03T09:00:00+00:00,"[""S'informer"", 'International']","Titre : Les rendez-vous de l'International. Description : Venez échanger avec un conseiller sur votre projet de mobilité internationale. Nous proposerons une solution adaptée à votre besoin.. Lieu : Montpellier, 34080 Montpellier. Date de début : 2026-04-03T08:30:00+00:00. Date de fin : 2026-04-03T09:00:00+00:00. Mots-clés : [""S'informer"", 'International']."
Ghost in the shell de Mamoru Oshii,Les mycéliades,Montpellier,"5, rue de Verdun, Montpellier",2026-02-13T12:54:20+00:00,2026-02-13T15:54:20+00:00,"['Diagonal-Capitole', 'Ghost in the shell de Mamoru Oshii']","Titre : Ghost in the shell de Mamoru Oshii. Description : Les mycéliades. Lieu : Montpellier, 5, rue de Verdun, Montpellier. Date de début : 2026-02-13T12:54:20+00:00. Date de fin : 2026-02-13T15:54:20+00:00. Mots-clés : ['Diagonal-Capitole', 'Ghost in the shell de Mamoru Oshii']."
L’Odyssée de Céleste de Kid Koala,Le ciné des enfants,Montpellier,"5, rue de Verdun, Montpellier",2026-03-25T15:00:00+00:00,2026-03-25T18:00:00+00:00,"['Diagonal-Capitole', 'L’Odyssée de Céleste de Kid Koala']","Titre : L’Odyssée de Céleste de Kid Koala. Description : Le ciné des enfants. Lieu : Montpellier, 5, rue de Verdun, Montpellier. Date de début : 2026-03-25T15:00:00+00:00. Date de fin : 2026-03-25T18:00:00+00:00. Mots-clés : ['Diagonal-Capitole', 'L’Odyssée de Céleste de Kid Koala']."
"Job dating Téléconseillers en appels entrants, venez rencontrer l'URSSAF !",Rejoignez la plateforme téléphonique de l'URSSAF dédiée à l'accompagnement des Particuliers Employeurs utilisant le Chèque Emploi Service Universel (CESU) pour des services à la personne.,Montpellier,34000 Montpellier,2026-04-21T07:00:00+00:00,2026-04-21T10:30:00+00:00,['Recrutement'],"Titre : Job dating Téléconseillers en appels entrants, venez rencontrer l'URSSAF !. Description : Rejoignez la plateforme téléphonique de l'URSSAF dédiée à l'accompagnement des Particuliers Employeurs utilisant le Chèque Emploi Service Universel (CESU) pour des services à la personne.. Lieu : Montpellier, 34000 Montpellier. Date de début : 2026-04-21T07:00:00+00:00. Date de fin : 2026-04-21T10:30:00+00:00. Mots-clés : ['Recrutement']."
"Intermittents du spectacle, vous voulez vous former ? Venez vous informer !",Nous organisons une rencontre à l'agence France Travail Cévennes à Montpellier concernant la formation professionnelle pour les intermittents du spectacle en partenariat avec l'AFDAS Nous vous informe,Montpellier,34080 Montpellier,2026-06-30T07:00:00+00:00,2026-06-30T10:00:00+00:00,"['Découverte formation', ""S'informer""]","Titre : Intermittents du spectacle, vous voulez vous former ? Venez vous informer !. Description : Nous organisons une rencontre à l'agence France Travail Cévennes à Montpellier concernant la formation professionnelle pour les intermittents du spectacle en partenariat avec l'AFDAS Nous vous informe. Lieu : Montpellier, 34080 Montpellier. Date de début : 2026-06-30T07:00:00+00:00. Date de fin : 2026-06-30T10:00:00+00:00. Mots-clés : ['Découverte formation', ""S'informer""]."
"Spectacle poétique en l'honneur de Max Rouquette, poète occitan",🎶 Spectacle musical et poétique : hommage à Max Rouquette,Montpellier,"1bis Rue du Jardin de la Reine, 34000 Montpellier, France",2025-09-20T13:30:00+00:00,2025-09-20T14:30:00+00:00,,"Titre : Spectacle poétique en l'honneur de Max Rouquette, poète occitan. Description : 🎶 Spectacle musical et poétique : hommage à Max Rouquette. Lieu : Montpellier, 1bis Rue du Jardin de la Reine, 34000 Montpellier, France. Date de début : 2025-09-20T13:30:00+00:00. Date de fin : 2025-09-20T14:30:00+00:00. Mots-clés : None."
Visite flash de l'exposition « Metempsychosis »,Un focus sur les œuvres d’Ivana Bašić par l’équipe de médiation.,Montpellier,"14 rue de l'Ecole de Pharmacie, Montpellier",2025-05-17T18:00:00+00:00,2025-05-17T18:30:00+00:00,,"Titre : Visite flash de l'exposition « Metempsychosis ». Description : Un focus sur les œuvres d’Ivana Bašić par l’équipe de médiation.. Lieu : Montpellier, 14 rue de l'Ecole de Pharmacie, Montpellier. Date de début : 2025-05-17T18:00:00+00:00. Date de fin : 2025-05-17T18:30:00+00:00. Mots-clés : None."
Visite thématique « Entre sciences et fictions »,Éprouvez les frontières du réel au cours de cette visite visant à décrypter les références faites à la science-fiction et à la culture populaire dans les œuvres de l’exposition.,Montpellier,"13 rue de la République, Montpellier",2025-05-17T19:00:00+00:00,2025-05-17T19:45:00+00:00,,"Titre : Visite thématique « Entre sciences et fictions ». Description : Éprouvez les frontières du réel au cours de cette visite visant à décrypter les références faites à la science-fiction et à la culture populaire dans les œuvres de l’exposition.. Lieu : Montpellier, 13 rue de la République, Montpellier. Date de début : 2025-05-17T19:00:00+00:00. Date de fin : 2025-05-17T19:45:00+00:00. Mots-clés : None."
Les rencontres de la création avec L'ADIE et CitésLab,"Rencontre avec CitésLab CitésLab – Révélateurs de Talents, ce sont d’abord des hommes et des femmes de terrain – les chefs de projets CitésLab.Les chefs de projets CitésLab rencontrent et révèlent les",Montpellier,34080 Montpellier,2025-09-10T08:00:00+00:00,2025-09-10T08:30:00+00:00,"['Se préparer', ""Création d'entreprise""]","Titre : Les rencontres de la création avec L'ADIE et CitésLab. Description : Rencontre avec CitésLab CitésLab – Révélateurs de Talents, ce sont d’abord des hommes et des femmes de terrain – les chefs de projets CitésLab.Les chefs de projets CitésLab rencontrent et révèlent les. Lieu : Montpellier, 34080 Montpellier. Date de début : 2025-09-10T08:00:00+00:00. Date de fin : 2025-09-10T08:30:00+00:00. Mots-clés : ['Se préparer', ""Création d'entreprise""]."
Le Village des Groupements d'Employeurs pour l'Insertion et la Qualification(GEIQ) de l'Hérault,"Ce rendez-vous, organisé par le COMITÉ REGIONAL OCCITANIE des Groupement d'Employeurs pour l'Insertion et la Qualification(GEIQ), vise à faire découvrir les métiers portés par les employeurs adhérents",Montpellier,34070 Montpellier,2025-09-23T07:30:00+00:00,2025-09-23T10:00:00+00:00,"['1 jeune  1 solution', '#TousMobilisés', '#TousEnImmersion', ""S'informer"", 'Découverte secteur / métier', 'Insertion', 'Recrutement', 'Découverte formation']","Titre : Le Village des Groupements d'Employeurs pour l'Insertion et la Qualification(GEIQ) de l'Hérault. Description : Ce rendez-vous, organisé par le COMITÉ REGIONAL OCCITANIE des Groupement d'Employeurs pour l'Insertion et la Qualification(GEIQ), vise à faire découvrir les métiers portés par les employeurs adhérents. Lieu : Montpellier, 34070 Montpellier. Date de début : 2025-09-23T07:30:00+00:00. Date de fin : 2025-09-23T10:00:00+00:00. Mots-clés : ['1 jeune  1 solution', '#TousMobilisés', '#TousEnImmersion', ""S'informer"", 'Découverte secteur / métier', 'Insertion', 'Recrutement', 'Découverte formation']."
Les rencontres de la création avec CitésLab,"Rencontre avec CitésLab CitésLab – Révélateurs de Talents, ce sont d’abord des hommes et des femmes de terrain – les chefs de projets CitésLab.Les chefs de projets CitésLab rencontrent et révèlent les",Montpellier,34080 Montpellier,2025-08-25T07:30:00+00:00,2025-08-25T08:00:00+00:00,"[""Création d'entreprise"", 'Se préparer']","Titre : Les rencontres de la création avec CitésLab. Description : Rencontre avec CitésLab CitésLab – Révélateurs de Talents, ce sont d’abord des hommes et des femmes de terrain – les chefs de projets CitésLab.Les chefs de projets CitésLab rencontrent et révèlent les. Lieu : Montpellier, 34080 Montpellier. Date de début : 2025-08-25T07:30:00+00:00. Date de fin : 2025-08-25T08:00:00+00:00. Mots-clés : [""Création d'entreprise"", 'Se préparer']."
"Atelier : "" Le numérique dans les métiers"".","Atelier intéractif pour découvrir les usages du numérique et leurs applications dans le monde professionnel.Les jeunes pourront tester des outils comme la modélisation 3D, l’intelligence artificielle",Montpellier,34000 Montpellier,2025-09-03T12:00:00+00:00,2025-09-03T14:00:00+00:00,"['1 jeune  1 solution', ""S'informer""]","Titre : Atelier : "" Le numérique dans les métiers"".. Description : Atelier intéractif pour découvrir les usages du numérique et leurs applications dans le monde professionnel.Les jeunes pourront tester des outils comme la modélisation 3D, l’intelligence artificielle. Lieu : Montpellier, 34000 Montpellier. Date de début : 2025-09-03T12:00:00+00:00. Date de fin : 2025-09-03T14:00:00+00:00. Mots-clés : ['1 jeune  1 solution', ""S'informer""]."
Sieste sonore « Brassée de poèmes à l’ombre d’un frêne »,🎶 Hommage à Max Rouquette – Concert intimiste au pied de l’aqueduc,Montpellier,Place Max Rouquette 34000 Montpellier,2025-09-20T12:00:00+00:00,2025-09-20T13:00:00+00:00,,"Titre : Sieste sonore « Brassée de poèmes à l’ombre d’un frêne ». Description : 🎶 Hommage à Max Rouquette – Concert intimiste au pied de l’aqueduc. Lieu : Montpellier, Place Max Rouquette 34000 Montpellier. Date de début : 2025-09-20T12:00:00+00:00. Date de fin : 2025-09-20T13:00:00+00:00. Mots-clés : None."
Visite guidée à la découverte de l'hôtel de ville,🏛️ Visite guidée de l’Hôtel de Ville de Montpellier,Montpellier,1 place Georges Frêche 34000 Montpellier,2025-09-20T08:00:00+00:00,2025-09-21T16:00:00+00:00,,"Titre : Visite guidée à la découverte de l'hôtel de ville. Description : 🏛️ Visite guidée de l’Hôtel de Ville de Montpellier. Lieu : Montpellier, 1 place Georges Frêche 34000 Montpellier. Date de début : 2025-09-20T08:00:00+00:00. Date de fin : 2025-09-21T16:00:00+00:00. Mots-clés : None."
Concert de voix occitanes,🎤 Guinguette occitane au kiosque Bosc,Montpellier,"Esplanade Charles de Gaulle, 34000 Montpellier, France",2025-09-20T09:00:00+00:00,2025-09-20T16:30:00+00:00,,"Titre : Concert de voix occitanes. Description : 🎤 Guinguette occitane au kiosque Bosc. Lieu : Montpellier, Esplanade Charles de Gaulle, 34000 Montpellier, France. Date de début : 2025-09-20T09:00:00+00:00. Date de fin : 2025-09-20T16:30:00+00:00. Mots-clés : None."
Visite guidée de peintures murales du XIIIe siècle,"L’Ostal des Carcassonne, demeure du XIIIe–XIVe siècle, s’élève à l’angle des rues de la Vieille et de la Draperie Rouge. Il s’agit d’une maison seigneuriale composée de trois corps de bâtiments assem…",Montpellier,"3 rue de la Vieille, 34000 Montpellier",2025-09-20T07:00:00+00:00,2025-09-20T11:00:00+00:00,,"Titre : Visite guidée de peintures murales du XIIIe siècle. Description : L’Ostal des Carcassonne, demeure du XIIIe–XIVe siècle, s’élève à l’angle des rues de la Vieille et de la Draperie Rouge. Il s’agit d’une maison seigneuriale composée de trois corps de bâtiments assem…. Lieu : Montpellier, 3 rue de la Vieille, 34000 Montpellier. Date de début : 2025-09-20T07:00:00+00:00. Date de fin : 2025-09-20T11:00:00+00:00. Mots-clés : None."
Saynètes de théâtre contemporain par la troupe de théâtre Ideolasso,Saynètes de théâtre contemporain,Montpellier,"5 rue de la Salle l’Évêque, 34000 Montpellier",2025-09-21T08:00:00+00:00,2025-09-21T16:00:00+00:00,,"Titre : Saynètes de théâtre contemporain par la troupe de théâtre Ideolasso. Description : Saynètes de théâtre contemporain. Lieu : Montpellier, 5 rue de la Salle l’Évêque, 34000 Montpellier. Date de début : 2025-09-21T08:00:00+00:00. Date de fin : 2025-09-21T16:00:00+00:00. Mots-clés : None."
Ateliers pour enfants dans la cour de l'hôtel de Grave !,Ateliers pour enfants – Cour de l’Hôtel de Grave :,Montpellier,"5 rue de la Salle l’Évêque, 34000 Montpellier",2025-09-20T12:00:00+00:00,2025-09-21T16:00:00+00:00,,"Titre : Ateliers pour enfants dans la cour de l'hôtel de Grave !. Description : Ateliers pour enfants – Cour de l’Hôtel de Grave :. Lieu : Montpellier, 5 rue de la Salle l’Évêque, 34000 Montpellier. Date de début : 2025-09-20T12:00:00+00:00. Date de fin : 2025-09-21T16:00:00+00:00. Mots-clés : None."
Visite commentée des restaurations de la chapelle,⛪ Présentation des dernières restaurations de la chapelle des Pénitents blancs,Montpellier,"14 rue Jacques Cœur, 34000 Montpellier",2025-09-21T08:00:00+00:00,2025-09-21T17:00:00+00:00,,"Titre : Visite commentée des restaurations de la chapelle. Description : ⛪ Présentation des dernières restaurations de la chapelle des Pénitents blancs. Lieu : Montpellier, 14 rue Jacques Cœur, 34000 Montpellier. Date de début : 2025-09-21T08:00:00+00:00. Date de fin : 2025-09-21T17:00:00+00:00. Mots-clés : None."
Les rencontres de la création avec CitésLab,"Rencontre avec CitésLab CitésLab - Révélateurs de Talents, ce sont d'abord des hommes et des femmes de terrain - les chefs de projets CitésLab.",Montpellier,34080 Montpellier,2025-10-22T07:00:00+00:00,2025-10-22T07:30:00+00:00,"['Se préparer', ""Création d'entreprise""]","Titre : Les rencontres de la création avec CitésLab. Description : Rencontre avec CitésLab CitésLab - Révélateurs de Talents, ce sont d'abord des hommes et des femmes de terrain - les chefs de projets CitésLab.. Lieu : Montpellier, 34080 Montpellier. Date de début : 2025-10-22T07:00:00+00:00. Date de fin : 2025-10-22T07:30:00+00:00. Mots-clés : ['Se préparer', ""Création d'entreprise""]."
Les rencontres de la création avec CitésLab,"Rencontre avec CitésLab CitésLab - Révélateurs de Talents, ce sont d'abord des hommes et des femmes de terrain - les chefs de projets CitésLab.",Montpellier,34080 Montpellier,2025-11-03T09:00:00+00:00,2025-11-03T09:30:00+00:00,"['Se préparer', ""Création d'entreprise""]","Titre : Les rencontres de la création avec CitésLab. Description : Rencontre avec CitésLab CitésLab - Révélateurs de Talents, ce sont d'abord des hommes et des femmes de terrain - les chefs de projets CitésLab.. Lieu : Montpellier, 34080 Montpellier. Date de début : 2025-11-03T09:00:00+00:00. Date de fin : 2025-11-03T09:30:00+00:00. Mots-clés : ['Se préparer', ""Création d'entreprise""]."
Les rencontres de la création avec Citéslab/BGE,"Venez préparer votre création d'entreprise, et poser vos questions. 30 minutes de rencontre en individuel, pour avancer sur votre projet, avec le sourire.",Montpellier,34080 Montpellier,2026-04-01T08:30:00+00:00,2026-04-01T09:00:00+00:00,"[""La semaine de la création et reprise d'entreprise - ReStart"", ""Création d'entreprise""]","Titre : Les rencontres de la création avec Citéslab/BGE. Description : Venez préparer votre création d'entreprise, et poser vos questions. 30 minutes de rencontre en individuel, pour avancer sur votre projet, avec le sourire.. Lieu : Montpellier, 34080 Montpellier. Date de début : 2026-04-01T08:30:00+00:00. Date de fin : 2026-04-01T09:00:00+00:00. Mots-clés : [""La semaine de la création et reprise d'entreprise - ReStart"", ""Création d'entreprise""]."
Les rencontres de la création avec CitésLab,"Venez préparer votre création d'entreprise, et poser vos questions. 30 minutes de rencontre en individuel, pour avancer sur votre projet, avec le sourire.",Montpellier,34080 Montpellier,2025-12-17T09:30:00+00:00,2025-12-17T10:00:00+00:00,"[""Création d'entreprise"", 'Se préparer']","Titre : Les rencontres de la création avec CitésLab. Description : Venez préparer votre création d'entreprise, et poser vos questions. 30 minutes de rencontre en individuel, pour avancer sur votre projet, avec le sourire.. Lieu : Montpellier, 34080 Montpellier. Date de début : 2025-12-17T09:30:00+00:00. Date de fin : 2025-12-17T10:00:00+00:00. Mots-clés : [""Création d'entreprise"", 'Se préparer']."
Rdv CitésLab - Création d'entreprise,"Venez préparer votre création d'entreprise, et poser vos questions. 30 minutes de rencontre en individuel, pour avancer sur votre projet, avec le sourire.",Montpellier,34080 Montpellier,2025-12-22T10:00:00+00:00,2025-12-22T10:30:00+00:00,"[""Création d'entreprise"", 'Se préparer']","Titre : Rdv CitésLab - Création d'entreprise. Description : Venez préparer votre création d'entreprise, et poser vos questions. 30 minutes de rencontre en individuel, pour avancer sur votre projet, avec le sourire.. Lieu : Montpellier, 34080 Montpellier. Date de début : 2025-12-22T10:00:00+00:00. Date de fin : 2025-12-22T10:30:00+00:00. Mots-clés : [""Création d'entreprise"", 'Se préparer']."
"Silence, ça tourne",Saison Méditerranée 2026,Montpellier,"3 Rue Nozeran, 34000 Montpellier",2026-10-16T17:00:00+00:00,2026-10-16T18:00:00+00:00,,"Titre : Silence, ça tourne. Description : Saison Méditerranée 2026. Lieu : Montpellier, 3 Rue Nozeran, 34000 Montpellier. Date de début : 2026-10-16T17:00:00+00:00. Date de fin : 2026-10-16T18:00:00+00:00. Mots-clés : None."
Dynamique emploi : faîtes le point et passez à l'action,Participez à un atelier collectif dynamique pour faire le point sur votre situation professionnelle et relancer votre recherche d'emploi.,Montpellier,34080 Montpellier,2026-05-05T12:00:00+00:00,2026-05-05T14:00:00+00:00,"['Les outils du numérique', 'Marché du travail', 'Se préparer', ""S'informer""]","Titre : Dynamique emploi : faîtes le point et passez à l'action. Description : Participez à un atelier collectif dynamique pour faire le point sur votre situation professionnelle et relancer votre recherche d'emploi.. Lieu : Montpellier, 34080 Montpellier. Date de début : 2026-05-05T12:00:00+00:00. Date de fin : 2026-05-05T14:00:00+00:00. Mots-clés : ['Les outils du numérique', 'Marché du travail', 'Se préparer', ""S'informer""]."
Coup de coeur festival RAINBOW SCREEN FESTIVAL / FRAGMENTS D'UN PARCOURS AMOUREUX Soirée spéciale le 17 septembre à 20h15 : tarif unique 5 euros.,Le festival Rainbow Screen propose son coup de cœur et surtout du public dans toute la France. Il fut la surprise de ce mois de juin lors de sa sortie.,Montpellier,"2, rue Marcellin Albert, Montpellier",2025-09-13T17:00:00+00:00,2025-09-17T20:00:00+00:00,"[""FRAGMENTS D'UN PARCOURS AMOUREUX"", 'Chloé Barreau', 'Cinéma Nestor Burma', 'Rainbow Screen Festival', 'Documentaire Romanesque']","Titre : Coup de coeur festival RAINBOW SCREEN FESTIVAL / FRAGMENTS D'UN PARCOURS AMOUREUX Soirée spéciale le 17 septembre à 20h15 : tarif unique 5 euros.. Description : Le festival Rainbow Screen propose son coup de cœur et surtout du public dans toute la France. Il fut la surprise de ce mois de juin lors de sa sortie.. Lieu : Montpellier, 2, rue Marcellin Albert, Montpellier. Date de début : 2025-09-13T17:00:00+00:00. Date de fin : 2025-09-17T20:00:00+00:00. Mots-clés : [""FRAGMENTS D'UN PARCOURS AMOUREUX"", 'Chloé Barreau', 'Cinéma Nestor Burma', 'Rainbow Screen Festival', 'Documentaire Romanesque']."
Les métiers du BTP,"Le BTP orienté Energies renouvelables : des métiers qui recrutent ! Vous découvrirez un secteur tourné vers l'avenir, qui recrute",Montpellier,34000 Montpellier,2026-04-07T12:00:00+00:00,2026-04-07T15:00:00+00:00,"['Métiers du BTP', 'Découverte secteur / métier']","Titre : Les métiers du BTP. Description : Le BTP orienté Energies renouvelables : des métiers qui recrutent ! Vous découvrirez un secteur tourné vers l'avenir, qui recrute. Lieu : Montpellier, 34000 Montpellier. Date de début : 2026-04-07T12:00:00+00:00. Date de fin : 2026-04-07T15:00:00+00:00. Mots-clés : ['Métiers du BTP', 'Découverte secteur / métier']."
Portes ouvertes / Recrutement Assistant de vie aux familles,"Le GEIQ Domicile Grand Sud et le centre de formation ADRAR, vous invite à une journée immersive pour découvrir le métier d'Assistant de vie aux familles, dans le cadre de ses recrutements.",Montpellier,34070 Montpellier,2026-04-09T07:00:00+00:00,2026-04-09T14:00:00+00:00,"['Recrutement', 'Découverte secteur / métier', ""S'informer"", 'Découverte formation']","Titre : Portes ouvertes / Recrutement Assistant de vie aux familles. Description : Le GEIQ Domicile Grand Sud et le centre de formation ADRAR, vous invite à une journée immersive pour découvrir le métier d'Assistant de vie aux familles, dans le cadre de ses recrutements.. Lieu : Montpellier, 34070 Montpellier. Date de début : 2026-04-09T07:00:00+00:00. Date de fin : 2026-04-09T14:00:00+00:00. Mots-clés : ['Recrutement', 'Découverte secteur / métier', ""S'informer"", 'Découverte formation']."
Dernier Train pour Busan de Sang-Ho Yeon,Les mycéliades,Montpellier,"5, rue de Verdun, Montpellier",2026-02-07T19:00:00+00:00,2026-02-07T22:00:00+00:00,"['Diagonal-Capitole', 'Dernier Train pour Busan de Sang-Ho Yeon']","Titre : Dernier Train pour Busan de Sang-Ho Yeon. Description : Les mycéliades. Lieu : Montpellier, 5, rue de Verdun, Montpellier. Date de début : 2026-02-07T19:00:00+00:00. Date de fin : 2026-02-07T22:00:00+00:00. Mots-clés : ['Diagonal-Capitole', 'Dernier Train pour Busan de Sang-Ho Yeon']."
Au cœur des Volcans de Werner Herzog,Ecrans philosophiques,Montpellier,"5, rue de Verdun, Montpellier",2026-02-20T19:00:00+00:00,2026-02-20T22:00:00+00:00,"['Diagonal-Capitole', 'Au cœur des Volcans de Werner Herzog']","Titre : Au cœur des Volcans de Werner Herzog. Description : Ecrans philosophiques. Lieu : Montpellier, 5, rue de Verdun, Montpellier. Date de début : 2026-02-20T19:00:00+00:00. Date de fin : 2026-02-20T22:00:00+00:00. Mots-clés : ['Diagonal-Capitole', 'Au cœur des Volcans de Werner Herzog']."
Les rencontres de la création avec AXENTS,"Vous avez une idée, besoin de conseils ? Depuis 1995, AXENTS favorise l'émergence de projets et le développement de la création d'entreprise dans le département de l'Hérault.",Montpellier,34080 Montpellier,2026-05-13T09:30:00+00:00,2026-05-13T10:00:00+00:00,"[""La semaine de la création et reprise d'entreprise - ReStart"", ""Création d'entreprise""]","Titre : Les rencontres de la création avec AXENTS. Description : Vous avez une idée, besoin de conseils ? Depuis 1995, AXENTS favorise l'émergence de projets et le développement de la création d'entreprise dans le département de l'Hérault.. Lieu : Montpellier, 34080 Montpellier. Date de début : 2026-05-13T09:30:00+00:00. Date de fin : 2026-05-13T10:00:00+00:00. Mots-clés : [""La semaine de la création et reprise d'entreprise - ReStart"", ""Création d'entreprise""]."
Ce(ux) qui manque(nt),"Représentation de la pièce ""Ce(ux) qui manque(nt)"" programmée dans le cadre de la Biennale Euro-Africa de Montpellier le dimanche 12 octobre à 16h30 à la Médiathèque Emile Zola.",Montpellier,"218 Bd de l'Aéroport international, 34000 Montpellier",2025-10-12T14:30:00+00:00,2025-10-12T15:30:00+00:00,"['theatre', 'montpellier', 'biennale euroafrica', 'déracinement', 'exil', 'héritage', 'construction identite']","Titre : Ce(ux) qui manque(nt). Description : Représentation de la pièce ""Ce(ux) qui manque(nt)"" programmée dans le cadre de la Biennale Euro-Africa de Montpellier le dimanche 12 octobre à 16h30 à la Médiathèque Emile Zola.. Lieu : Montpellier, 218 Bd de l'Aéroport international, 34000 Montpellier. Date de début : 2025-10-12T14:30:00+00:00. Date de fin : 2025-10-12T15:30:00+00:00. Mots-clés : ['theatre', 'montpellier', 'biennale euroafrica', 'déracinement', 'exil', 'héritage', 'construction identite']."
"Connecter Talents, Technologies et Capitaux pour accélérer l’Innovation dans le secteur de la Santé et des Biotechnologies","Connecter Talents, Technologies et Capitaux pour accélérer l’Innovation dans le secteur de la Santé et des Biotechnologies par HEC Alumni",Montpellier,10 Place Françoise Héritier 34000 MONTPELLIER,2025-12-11T17:30:00+00:00,2025-12-11T21:00:00+00:00,['Connecter Talents Technologies Capitaux accélérer innovation secteur santé biotechnologies HEC Alumni Montpellier'],"Titre : Connecter Talents, Technologies et Capitaux pour accélérer l’Innovation dans le secteur de la Santé et des Biotechnologies. Description : Connecter Talents, Technologies et Capitaux pour accélérer l’Innovation dans le secteur de la Santé et des Biotechnologies par HEC Alumni. Lieu : Montpellier, 10 Place Françoise Héritier 34000 MONTPELLIER. Date de début : 2025-12-11T17:30:00+00:00. Date de fin : 2025-12-11T21:00:00+00:00. Mots-clés : ['Connecter Talents Technologies Capitaux accélérer innovation secteur santé biotechnologies HEC Alumni Montpellier']."
Opéra Orchestre national de Montpellier,Répétition ouverte de l’atelier de violoncelles « À Vos pupitres » - Un moment privilégié pour découvrir les coulisses de la pratique amateur,Montpellier,"Place Charles de Gaulle, 34000 Montpellier",2025-05-10T15:00:00+00:00,2025-05-10T16:30:00+00:00,"['violoncelle', 'repetition', 'amateurs']","Titre : Opéra Orchestre national de Montpellier. Description : Répétition ouverte de l’atelier de violoncelles « À Vos pupitres » - Un moment privilégié pour découvrir les coulisses de la pratique amateur. Lieu : Montpellier, Place Charles de Gaulle, 34000 Montpellier. Date de début : 2025-05-10T15:00:00+00:00. Date de fin : 2025-05-10T16:30:00+00:00. Mots-clés : ['violoncelle', 'repetition', 'amateurs']."
Journée au coeur de l'IA,"L’intelligence artificielle sous toutes ses formes Rencontres, usages et perspectives à Montpellier",Montpellier,"10 place Françoise Héritier, 34000 Montpellier",2025-12-10T08:30:00+00:00,2025-12-10T16:00:00+00:00,"['Trophées', 'IA', 'RH', 'Education', 'usages']","Titre : Journée au coeur de l'IA. Description : L’intelligence artificielle sous toutes ses formes Rencontres, usages et perspectives à Montpellier. Lieu : Montpellier, 10 place Françoise Héritier, 34000 Montpellier. Date de début : 2025-12-10T08:30:00+00:00. Date de fin : 2025-12-10T16:00:00+00:00. Mots-clés : ['Trophées', 'IA', 'RH', 'Education', 'usages']."
Exposition « Terre de Bâtisseuses »,"Pour ce début d'été, la MAOM vous invite à venir explorer « Terre de Bâtisseuses », une exposition signée Alizée Cugney et Claire Dycha, co-gérantes de l’association éponyme.",Montpellier,19 rue Saint Louis 34000 Montpellier,2025-06-27T08:00:00+00:00,2025-07-24T16:00:00+00:00,"['exposition', 'architecture', 'terre crue', 'construction', 'portrait']","Titre : Exposition « Terre de Bâtisseuses ». Description : Pour ce début d'été, la MAOM vous invite à venir explorer « Terre de Bâtisseuses », une exposition signée Alizée Cugney et Claire Dycha, co-gérantes de l’association éponyme.. Lieu : Montpellier, 19 rue Saint Louis 34000 Montpellier. Date de début : 2025-06-27T08:00:00+00:00. Date de fin : 2025-07-24T16:00:00+00:00. Mots-clés : ['exposition', 'architecture', 'terre crue', 'construction', 'portrait']."
Mai à Vélo 2026,Faites parcourir à votre communauté le plus de kilomètres au mois de mai !,Montpellier,"141 Rue de la Cardonille, 34296 Montpellier, France",2026-04-30T22:00:00+00:00,2026-05-31T21:59:59+00:00,['challenge-id=209561'],"Titre : Mai à Vélo 2026. Description : Faites parcourir à votre communauté le plus de kilomètres au mois de mai !. Lieu : Montpellier, 141 Rue de la Cardonille, 34296 Montpellier, France. Date de début : 2026-04-30T22:00:00+00:00. Date de fin : 2026-05-31T21:59:59+00:00. Mots-clés : ['challenge-id=209561']."
Mai à Vélo 2026,Faites parcourir à votre communauté le plus de kilomètres au mois de mai !,Montpellier,"Montpellier, 34000 France",2026-04-30T22:00:00+00:00,2026-05-31T21:59:59+00:00,['challenge-id=212741'],"Titre : Mai à Vélo 2026. Description : Faites parcourir à votre communauté le plus de kilomètres au mois de mai !. Lieu : Montpellier, Montpellier, 34000 France. Date de début : 2026-04-30T22:00:00+00:00. Date de fin : 2026-05-31T21:59:59+00:00. Mots-clés : ['challenge-id=212741']."
Mai à Vélo 2026,Faites parcourir à votre communauté le plus de kilomètres au mois de mai !,Montpellier,"1919 Route de Mende, 34090 Montpellier France",2026-04-30T22:00:00+00:00,2026-05-31T21:59:59+00:00,['challenge-id=212840'],"Titre : Mai à Vélo 2026. Description : Faites parcourir à votre communauté le plus de kilomètres au mois de mai !. Lieu : Montpellier, 1919 Route de Mende, 34090 Montpellier France. Date de début : 2026-04-30T22:00:00+00:00. Date de fin : 2026-05-31T21:59:59+00:00. Mots-clés : ['challenge-id=212840']."
3CS Workshop - Conference on active mobility,This conference will bring together researchers and local stakeholders to discuss mobility issues in universities.,Montpellier,Montpellier rue professeur henri serre,2025-05-14T07:00:00+00:00,2025-05-14T10:00:00+00:00,,"Titre : 3CS Workshop - Conference on active mobility. Description : This conference will bring together researchers and local stakeholders to discuss mobility issues in universities.. Lieu : Montpellier, Montpellier rue professeur henri serre. Date de début : 2025-05-14T07:00:00+00:00. Date de fin : 2025-05-14T10:00:00+00:00. Mots-clés : None."
"Visites de l'église du Saint-Esprit, labellisée Architecture Contemporaine Remarquable","Venez découvrir l’église du Saint-Esprit, joyau méconnu de l’architecture moderne à Montpellier !",Montpellier,"78 rue Sainte-Geneviève, 34000 Montpellier",2025-10-18T08:00:00+00:00,2025-10-19T16:00:00+00:00,,"Titre : Visites de l'église du Saint-Esprit, labellisée Architecture Contemporaine Remarquable. Description : Venez découvrir l’église du Saint-Esprit, joyau méconnu de l’architecture moderne à Montpellier !. Lieu : Montpellier, 78 rue Sainte-Geneviève, 34000 Montpellier. Date de début : 2025-10-18T08:00:00+00:00. Date de fin : 2025-10-19T16:00:00+00:00. Mots-clés : None."
Atelier « C'est nous les médiateurs »,Un atelier ouvert à tous mené par une classe option Arts Plastiques du lycée Jean Monnet. Les élèves vous proposent de partager un temps de pratique plastique en lien avec les expositions. Entrée la…,Montpellier,"14 rue de l'Ecole de Pharmacie, Montpellier",2025-05-17T17:00:00+00:00,2025-05-17T20:00:00+00:00,,"Titre : Atelier « C'est nous les médiateurs ». Description : Un atelier ouvert à tous mené par une classe option Arts Plastiques du lycée Jean Monnet. Les élèves vous proposent de partager un temps de pratique plastique en lien avec les expositions. Entrée la…. Lieu : Montpellier, 14 rue de l'Ecole de Pharmacie, Montpellier. Date de début : 2025-05-17T17:00:00+00:00. Date de fin : 2025-05-17T20:00:00+00:00. Mots-clés : None."
"Bibliothèques Vivantes "" Vers la Palestine """,Saison Méditerranée 2026,Montpellier,Place de la Comédie 34000 Montpellier,2026-10-25T10:00:00+00:00,2026-10-25T13:00:00+00:00,,"Titre : Bibliothèques Vivantes "" Vers la Palestine "". Description : Saison Méditerranée 2026. Lieu : Montpellier, Place de la Comédie 34000 Montpellier. Date de début : 2026-10-25T10:00:00+00:00. Date de fin : 2026-10-25T13:00:00+00:00. Mots-clés : None."
Confessions nocturnes,Création sonore participative,Montpellier,"Place de la Comédie, 34000, Montpellier",2026-05-09T07:30:00+00:00,2026-05-10T15:00:00+00:00,,"Titre : Confessions nocturnes. Description : Création sonore participative. Lieu : Montpellier, Place de la Comédie, 34000, Montpellier. Date de début : 2026-05-09T07:30:00+00:00. Date de fin : 2026-05-10T15:00:00+00:00. Mots-clés : None."
« CINÉMA ET ARTS PLASTIQUES » / LA PRINCESSE ET LE ROSSIGNOL,LUNDI 20 OCTOBRE À 15H45,Montpellier,"2, rue Marcellin Albert, Montpellier",2025-10-20T13:45:00+00:00,2025-10-20T15:00:00+00:00,"['Cinéma Nestor Burma', 'LA PRINCESSE ET LE ROSSIGNOL']","Titre : « CINÉMA ET ARTS PLASTIQUES » / LA PRINCESSE ET LE ROSSIGNOL. Description : LUNDI 20 OCTOBRE À 15H45. Lieu : Montpellier, 2, rue Marcellin Albert, Montpellier. Date de début : 2025-10-20T13:45:00+00:00. Date de fin : 2025-10-20T15:00:00+00:00. Mots-clés : ['Cinéma Nestor Burma', 'LA PRINCESSE ET LE ROSSIGNOL']."
CINEMED 2025 / UNE VIE DIFFICILE - rétro DINO RISI,Dimanche 19 octobre à 16h45.,Montpellier,"2, rue Marcellin Albert, Montpellier",2025-10-19T14:45:00+00:00,2025-10-19T17:00:00+00:00,"['Cinéma Nestor Burma', 'DINO RISI', 'ciné-club Jean Vigo', 'CINEMED', 'RÉTROSPECTIVE DINO RISI Festival CINEMED 2025']","Titre : CINEMED 2025 / UNE VIE DIFFICILE - rétro DINO RISI. Description : Dimanche 19 octobre à 16h45.. Lieu : Montpellier, 2, rue Marcellin Albert, Montpellier. Date de début : 2025-10-19T14:45:00+00:00. Date de fin : 2025-10-19T17:00:00+00:00. Mots-clés : ['Cinéma Nestor Burma', 'DINO RISI', 'ciné-club Jean Vigo', 'CINEMED', 'RÉTROSPECTIVE DINO RISI Festival CINEMED 2025']."
FESTIVAL PLAY IT AGAIN / LA NOIR DE...,"Le 26 septembre à 20h30. Le cinéma Nestor Burma, le ""festival Play it again"" pour sa 11ᵉ édition et de la Biennale Euro-Africa",Montpellier,"2, rue Marcellin Albert, Montpellier",2025-09-26T18:30:00+00:00,2025-09-26T21:00:00+00:00,"['cinéma Nestor Burma', 'festival Play it again', 'LA NOIR DE...', 'Prix Jean Vigo 1966', 'Ousmane Sembène', 'ADRC', 'Delphe Kifouani']","Titre : FESTIVAL PLAY IT AGAIN / LA NOIR DE.... Description : Le 26 septembre à 20h30. Le cinéma Nestor Burma, le ""festival Play it again"" pour sa 11ᵉ édition et de la Biennale Euro-Africa. Lieu : Montpellier, 2, rue Marcellin Albert, Montpellier. Date de début : 2025-09-26T18:30:00+00:00. Date de fin : 2025-09-26T21:00:00+00:00. Mots-clés : ['cinéma Nestor Burma', 'festival Play it again', 'LA NOIR DE...', 'Prix Jean Vigo 1966', 'Ousmane Sembène', 'ADRC', 'Delphe Kifouani']."
10e JOURNÉE ART ET ESSAI DU CINÉMA EUROPÉEN / UN POÈTE,Dimanche 23 novembre à 17H15,Montpellier,"2, rue Marcellin Albert",2025-11-23T16:15:00+00:00,2025-11-23T17:30:00+00:00,"['cinema Nestor Burma', 'un poete', 'Simón Mesa Soto', '10e JOURNÉE ART ET ESSAI DU CINÉMA EUROPÉEN', 'CICAE', 'AFCAE']","Titre : 10e JOURNÉE ART ET ESSAI DU CINÉMA EUROPÉEN / UN POÈTE. Description : Dimanche 23 novembre à 17H15. Lieu : Montpellier, 2, rue Marcellin Albert. Date de début : 2025-11-23T16:15:00+00:00. Date de fin : 2025-11-23T17:30:00+00:00. Mots-clés : ['cinema Nestor Burma', 'un poete', 'Simón Mesa Soto', '10e JOURNÉE ART ET ESSAI DU CINÉMA EUROPÉEN', 'CICAE', 'AFCAE']."
Visite guidée du bâtiment Atrium,🏛️ Visite guidée du learning center Atrium,Montpellier,"Route de Mende, 34199 Montpellier",2025-09-19T06:30:00+00:00,2025-09-20T16:00:00+00:00,,"Titre : Visite guidée du bâtiment Atrium. Description : 🏛️ Visite guidée du learning center Atrium. Lieu : Montpellier, Route de Mende, 34199 Montpellier. Date de début : 2025-09-19T06:30:00+00:00. Date de fin : 2025-09-20T16:00:00+00:00. Mots-clés : None."
Visite commentée d'un atelier de fabrication de clavecins,"Vous pourrez entendre plusieurs instruments présentant la grande diversité des sonorités, et nous parlerons des moyens techniques d’atteindre cette diversité. Qu’est-ce qu’un son musical, comment le…",Montpellier,"11 bis rue des Soldats, 34000 Montpellier",2025-09-20T09:00:00+00:00,2025-09-21T15:00:00+00:00,,"Titre : Visite commentée d'un atelier de fabrication de clavecins. Description : Vous pourrez entendre plusieurs instruments présentant la grande diversité des sonorités, et nous parlerons des moyens techniques d’atteindre cette diversité. Qu’est-ce qu’un son musical, comment le…. Lieu : Montpellier, 11 bis rue des Soldats, 34000 Montpellier. Date de début : 2025-09-20T09:00:00+00:00. Date de fin : 2025-09-21T15:00:00+00:00. Mots-clés : None."
Visites guidées de la villa des Cent Regards,Visite guidée de la Villa des Cent Regards,Montpellier,"1000 rue de la Roqueturière, 34090 Montpellier",2025-09-20T07:00:00+00:00,2025-09-21T14:00:00+00:00,,"Titre : Visites guidées de la villa des Cent Regards. Description : Visite guidée de la Villa des Cent Regards. Lieu : Montpellier, 1000 rue de la Roqueturière, 34090 Montpellier. Date de début : 2025-09-20T07:00:00+00:00. Date de fin : 2025-09-21T14:00:00+00:00. Mots-clés : None."
Les rencontres de la création avec CitésLab,"Rencontre avec CitésLab CitésLab – Révélateurs de Talents, ce sont d’abord des hommes et des femmes de terrain – les chefs de projets CitésLab.Les chefs de projets CitésLab rencontrent et révèlent...",Montpellier,34080 Montpellier,2025-10-08T07:30:00+00:00,2025-10-08T08:00:00+00:00,"['Atelier', 'Se préparer', ""Création d'entreprise"", 'Tout public', 'en physique']","Titre : Les rencontres de la création avec CitésLab. Description : Rencontre avec CitésLab CitésLab – Révélateurs de Talents, ce sont d’abord des hommes et des femmes de terrain – les chefs de projets CitésLab.Les chefs de projets CitésLab rencontrent et révèlent.... Lieu : Montpellier, 34080 Montpellier. Date de début : 2025-10-08T07:30:00+00:00. Date de fin : 2025-10-08T08:00:00+00:00. Mots-clés : ['Atelier', 'Se préparer', ""Création d'entreprise"", 'Tout public', 'en physique']."
Max Rouquette,"Du 30 août au 18 octobre, venez découvrir au rez-de-chaussée de la médiathèque Émile Zola une partie du fonds d’archives de Max Rouquette (1909-2005), auteur emblématique du classique de la occitane …",Montpellier,218 boulevard de l'Aéroport International 34000 Montpellier,2025-10-03T10:00:00+00:00,2025-10-05T16:00:00+00:00,,"Titre : Max Rouquette. Description : Du 30 août au 18 octobre, venez découvrir au rez-de-chaussée de la médiathèque Émile Zola une partie du fonds d’archives de Max Rouquette (1909-2005), auteur emblématique du classique de la occitane …. Lieu : Montpellier, 218 boulevard de l'Aéroport International 34000 Montpellier. Date de début : 2025-10-03T10:00:00+00:00. Date de fin : 2025-10-05T16:00:00+00:00. Mots-clés : None."
Réunion d'information collective sur la retraite avec la CARSAT,Vous avez 59 ans et plus et souhaitez y voir clair sur votre future retraite.,Montpellier,34080 Montpellier,2026-06-26T11:30:00+00:00,2026-06-26T13:45:00+00:00,"['Mobilisation 50 ans et plus', ""S'informer""]","Titre : Réunion d'information collective sur la retraite avec la CARSAT. Description : Vous avez 59 ans et plus et souhaitez y voir clair sur votre future retraite.. Lieu : Montpellier, 34080 Montpellier. Date de début : 2026-06-26T11:30:00+00:00. Date de fin : 2026-06-26T13:45:00+00:00. Mots-clés : ['Mobilisation 50 ans et plus', ""S'informer""]."
Les rencontres de la création avec Axents,Axents Montpellier propose accompagnement et formation à la création/reprise d'entreprise,Montpellier,34080 Montpellier,2025-11-05T08:00:00+00:00,2025-11-05T08:30:00+00:00,"[""Création d'entreprise"", 'Se préparer']","Titre : Les rencontres de la création avec Axents. Description : Axents Montpellier propose accompagnement et formation à la création/reprise d'entreprise. Lieu : Montpellier, 34080 Montpellier. Date de début : 2025-11-05T08:00:00+00:00. Date de fin : 2025-11-05T08:30:00+00:00. Mots-clés : [""Création d'entreprise"", 'Se préparer']."
Les rencontres de la création avec CitésLab,"Rencontre avec CitésLab CitésLab - Révélateurs de Talents, ce sont d'abord des hommes et des femmes de terrain - les chefs de projets CitésLab.",Montpellier,34080 Montpellier,2025-11-03T10:30:00+00:00,2025-11-03T11:00:00+00:00,"['Se préparer', ""Création d'entreprise""]","Titre : Les rencontres de la création avec CitésLab. Description : Rencontre avec CitésLab CitésLab - Révélateurs de Talents, ce sont d'abord des hommes et des femmes de terrain - les chefs de projets CitésLab.. Lieu : Montpellier, 34080 Montpellier. Date de début : 2025-11-03T10:30:00+00:00. Date de fin : 2025-11-03T11:00:00+00:00. Mots-clés : ['Se préparer', ""Création d'entreprise""]."
Job dating dédié aux candidats de 50 ans et plus - METIER d' A.S.H à l'Ostal du Lac,EHPAD accueillant des personnes âgées dépendantes et personnes âgées en situation de handicap : Vos missions : - Participe au confort et au bien-être du résident - Service des petits déjeuners - Serv,Montpellier,34080 Montpellier,2026-01-08T08:00:00+00:00,2026-01-08T11:30:00+00:00,"['Mobilisation 50 ans et plus', 'Recrutement']","Titre : Job dating dédié aux candidats de 50 ans et plus - METIER d' A.S.H à l'Ostal du Lac. Description : EHPAD accueillant des personnes âgées dépendantes et personnes âgées en situation de handicap : Vos missions : - Participe au confort et au bien-être du résident - Service des petits déjeuners - Serv. Lieu : Montpellier, 34080 Montpellier. Date de début : 2026-01-08T08:00:00+00:00. Date de fin : 2026-01-08T11:30:00+00:00. Mots-clés : ['Mobilisation 50 ans et plus', 'Recrutement']."
"Piano, violons et chant lyrique",Fête de la musique 2025,Montpellier,4 bis rue des Augustins 34000 Montpellier,2025-06-21T13:00:00+00:00,2025-06-21T14:30:00+00:00,,"Titre : Piano, violons et chant lyrique. Description : Fête de la musique 2025. Lieu : Montpellier, 4 bis rue des Augustins 34000 Montpellier. Date de début : 2025-06-21T13:00:00+00:00. Date de fin : 2025-06-21T14:30:00+00:00. Mots-clés : None."
La cuisine de Circée s'investit pour la Grande Semaine Végétale,"Chaque jour, une recette ou astuce végétarienne",Montpellier,Montpellier,2025-09-25T22:00:00+00:00,2025-10-03T21:30:00+00:00,,"Titre : La cuisine de Circée s'investit pour la Grande Semaine Végétale. Description : Chaque jour, une recette ou astuce végétarienne. Lieu : Montpellier, Montpellier. Date de début : 2025-09-25T22:00:00+00:00. Date de fin : 2025-10-03T21:30:00+00:00. Mots-clés : None."
Opéra Orchestre national de Montpellier,Dans les coulisses de l’Opéra Comédie - Visites guidées,Montpellier,"Place de la Comédie, Montpellier",2025-05-10T08:00:00+00:00,2025-05-11T14:00:00+00:00,"['visites', 'coulisses', 'patrimoine']","Titre : Opéra Orchestre national de Montpellier. Description : Dans les coulisses de l’Opéra Comédie - Visites guidées. Lieu : Montpellier, Place de la Comédie, Montpellier. Date de début : 2025-05-10T08:00:00+00:00. Date de fin : 2025-05-11T14:00:00+00:00. Mots-clés : ['visites', 'coulisses', 'patrimoine']."
Mai à Vélo 2026,Faites parcourir à votre communauté le plus de kilomètres au mois de mai !,Montpellier,"895 Rue de la Vieille Poste, 34000 Montpellier, France",2026-04-30T22:00:00+00:00,2026-05-31T21:59:59+00:00,['challenge-id=209439'],"Titre : Mai à Vélo 2026. Description : Faites parcourir à votre communauté le plus de kilomètres au mois de mai !. Lieu : Montpellier, 895 Rue de la Vieille Poste, 34000 Montpellier, France. Date de début : 2026-04-30T22:00:00+00:00. Date de fin : 2026-05-31T21:59:59+00:00. Mots-clés : ['challenge-id=209439']."
Mai à Vélo 2026,Faites parcourir à votre communauté le plus de kilomètres au mois de mai !,Montpellier,"Qair, 120 Rue Maryam Mirzakhani 34000 Montpellier, France",2026-04-30T22:00:00+00:00,2026-05-31T21:59:59+00:00,['challenge-id=209549'],"Titre : Mai à Vélo 2026. Description : Faites parcourir à votre communauté le plus de kilomètres au mois de mai !. Lieu : Montpellier, Qair, 120 Rue Maryam Mirzakhani 34000 Montpellier, France. Date de début : 2026-04-30T22:00:00+00:00. Date de fin : 2026-05-31T21:59:59+00:00. Mots-clés : ['challenge-id=209549']."
Mai à Vélo 2026,Faites parcourir à votre communauté le plus de kilomètres au mois de mai !,Montpellier,"140 Rue des Walkyries, 34965 Montpellier, France",2026-04-30T22:00:00+00:00,2026-05-31T21:59:59+00:00,['challenge-id=211620'],"Titre : Mai à Vélo 2026. Description : Faites parcourir à votre communauté le plus de kilomètres au mois de mai !. Lieu : Montpellier, 140 Rue des Walkyries, 34965 Montpellier, France. Date de début : 2026-04-30T22:00:00+00:00. Date de fin : 2026-05-31T21:59:59+00:00. Mots-clés : ['challenge-id=211620']."
Mai à Vélo 2026,Faites parcourir à votre communauté le plus de kilomètres au mois de mai !,Montpellier,"Region Occitanie, 417 Rue Samuel Morse 34000 Montpellier France",2026-04-30T22:00:00+00:00,2026-05-31T21:59:59+00:00,['challenge-id=213374'],"Titre : Mai à Vélo 2026. Description : Faites parcourir à votre communauté le plus de kilomètres au mois de mai !. Lieu : Montpellier, Region Occitanie, 417 Rue Samuel Morse 34000 Montpellier France. Date de début : 2026-04-30T22:00:00+00:00. Date de fin : 2026-05-31T21:59:59+00:00. Mots-clés : ['challenge-id=213374']."
Atelier Réparation 1h Mondial Tissus,Un trou dans un pull ? Un zip cassé ? Rendez-vous chez Mondial Tissus pour un atelier de réparation créative.,Montpellier,"130 RUE DE LA RESTANQUE, MONTPELLIER, 34070",2025-10-18T12:00:00+00:00,2025-10-18T13:00:00+00:00,"['réparation', 'textile']","Titre : Atelier Réparation 1h Mondial Tissus. Description : Un trou dans un pull ? Un zip cassé ? Rendez-vous chez Mondial Tissus pour un atelier de réparation créative.. Lieu : Montpellier, 130 RUE DE LA RESTANQUE, MONTPELLIER, 34070. Date de début : 2025-10-18T12:00:00+00:00. Date de fin : 2025-10-18T13:00:00+00:00. Mots-clés : ['réparation', 'textile']."
Art et littérature,"Profitez d’une visite à double voix entre littérature et art, avec des extraits du livre _Electro sensibles_ lus par son auteur Damien Ribeiro et le point de vue d’un conservateur du musée Fabre, En …",Montpellier,"39 Boulevard de Bonnes Nouvelles, 34000 Montpellier, France",2025-05-17T17:30:00+00:00,2025-05-17T18:30:00+00:00,,"Titre : Art et littérature. Description : Profitez d’une visite à double voix entre littérature et art, avec des extraits du livre _Electro sensibles_ lus par son auteur Damien Ribeiro et le point de vue d’un conservateur du musée Fabre, En …. Lieu : Montpellier, 39 Boulevard de Bonnes Nouvelles, 34000 Montpellier, France. Date de début : 2025-05-17T17:30:00+00:00. Date de fin : 2025-05-17T18:30:00+00:00. Mots-clés : None."
Visites pédagogiques,Venez découvrir le plus ancien Jardin botanique de France à travers les différentes visites proposées tout au long du week-end.,Montpellier,"12 Bd Henri IV, 34000 Montpellier, France",2025-06-06T11:30:00+00:00,2025-06-08T15:00:00+00:00,,"Titre : Visites pédagogiques. Description : Venez découvrir le plus ancien Jardin botanique de France à travers les différentes visites proposées tout au long du week-end.. Lieu : Montpellier, 12 Bd Henri IV, 34000 Montpellier, France. Date de début : 2025-06-06T11:30:00+00:00. Date de fin : 2025-06-08T15:00:00+00:00. Mots-clés : None."
JULO MUSIC,dans le cadre du Festival Culture Bar-Bars,Montpellier,"48 square de la Babote, 34000 Montpellier",2025-11-29T20:00:00+00:00,2025-11-29T22:00:00+00:00,"['Pop', 'Folk']","Titre : JULO MUSIC. Description : dans le cadre du Festival Culture Bar-Bars. Lieu : Montpellier, 48 square de la Babote, 34000 Montpellier. Date de début : 2025-11-29T20:00:00+00:00. Date de fin : 2025-11-29T22:00:00+00:00. Mots-clés : ['Pop', 'Folk']."
Projection et rencontre : Les Contes d'OC de Nikita Fraysse,✨ Les Contes d’Oc de Nikita Fraysse,Montpellier,"218 Bd. de l'Aéroport International, 34000 Montpellier",2025-09-19T08:00:00+00:00,2025-09-19T13:30:00+00:00,,"Titre : Projection et rencontre : Les Contes d'OC de Nikita Fraysse. Description : ✨ Les Contes d’Oc de Nikita Fraysse. Lieu : Montpellier, 218 Bd. de l'Aéroport International, 34000 Montpellier. Date de début : 2025-09-19T08:00:00+00:00. Date de fin : 2025-09-19T13:30:00+00:00. Mots-clés : None."
Atelier : Paysage Ludique en Pop-up,🎨 Paysage ludique en pop-up : atelier créatif pour enfants,Montpellier,"218 Bd. de l'Aéroport International, 34000 Montpellier",2025-09-20T14:30:00+00:00,2025-09-20T15:30:00+00:00,,"Titre : Atelier : Paysage Ludique en Pop-up. Description : 🎨 Paysage ludique en pop-up : atelier créatif pour enfants. Lieu : Montpellier, 218 Bd. de l'Aéroport International, 34000 Montpellier. Date de début : 2025-09-20T14:30:00+00:00. Date de fin : 2025-09-20T15:30:00+00:00. Mots-clés : None."
Visite guidée du Jardin de la reine,🌿 Visite commentée du Jardin de la Reine,Montpellier,"1bis Rue du Jardin de la Reine, 34000 Montpellier, France",2025-09-20T08:00:00+00:00,2025-09-21T15:00:00+00:00,,"Titre : Visite guidée du Jardin de la reine. Description : 🌿 Visite commentée du Jardin de la Reine. Lieu : Montpellier, 1bis Rue du Jardin de la Reine, 34000 Montpellier, France. Date de début : 2025-09-20T08:00:00+00:00. Date de fin : 2025-09-21T15:00:00+00:00. Mots-clés : None."
"Visite commentée : « Un musée, des bâtiments, une histoire »",🏛️ Découverte architecturale du musée Fabre,Montpellier,"39 Boulevard de Bonnes Nouvelles, 34000 Montpellier, France",2025-09-20T12:30:00+00:00,2025-09-21T15:00:00+00:00,,"Titre : Visite commentée : « Un musée, des bâtiments, une histoire ». Description : 🏛️ Découverte architecturale du musée Fabre. Lieu : Montpellier, 39 Boulevard de Bonnes Nouvelles, 34000 Montpellier, France. Date de début : 2025-09-20T12:30:00+00:00. Date de fin : 2025-09-21T15:00:00+00:00. Mots-clés : None."
"Exposition ""Montpellier, regarder la ville autrement. Archives et architecture""","À travers l'exemple de cinq monuments emblématiques de Montpellier, cette présentation de documents issus des fonds conservés aux Archives de Montpellier montrera comment l'architecture a changé de …",Montpellier,"218 boulevard de l'Aéroport, 34064 Montpellier",2025-09-20T08:00:00+00:00,2025-09-20T16:00:00+00:00,,"Titre : Exposition ""Montpellier, regarder la ville autrement. Archives et architecture"". Description : À travers l'exemple de cinq monuments emblématiques de Montpellier, cette présentation de documents issus des fonds conservés aux Archives de Montpellier montrera comment l'architecture a changé de …. Lieu : Montpellier, 218 boulevard de l'Aéroport, 34064 Montpellier. Date de début : 2025-09-20T08:00:00+00:00. Date de fin : 2025-09-20T16:00:00+00:00. Mots-clés : None."
Performance Chorégraphique,"Olivier Kiswinsida Gansaore, artiste chorégraphe burkinabè dont la démarche artistique questionne les défis de la société à travers le langage du corps, propose une performance en lien avec les de…",Montpellier,"13 rue de la République, 34000 Montpellier",2025-09-21T13:30:00+00:00,2025-09-21T16:00:00+00:00,,"Titre : Performance Chorégraphique. Description : Olivier Kiswinsida Gansaore, artiste chorégraphe burkinabè dont la démarche artistique questionne les défis de la société à travers le langage du corps, propose une performance en lien avec les de…. Lieu : Montpellier, 13 rue de la République, 34000 Montpellier. Date de début : 2025-09-21T13:30:00+00:00. Date de fin : 2025-09-21T16:00:00+00:00. Mots-clés : None."
"Visite commentée : ""1622, le siège de Montpellier et la citadelle""",Laissez-vous conter l'histoire exceptionnelle de la citadelle (aujourd’hui occupée par le Lycée Joffre).,Montpellier,"Rue Michel de l'Hospital, 34000 Montpellier",2025-09-20T12:00:00+00:00,2025-09-20T14:00:00+00:00,,"Titre : Visite commentée : ""1622, le siège de Montpellier et la citadelle"". Description : Laissez-vous conter l'histoire exceptionnelle de la citadelle (aujourd’hui occupée par le Lycée Joffre).. Lieu : Montpellier, Rue Michel de l'Hospital, 34000 Montpellier. Date de début : 2025-09-20T12:00:00+00:00. Date de fin : 2025-09-20T14:00:00+00:00. Mots-clés : None."
Concert d'orgue,🎶 Concert sur l’orgue de la cathédrale Saint-Pierre,Montpellier,"Place Saint-Pierre, 34000 Montpellier, France",2025-09-20T15:45:00+00:00,2025-09-20T17:00:00+00:00,,"Titre : Concert d'orgue. Description : 🎶 Concert sur l’orgue de la cathédrale Saint-Pierre. Lieu : Montpellier, Place Saint-Pierre, 34000 Montpellier, France. Date de début : 2025-09-20T15:45:00+00:00. Date de fin : 2025-09-20T17:00:00+00:00. Mots-clés : None."
La Fête du Vin Bio - Métropole de Montpellier,Les établissements et domaines viticoles vous ouvrent leurs portes pour fêter les vins bio !,Montpellier,Montpellier,2026-05-23T08:00:00+00:00,2026-06-06T21:59:00+00:00,"['Montpellier', 'Vins bio', 'Découverte', 'Agriculture biologique', 'Viticulture biologique', 'Domaine viticole', 'Animations', 'Ateliers', 'Soirées', 'Caviste', 'Restaurant', 'Bar à vins', 'Magasin bio', 'Vitinéraire']","Titre : La Fête du Vin Bio - Métropole de Montpellier. Description : Les établissements et domaines viticoles vous ouvrent leurs portes pour fêter les vins bio !. Lieu : Montpellier, Montpellier. Date de début : 2026-05-23T08:00:00+00:00. Date de fin : 2026-06-06T21:59:00+00:00. Mots-clés : ['Montpellier', 'Vins bio', 'Découverte', 'Agriculture biologique', 'Viticulture biologique', 'Domaine viticole', 'Animations', 'Ateliers', 'Soirées', 'Caviste', 'Restaurant', 'Bar à vins', 'Magasin bio', 'Vitinéraire']."
Répétition ouverte,Accès à l'atelier des violoncelles amateurs,Montpellier,"Esplanade Charles De Gaulle, 34000, Montpellier",2026-05-10T12:30:00+00:00,2026-05-10T14:00:00+00:00,"['violoncelle', 'repetition']","Titre : Répétition ouverte. Description : Accès à l'atelier des violoncelles amateurs. Lieu : Montpellier, Esplanade Charles De Gaulle, 34000, Montpellier. Date de début : 2026-05-10T12:30:00+00:00. Date de fin : 2026-05-10T14:00:00+00:00. Mots-clés : ['violoncelle', 'repetition']."
"JOURNÉES DU MATRIMOINE – HF+ OCCITANIE - Jeanne Dielman 23, Quai Du Commerce, 1080 Bruxelles.",CINÉ RENCONTRE - Dimanche 21 septembre à 10h. Débat après la séance avec les membres de HF et une intervenante,Montpellier,"2, rue Marcellin Albert, Montpellier",2025-09-21T08:00:00+00:00,2025-09-21T11:30:00+00:00,"['Journée du Matrimoine', 'Jeanne Dielman 23 Quai Du Commerce', 'Chantal Akerman', 'HF34', 'Cinéma Nestor Burma']","Titre : JOURNÉES DU MATRIMOINE – HF+ OCCITANIE - Jeanne Dielman 23, Quai Du Commerce, 1080 Bruxelles.. Description : CINÉ RENCONTRE - Dimanche 21 septembre à 10h. Débat après la séance avec les membres de HF et une intervenante. Lieu : Montpellier, 2, rue Marcellin Albert, Montpellier. Date de début : 2025-09-21T08:00:00+00:00. Date de fin : 2025-09-21T11:30:00+00:00. Mots-clés : ['Journée du Matrimoine', 'Jeanne Dielman 23 Quai Du Commerce', 'Chantal Akerman', 'HF34', 'Cinéma Nestor Burma']."
ATELIER D’INITIATION AU CINÉMA BRAND A PART / le secret des mésanges,SAMEDI 15 NOVEMBRE | 14H-17H30 | 8-10 ANS,Montpellier,"2, rue Marcellin Albert",2025-11-15T13:00:00+00:00,2025-11-15T16:30:00+00:00,"['BRAND A PART', 'Cinéma municipal Nestor Burma', 'le secret des mésanges', 'Antoine Lanciaux']","Titre : ATELIER D’INITIATION AU CINÉMA BRAND A PART / le secret des mésanges. Description : SAMEDI 15 NOVEMBRE | 14H-17H30 | 8-10 ANS. Lieu : Montpellier, 2, rue Marcellin Albert. Date de début : 2025-11-15T13:00:00+00:00. Date de fin : 2025-11-15T16:30:00+00:00. Mots-clés : ['BRAND A PART', 'Cinéma municipal Nestor Burma', 'le secret des mésanges', 'Antoine Lanciaux']."
"Howard Zinn, une histoire populaire américaine 2 de Olivier Azam et Daniel Mermet",Rencontre avec le réalisateur,Montpellier,"5, rue de Verdun, Montpellier",2026-01-22T19:00:00+00:00,2026-01-22T22:00:00+00:00,"['Diagonal-Capitole', 'Howard Zinn', 'une histoire populaire américaine 2 de Olivier Azam et Daniel Mermet']","Titre : Howard Zinn, une histoire populaire américaine 2 de Olivier Azam et Daniel Mermet. Description : Rencontre avec le réalisateur. Lieu : Montpellier, 5, rue de Verdun, Montpellier. Date de début : 2026-01-22T19:00:00+00:00. Date de fin : 2026-01-22T22:00:00+00:00. Mots-clés : ['Diagonal-Capitole', 'Howard Zinn', 'une histoire populaire américaine 2 de Olivier Azam et Daniel Mermet']."
L’Ourse et l’oiseau Programme de courts-métrages,Le ciné des enfants,Montpellier,"5, rue de Verdun, Montpellier",2026-02-18T15:00:00+00:00,2026-02-18T18:00:00+00:00,"['Diagonal-Capitole', 'L’Ourse et l’oiseau Programme de courts-métrages']","Titre : L’Ourse et l’oiseau Programme de courts-métrages. Description : Le ciné des enfants. Lieu : Montpellier, 5, rue de Verdun, Montpellier. Date de début : 2026-02-18T15:00:00+00:00. Date de fin : 2026-02-18T18:00:00+00:00. Mots-clés : ['Diagonal-Capitole', 'L’Ourse et l’oiseau Programme de courts-métrages']."
L'Odyssée de Céleste,"Fest. cella'marmaille - Depuis son enfance, Céleste vit avec son meilleur ami, un robot, qui l'aide à accomplir son rêve : devenir astronaute ! Mais lorsqu'elle embarque pour sa première mission in...",Montpellier,"2, rue Marcellin Albert, Montpellier",2026-02-21T14:20:00+00:00,2026-02-21T15:46:00+00:00,"['Cinéma Nestor Burma', ""L'Odyssée de Céleste"", 'Kid Koala', 'Animation', 'Familial', 'Science-Fiction']","Titre : L'Odyssée de Céleste. Description : Fest. cella'marmaille - Depuis son enfance, Céleste vit avec son meilleur ami, un robot, qui l'aide à accomplir son rêve : devenir astronaute ! Mais lorsqu'elle embarque pour sa première mission in.... Lieu : Montpellier, 2, rue Marcellin Albert, Montpellier. Date de début : 2026-02-21T14:20:00+00:00. Date de fin : 2026-02-21T15:46:00+00:00. Mots-clés : ['Cinéma Nestor Burma', ""L'Odyssée de Céleste"", 'Kid Koala', 'Animation', 'Familial', 'Science-Fiction']."
Marathon de la prépa des métiers du sanitaire et social,La filière Tremplin vers les métiers du sanitaire et social de l'association IMEIF s'adresse à un public exclusivement féminin (résidant en QPV et/ou au RSA) et propose une préparation aux métiers de,Montpellier,34080 Montpellier,2026-08-28T07:30:00+00:00,2026-08-28T10:30:00+00:00,"['Métiers du Prendre soin', 'Insertion', 'Découverte secteur / métier', 'Se préparer', ""S'informer"", 'Découverte formation']","Titre : Marathon de la prépa des métiers du sanitaire et social. Description : La filière Tremplin vers les métiers du sanitaire et social de l'association IMEIF s'adresse à un public exclusivement féminin (résidant en QPV et/ou au RSA) et propose une préparation aux métiers de. Lieu : Montpellier, 34080 Montpellier. Date de début : 2026-08-28T07:30:00+00:00. Date de fin : 2026-08-28T10:30:00+00:00. Mots-clés : ['Métiers du Prendre soin', 'Insertion', 'Découverte secteur / métier', 'Se préparer', ""S'informer"", 'Découverte formation']."
Atelier DUODAY: emploi et handicap,"Vous êtes en situation de handicap et en recherche d'emploi, en reconversion professionnelle ou simplement curieux.se de découvrir un métier ou une entreprise? Passez une journée en immersion dans...",Montpellier,34080 Montpellier,2025-10-08T12:00:00+00:00,2025-10-08T14:00:00+00:00,"[""Réunion d'information"", 'La semaine du handicap', '#TousEnImmersion', ""S'informer"", 'Insertion', ""Aides à l'emploi"", 'Découverte secteur / métier', 'Se préparer', 'Personnes en situation de handicap', 'en physique']","Titre : Atelier DUODAY: emploi et handicap. Description : Vous êtes en situation de handicap et en recherche d'emploi, en reconversion professionnelle ou simplement curieux.se de découvrir un métier ou une entreprise? Passez une journée en immersion dans.... Lieu : Montpellier, 34080 Montpellier. Date de début : 2025-10-08T12:00:00+00:00. Date de fin : 2025-10-08T14:00:00+00:00. Mots-clés : [""Réunion d'information"", 'La semaine du handicap', '#TousEnImmersion', ""S'informer"", 'Insertion', ""Aides à l'emploi"", 'Découverte secteur / métier', 'Se préparer', 'Personnes en situation de handicap', 'en physique']."
Atelier DUODAY: emploi et handicap,"Vous êtes en situation de handicap et en recherche d'emploi, en reconversion professionnelle ou simplement curieux.se de découvrir un métier ou une entreprise? Passez une journée en immersion dans...",Montpellier,34080 Montpellier,2025-11-04T12:00:00+00:00,2025-11-04T14:00:00+00:00,"[""Réunion d'information"", '#TousEnImmersion', 'La semaine du handicap', 'Découverte secteur / métier', 'Insertion', ""S'informer"", 'Se préparer', ""Aides à l'emploi"", 'Personnes en situation de handicap', 'en physique']","Titre : Atelier DUODAY: emploi et handicap. Description : Vous êtes en situation de handicap et en recherche d'emploi, en reconversion professionnelle ou simplement curieux.se de découvrir un métier ou une entreprise? Passez une journée en immersion dans.... Lieu : Montpellier, 34080 Montpellier. Date de début : 2025-11-04T12:00:00+00:00. Date de fin : 2025-11-04T14:00:00+00:00. Mots-clés : [""Réunion d'information"", '#TousEnImmersion', 'La semaine du handicap', 'Découverte secteur / métier', 'Insertion', ""S'informer"", 'Se préparer', ""Aides à l'emploi"", 'Personnes en situation de handicap', 'en physique']."
Ne pas consulter Annulation,"Rencontre avec CitésLab CitésLab - Révélateurs de Talents, ce sont d'abord des hommes et des femmes de terrain - les chefs de projets CitésLab.",Montpellier,34080 Montpellier,2025-10-27T07:00:00+00:00,2025-10-27T07:30:00+00:00,"['Se préparer', ""Création d'entreprise""]","Titre : Ne pas consulter Annulation. Description : Rencontre avec CitésLab CitésLab - Révélateurs de Talents, ce sont d'abord des hommes et des femmes de terrain - les chefs de projets CitésLab.. Lieu : Montpellier, 34080 Montpellier. Date de début : 2025-10-27T07:00:00+00:00. Date de fin : 2025-10-27T07:30:00+00:00. Mots-clés : ['Se préparer', ""Création d'entreprise""]."
Ne pas consulter annulation,"Rencontre avec CitésLab CitésLab - Révélateurs de Talents, ce sont d'abord des hommes et des femmes de terrain - les chefs de projets CitésLab.",Montpellier,34080 Montpellier,2025-10-27T09:00:00+00:00,2025-10-27T09:30:00+00:00,"[""Création d'entreprise"", 'Se préparer']","Titre : Ne pas consulter annulation. Description : Rencontre avec CitésLab CitésLab - Révélateurs de Talents, ce sont d'abord des hommes et des femmes de terrain - les chefs de projets CitésLab.. Lieu : Montpellier, 34080 Montpellier. Date de début : 2025-10-27T09:00:00+00:00. Date de fin : 2025-10-27T09:30:00+00:00. Mots-clés : [""Création d'entreprise"", 'Se préparer']."
Atelier DUODAY: emploi et handicap,"Vous êtes en situation de handicap et en recherche d'emploi, en reconversion professionnelle ou simplement curieux.",Montpellier,34080 Montpellier,2025-11-04T13:00:00+00:00,2025-11-04T15:00:00+00:00,"['#TousEnImmersion', 'La semaine du handicap', 'Insertion', ""S'informer"", 'Découverte secteur / métier', 'Se préparer', ""Aides à l'emploi""]","Titre : Atelier DUODAY: emploi et handicap. Description : Vous êtes en situation de handicap et en recherche d'emploi, en reconversion professionnelle ou simplement curieux.. Lieu : Montpellier, 34080 Montpellier. Date de début : 2025-11-04T13:00:00+00:00. Date de fin : 2025-11-04T15:00:00+00:00. Mots-clés : ['#TousEnImmersion', 'La semaine du handicap', 'Insertion', ""S'informer"", 'Découverte secteur / métier', 'Se préparer', ""Aides à l'emploi""]."
Découvrez les Coulisses de la Maintenance des Bus et Trams TAM : Une Visite Exclusive !,Plongez au coeur des ateliers de maintenance des bus et trams du réseau TAM lors de cette visite guidée exclusive.,Montpellier,34080 Montpellier,2025-12-11T14:00:00+00:00,2025-12-11T15:30:00+00:00,"['Mobilisation 50 ans et plus', 'Vos futurs collaborateurs', 'La semaine du transport/logistique', '1 jeune  1 solution', ""S'informer"", 'Recrutement', 'Découverte secteur / métier']","Titre : Découvrez les Coulisses de la Maintenance des Bus et Trams TAM : Une Visite Exclusive !. Description : Plongez au coeur des ateliers de maintenance des bus et trams du réseau TAM lors de cette visite guidée exclusive.. Lieu : Montpellier, 34080 Montpellier. Date de début : 2025-12-11T14:00:00+00:00. Date de fin : 2025-12-11T15:30:00+00:00. Mots-clés : ['Mobilisation 50 ans et plus', 'Vos futurs collaborateurs', 'La semaine du transport/logistique', '1 jeune  1 solution', ""S'informer"", 'Recrutement', 'Découverte secteur / métier']."
Atelier Emploi Retraite CARSAT,Vous avez 59 ans et plus et souhaitez y voir clair sur votre future retraite.,Montpellier,34000 Montpellier,2026-02-06T12:45:00+00:00,2026-02-06T14:15:00+00:00,"['Mobilisation 50 ans et plus', ""S'informer""]","Titre : Atelier Emploi Retraite CARSAT. Description : Vous avez 59 ans et plus et souhaitez y voir clair sur votre future retraite.. Lieu : Montpellier, 34000 Montpellier. Date de début : 2026-02-06T12:45:00+00:00. Date de fin : 2026-02-06T14:15:00+00:00. Mots-clés : ['Mobilisation 50 ans et plus', ""S'informer""]."
Webinaire Atelier Emploi Retraite CARSAT,Vous avez 59 ans et plus et souhaitez y voir clair sur votre future retraite.,Montpellier,34000 Montpellier,2026-09-04T12:45:00+00:00,2026-09-04T14:15:00+00:00,"['Mobilisation 50 ans et plus', ""S'informer""]","Titre : Webinaire Atelier Emploi Retraite CARSAT. Description : Vous avez 59 ans et plus et souhaitez y voir clair sur votre future retraite.. Lieu : Montpellier, 34000 Montpellier. Date de début : 2026-09-04T12:45:00+00:00. Date de fin : 2026-09-04T14:15:00+00:00. Mots-clés : ['Mobilisation 50 ans et plus', ""S'informer""]."
"Réparation en Menuiserie, Ébénisterie, Tapisserie d'Ameublement et Métallerie",La Menuiserie Collaborative est un lieu qui réunit différents métiers artisanaux de la rénovation et réparation,Montpellier,169 rue georges auric,2025-10-16T12:00:00+00:00,2025-10-18T15:00:00+00:00,"['bois', 'métal', 'cuir', 'céramique']","Titre : Réparation en Menuiserie, Ébénisterie, Tapisserie d'Ameublement et Métallerie. Description : La Menuiserie Collaborative est un lieu qui réunit différents métiers artisanaux de la rénovation et réparation. Lieu : Montpellier, 169 rue georges auric. Date de début : 2025-10-16T12:00:00+00:00. Date de fin : 2025-10-18T15:00:00+00:00. Mots-clés : ['bois', 'métal', 'cuir', 'céramique']."
Je participe aux ateliers de réparations collectives,"Repair Café Montpellier a pour mission de faire durer les objets, de transmettre le savoir-faire et de créer du lien social.",Montpellier,Place de Tibériade 34070 Montpellier,2025-10-18T07:00:00+00:00,2025-10-18T15:30:00+00:00,,"Titre : Je participe aux ateliers de réparations collectives. Description : Repair Café Montpellier a pour mission de faire durer les objets, de transmettre le savoir-faire et de créer du lien social.. Lieu : Montpellier, Place de Tibériade 34070 Montpellier. Date de début : 2025-10-18T07:00:00+00:00. Date de fin : 2025-10-18T15:30:00+00:00. Mots-clés : None."
Mai à Vélo 2026,Faites parcourir à votre communauté le plus de kilomètres au mois de mai !,Montpellier,"2 Place Pierre Viala, 34967 Montpellier, France",2026-04-30T22:00:00+00:00,2026-05-31T21:59:59+00:00,['challenge-id=210120'],"Titre : Mai à Vélo 2026. Description : Faites parcourir à votre communauté le plus de kilomètres au mois de mai !. Lieu : Montpellier, 2 Place Pierre Viala, 34967 Montpellier, France. Date de début : 2026-04-30T22:00:00+00:00. Date de fin : 2026-05-31T21:59:59+00:00. Mots-clés : ['challenge-id=210120']."
Mai à Vélo 2026,Faites parcourir à votre communauté le plus de kilomètres au mois de mai !,Montpellier,"648 Rue Jean-François Breton, 34090 Montpellier",2026-04-30T22:00:00+00:00,2026-05-31T21:59:59+00:00,['challenge-id=210608'],"Titre : Mai à Vélo 2026. Description : Faites parcourir à votre communauté le plus de kilomètres au mois de mai !. Lieu : Montpellier, 648 Rue Jean-François Breton, 34090 Montpellier. Date de début : 2026-04-30T22:00:00+00:00. Date de fin : 2026-05-31T21:59:59+00:00. Mots-clés : ['challenge-id=210608']."
Mai à Vélo 2026,Faites parcourir à votre communauté le plus de kilomètres au mois de mai !,Montpellier,"416 Rue Samuel Morse, 34965 Montpellier, France",2026-04-30T22:00:00+00:00,2026-05-31T21:59:59+00:00,['challenge-id=212256'],"Titre : Mai à Vélo 2026. Description : Faites parcourir à votre communauté le plus de kilomètres au mois de mai !. Lieu : Montpellier, 416 Rue Samuel Morse, 34965 Montpellier, France. Date de début : 2026-04-30T22:00:00+00:00. Date de fin : 2026-05-31T21:59:59+00:00. Mots-clés : ['challenge-id=212256']."
Mai à Vélo 2026,Faites parcourir à votre communauté le plus de kilomètres au mois de mai !,Montpellier,"141 Rue de la Cardonille, 34090 Montpellier France",2026-04-30T22:00:00+00:00,2026-05-31T21:59:59+00:00,['challenge-id=202187'],"Titre : Mai à Vélo 2026. Description : Faites parcourir à votre communauté le plus de kilomètres au mois de mai !. Lieu : Montpellier, 141 Rue de la Cardonille, 34090 Montpellier France. Date de début : 2026-04-30T22:00:00+00:00. Date de fin : 2026-05-31T21:59:59+00:00. Mots-clés : ['challenge-id=202187']."
Mai à Vélo 2026,Faites parcourir à votre communauté le plus de kilomètres au mois de mai !,Montpellier,"Rue Samuel Morse, 34965 Montpellier, France",2026-04-30T22:00:00+00:00,2026-05-31T21:59:59+00:00,['challenge-id=202574'],"Titre : Mai à Vélo 2026. Description : Faites parcourir à votre communauté le plus de kilomètres au mois de mai !. Lieu : Montpellier, Rue Samuel Morse, 34965 Montpellier, France. Date de début : 2026-04-30T22:00:00+00:00. Date de fin : 2026-05-31T21:59:59+00:00. Mots-clés : ['challenge-id=202574']."
"Atelier ""Mets en scène ta ville de demain""","Dans le cadre de l’action ""Levez les yeux"", les scolaires imagineront leurs villes de demain à travers la fabrication d’éléments de type, maquette, pop’up évolutive à intégrer sur un profil dessiné …",Montpellier,"19 rue Saint-Louis, 34000 Montpellier",2025-10-17T07:30:00+00:00,2025-10-17T14:30:00+00:00,,"Titre : Atelier ""Mets en scène ta ville de demain"". Description : Dans le cadre de l’action ""Levez les yeux"", les scolaires imagineront leurs villes de demain à travers la fabrication d’éléments de type, maquette, pop’up évolutive à intégrer sur un profil dessiné …. Lieu : Montpellier, 19 rue Saint-Louis, 34000 Montpellier. Date de début : 2025-10-17T07:30:00+00:00. Date de fin : 2025-10-17T14:30:00+00:00. Mots-clés : None."
"Conférence historique « Montpellier, siège de la Cour des Comptes, Aydes et Finances, de sa création à la Révolution française »","Conférence historique conférence « Montpellier, siège de la Cour des Comptes, Aydes et Finances, de sa création à la Révolution française »",Montpellier,500 avenue des Etats du Languedoc 34064 Montpellier,2025-09-20T12:00:00+00:00,2025-09-20T13:00:00+00:00,,"Titre : Conférence historique « Montpellier, siège de la Cour des Comptes, Aydes et Finances, de sa création à la Révolution française ». Description : Conférence historique conférence « Montpellier, siège de la Cour des Comptes, Aydes et Finances, de sa création à la Révolution française ». Lieu : Montpellier, 500 avenue des Etats du Languedoc 34064 Montpellier. Date de début : 2025-09-20T12:00:00+00:00. Date de fin : 2025-09-20T13:00:00+00:00. Mots-clés : None."
Visite guidée du Montpellier médiéval,🏰 Visite guidée – Montpellier au Moyen Âge,Montpellier,19 rue Lallemand 34000 Montpellier,2025-09-21T12:00:00+00:00,2025-09-21T14:00:00+00:00,,"Titre : Visite guidée du Montpellier médiéval. Description : 🏰 Visite guidée – Montpellier au Moyen Âge. Lieu : Montpellier, 19 rue Lallemand 34000 Montpellier. Date de début : 2025-09-21T12:00:00+00:00. Date de fin : 2025-09-21T14:00:00+00:00. Mots-clés : None."
Visite découverte de l'arc de triomphe,🏛️ Visite guidée de l’Arc de Triomphe de Montpellier,Montpellier,Rue Foch 34000 Montpellier,2025-09-20T08:00:00+00:00,2025-09-21T17:00:00+00:00,,"Titre : Visite découverte de l'arc de triomphe. Description : 🏛️ Visite guidée de l’Arc de Triomphe de Montpellier. Lieu : Montpellier, Rue Foch 34000 Montpellier. Date de début : 2025-09-20T08:00:00+00:00. Date de fin : 2025-09-21T17:00:00+00:00. Mots-clés : None."
Visite commentée de l'orgue de la Cathédrale,🎶 Présentation de l’orgue de la cathédrale Saint-Pierre,Montpellier,"Place Saint-Pierre, 34000 Montpellier, France",2025-09-20T14:30:00+00:00,2025-09-20T15:30:00+00:00,,"Titre : Visite commentée de l'orgue de la Cathédrale. Description : 🎶 Présentation de l’orgue de la cathédrale Saint-Pierre. Lieu : Montpellier, Place Saint-Pierre, 34000 Montpellier, France. Date de début : 2025-09-20T14:30:00+00:00. Date de fin : 2025-09-20T15:30:00+00:00. Mots-clés : None."
Lectures par les Contes en vadrouille,"En partenariat avec le pôle petite enfance de la ville de Montpellier, le MO.CO. invite « Les contes en vadrouille ». Les conteurs proposeront des lectures dans les salles d’exposition de _La…",Montpellier,"14 rue de l’école de pharmacie, 34000 Montpellier",2025-09-20T08:00:00+00:00,2025-09-20T09:00:00+00:00,,"Titre : Lectures par les Contes en vadrouille. Description : En partenariat avec le pôle petite enfance de la ville de Montpellier, le MO.CO. invite « Les contes en vadrouille ». Les conteurs proposeront des lectures dans les salles d’exposition de _La…. Lieu : Montpellier, 14 rue de l’école de pharmacie, 34000 Montpellier. Date de début : 2025-09-20T08:00:00+00:00. Date de fin : 2025-09-20T09:00:00+00:00. Mots-clés : None."
DEVENEZ ANIMATEUR SOCIO-SPORTIF,"Intéressé(e) par une carrière dans l'animation socio-sportive ? La Prépa Animatrice/Animateur Socio-Sportif est l'opportunité idéale pour vous !Rejoignez la POEC Animateur socio-sportif, une formati",Montpellier,34080 Montpellier,2025-09-15T12:00:00+00:00,2025-09-15T14:00:00+00:00,"['1 jour', '1 formation', 'Travail avenir formation', '1 jeune  1 solution', 'Se préparer', 'Découverte secteur / métier', 'Sport et insertion', 'Découverte formation']","Titre : DEVENEZ ANIMATEUR SOCIO-SPORTIF. Description : Intéressé(e) par une carrière dans l'animation socio-sportive ? La Prépa Animatrice/Animateur Socio-Sportif est l'opportunité idéale pour vous !Rejoignez la POEC Animateur socio-sportif, une formati. Lieu : Montpellier, 34080 Montpellier. Date de début : 2025-09-15T12:00:00+00:00. Date de fin : 2025-09-15T14:00:00+00:00. Mots-clés : ['1 jour', '1 formation', 'Travail avenir formation', '1 jeune  1 solution', 'Se préparer', 'Découverte secteur / métier', 'Sport et insertion', 'Découverte formation']."
Journée “Au cœur de l’IA”,L’intelligence artificielle sous toutes ses formes,Montpellier,", 10 Place Françoise Héritier, 34000 Montpellier",2025-12-10T08:00:00+00:00,2025-12-10T16:00:00+00:00,,"Titre : Journée “Au cœur de l’IA”. Description : L’intelligence artificielle sous toutes ses formes. Lieu : Montpellier, , 10 Place Françoise Héritier, 34000 Montpellier. Date de début : 2025-12-10T08:00:00+00:00. Date de fin : 2025-12-10T16:00:00+00:00. Mots-clés : None."
Rdv CitésLab - Création d'entreprise,"Venez préparer votre création d'entreprise, et poser vos questions. 30 minutes de rencontre en individuel, pour avancer sur votre projet, avec le sourire.",Montpellier,34080 Montpellier,2026-01-21T08:30:00+00:00,2026-01-21T09:00:00+00:00,"[""Création d'entreprise"", 'Se préparer']","Titre : Rdv CitésLab - Création d'entreprise. Description : Venez préparer votre création d'entreprise, et poser vos questions. 30 minutes de rencontre en individuel, pour avancer sur votre projet, avec le sourire.. Lieu : Montpellier, 34080 Montpellier. Date de début : 2026-01-21T08:30:00+00:00. Date de fin : 2026-01-21T09:00:00+00:00. Mots-clés : [""Création d'entreprise"", 'Se préparer']."
"Pastoralismes, regards croisés pour l'avenir",Séminaire scientifique organisé dans le cadre de l'année internationale du pastoralisme,Montpellier,"2 place Pierre Viala, 34000 Montpellier",2026-03-24T08:00:00+00:00,2026-03-26T17:00:00+00:00,,"Titre : Pastoralismes, regards croisés pour l'avenir. Description : Séminaire scientifique organisé dans le cadre de l'année internationale du pastoralisme. Lieu : Montpellier, 2 place Pierre Viala, 34000 Montpellier. Date de début : 2026-03-24T08:00:00+00:00. Date de fin : 2026-03-26T17:00:00+00:00. Mots-clés : None."
Concert La Mal Coiffée à Montpellier !,"Concert de La Mal Coiffée, Album ROJAS, le 3 avril 2026 à 21h au JAM à Montpellier",Montpellier,100 rue Ferdinand de Lesseps 34000 MONTPELLIER,2026-04-03T19:00:00+00:00,2026-04-03T20:30:00+00:00,"['occitan', 'polyphonie', 'musiqueoccitane', 'cultureoccitane', 'traditionvivante', 'worldmusic', 'folkmusic', 'livemusic', 'musiqueengagee', 'VoixDesFemmes', 'resistanceculturelle', 'percussions', 'voixbrutes', 'suddefrance', 'languedoc', 'concertlive']","Titre : Concert La Mal Coiffée à Montpellier !. Description : Concert de La Mal Coiffée, Album ROJAS, le 3 avril 2026 à 21h au JAM à Montpellier. Lieu : Montpellier, 100 rue Ferdinand de Lesseps 34000 MONTPELLIER. Date de début : 2026-04-03T19:00:00+00:00. Date de fin : 2026-04-03T20:30:00+00:00. Mots-clés : ['occitan', 'polyphonie', 'musiqueoccitane', 'cultureoccitane', 'traditionvivante', 'worldmusic', 'folkmusic', 'livemusic', 'musiqueengagee', 'VoixDesFemmes', 'resistanceculturelle', 'percussions', 'voixbrutes', 'suddefrance', 'languedoc', 'concertlive']."
Murmures d'Outrenoir Une chorégraphie de la Cie Singulier Pluriel pour la Nuit Noire au musée Fabre – Exposition Pierre Soulages : la rencontre,Événement de C'est mon patrimoine 2025,Montpellier,"39 boulevard Bonne Nouvelle, Montpellier, 34000, Occitanie",2025-11-22T17:30:00+00:00,2025-11-22T20:30:00+00:00,,"Titre : Murmures d'Outrenoir Une chorégraphie de la Cie Singulier Pluriel pour la Nuit Noire au musée Fabre – Exposition Pierre Soulages : la rencontre. Description : Événement de C'est mon patrimoine 2025. Lieu : Montpellier, 39 boulevard Bonne Nouvelle, Montpellier, 34000, Occitanie. Date de début : 2025-11-22T17:30:00+00:00. Date de fin : 2025-11-22T20:30:00+00:00. Mots-clés : None."
Opéra Orchestre national de Montpellier,Exposition « Regards sur l’opéra » - Dessins des étudiants de LISAA Architecture Montpellier,Montpellier,"Place de la Comédie, Montpellier",2025-05-10T07:30:00+00:00,2025-05-11T15:00:00+00:00,"['exposition', 'dessins', 'architecture']","Titre : Opéra Orchestre national de Montpellier. Description : Exposition « Regards sur l’opéra » - Dessins des étudiants de LISAA Architecture Montpellier. Lieu : Montpellier, Place de la Comédie, Montpellier. Date de début : 2025-05-10T07:30:00+00:00. Date de fin : 2025-05-11T15:00:00+00:00. Mots-clés : ['exposition', 'dessins', 'architecture']."
Escape Game Energie - Collège les Guarrigues Jour 1,"L'Escape Game Energie est un outil pédagogique permet aux élèves de collèges, lycées et aux demandeurs d’emploi de s’immerger dans le monde des énergies décarbonées.",Montpellier,"145 av Comté de Nice, 34080 Montpellier",2025-11-24T07:00:00+00:00,2025-11-24T16:00:00+00:00,,"Titre : Escape Game Energie - Collège les Guarrigues Jour 1. Description : L'Escape Game Energie est un outil pédagogique permet aux élèves de collèges, lycées et aux demandeurs d’emploi de s’immerger dans le monde des énergies décarbonées.. Lieu : Montpellier, 145 av Comté de Nice, 34080 Montpellier. Date de début : 2025-11-24T07:00:00+00:00. Date de fin : 2025-11-24T16:00:00+00:00. Mots-clés : None."
Rencontres amicales francophones du logiciel libre (RAFLL2026),Événement se déroulant dans le cadre de la Journée internationale de la Francophonie,Montpellier,"21, boulevard Berthelot, 34000 Montpellier",2026-03-20T13:00:00+00:00,2026-03-22T18:30:00+00:00,"['Rencontres', 'Amicales', 'Francophones', 'Logiciel', 'Libre', 'RAFLL']","Titre : Rencontres amicales francophones du logiciel libre (RAFLL2026). Description : Événement se déroulant dans le cadre de la Journée internationale de la Francophonie. Lieu : Montpellier, 21, boulevard Berthelot, 34000 Montpellier. Date de début : 2026-03-20T13:00:00+00:00. Date de fin : 2026-03-22T18:30:00+00:00. Mots-clés : ['Rencontres', 'Amicales', 'Francophones', 'Logiciel', 'Libre', 'RAFLL']."
Mai à Vélo 2026,Faites parcourir à votre communauté le plus de kilomètres au mois de mai ! Retrouvez tous les classements sur https://challenge-maiavelo.geovelo.fr/,Montpellier,"Place Eugène Bataillon, 34090 Montpellier, France",2026-04-30T22:00:00+00:00,2026-05-31T21:59:59+00:00,['challenge-id=201684'],"Titre : Mai à Vélo 2026. Description : Faites parcourir à votre communauté le plus de kilomètres au mois de mai ! Retrouvez tous les classements sur https://challenge-maiavelo.geovelo.fr/. Lieu : Montpellier, Place Eugène Bataillon, 34090 Montpellier, France. Date de début : 2026-04-30T22:00:00+00:00. Date de fin : 2026-05-31T21:59:59+00:00. Mots-clés : ['challenge-id=201684']."
Mai à Vélo 2026,Faites parcourir à votre communauté le plus de kilomètres au mois de mai !,Montpellier,"520 Allée Henri II de Montmorency, 34000 Montpellier",2026-04-30T22:00:00+00:00,2026-05-31T21:59:59+00:00,['challenge-id=209648'],"Titre : Mai à Vélo 2026. Description : Faites parcourir à votre communauté le plus de kilomètres au mois de mai !. Lieu : Montpellier, 520 Allée Henri II de Montmorency, 34000 Montpellier. Date de début : 2026-04-30T22:00:00+00:00. Date de fin : 2026-05-31T21:59:59+00:00. Mots-clés : ['challenge-id=209648']."
Mai à Vélo 2026,Faites parcourir à votre communauté le plus de kilomètres au mois de mai !,Montpellier,"99 Rue Dora Maar, 34070 Montpellier, France",2026-04-30T22:00:00+00:00,2026-05-31T21:59:59+00:00,['challenge-id=209823'],"Titre : Mai à Vélo 2026. Description : Faites parcourir à votre communauté le plus de kilomètres au mois de mai !. Lieu : Montpellier, 99 Rue Dora Maar, 34070 Montpellier, France. Date de début : 2026-04-30T22:00:00+00:00. Date de fin : 2026-05-31T21:59:59+00:00. Mots-clés : ['challenge-id=209823']."
Mai à Vélo 2026,Faites parcourir à votre communauté le plus de kilomètres au mois de mai !,Montpellier,"Centre de Biochimie Structurale, 29 Rue de Navacelles 34090 Montpellier, France",2026-04-30T22:00:00+00:00,2026-05-31T21:59:59+00:00,['challenge-id=210641'],"Titre : Mai à Vélo 2026. Description : Faites parcourir à votre communauté le plus de kilomètres au mois de mai !. Lieu : Montpellier, Centre de Biochimie Structurale, 29 Rue de Navacelles 34090 Montpellier, France. Date de début : 2026-04-30T22:00:00+00:00. Date de fin : 2026-05-31T21:59:59+00:00. Mots-clés : ['challenge-id=210641']."
Les rencontres de la création avec AXENTS,"Vous avez une idée, besoin de conseils ? Depuis 1995, AXENTS favorise l'émergence de projets et le développement de la création d'entreprise dans le département de l'Hérault.",Montpellier,34080 Montpellier,2026-04-15T07:00:00+00:00,2026-04-15T07:30:00+00:00,"[""Création d'entreprise""]","Titre : Les rencontres de la création avec AXENTS. Description : Vous avez une idée, besoin de conseils ? Depuis 1995, AXENTS favorise l'émergence de projets et le développement de la création d'entreprise dans le département de l'Hérault.. Lieu : Montpellier, 34080 Montpellier. Date de début : 2026-04-15T07:00:00+00:00. Date de fin : 2026-04-15T07:30:00+00:00. Mots-clés : [""Création d'entreprise""]."
Les rendez-vous de l'International,Venez échanger avec un conseiller sur votre projet de mobilité internationale. Nous proposerons une solution adaptée à votre besoin.,Montpellier,34080 Montpellier,2026-04-03T07:00:00+00:00,2026-04-03T07:30:00+00:00,"[""S'informer"", 'International']","Titre : Les rendez-vous de l'International. Description : Venez échanger avec un conseiller sur votre projet de mobilité internationale. Nous proposerons une solution adaptée à votre besoin.. Lieu : Montpellier, 34080 Montpellier. Date de début : 2026-04-03T07:00:00+00:00. Date de fin : 2026-04-03T07:30:00+00:00. Mots-clés : [""S'informer"", 'International']."
Réunion d'information collective sur la retraite avec la CARSAT,Vous avez 59 ans et plus et souhaitez y voir clair sur votre future retraite.,Montpellier,34080 Montpellier,2026-05-29T11:30:00+00:00,2026-05-29T13:45:00+00:00,"['Mobilisation 50 ans et plus', ""S'informer""]","Titre : Réunion d'information collective sur la retraite avec la CARSAT. Description : Vous avez 59 ans et plus et souhaitez y voir clair sur votre future retraite.. Lieu : Montpellier, 34080 Montpellier. Date de début : 2026-05-29T11:30:00+00:00. Date de fin : 2026-05-29T13:45:00+00:00. Mots-clés : ['Mobilisation 50 ans et plus', ""S'informer""]."
Play it Again - Journées du Patrimoine / LE TERRORISTE Dimanche 21 septembre 15h30.,"Le cinéma Nestor Burma et le ""festival Play it again"" vous propose : Le Terroriste en partenariat avec l’Association I Dilettanti et le Ciné-Club Jean Vigo, en présence de Patricia Barsanti*",Montpellier,"2, rue Marcellin Albert, Montpellier",2025-09-21T13:30:00+00:00,2025-09-21T15:30:00+00:00,"['Festival Play It Again', 'Journées du patrimoine', 'Cinema nestor Burma', 'Le Terroriste', 'Patricia Barsanti', 'Association I Dilettanti', 'Ciné-Club Jean Vigo', 'Gianfranco De Bosio']","Titre : Play it Again - Journées du Patrimoine / LE TERRORISTE Dimanche 21 septembre 15h30.. Description : Le cinéma Nestor Burma et le ""festival Play it again"" vous propose : Le Terroriste en partenariat avec l’Association I Dilettanti et le Ciné-Club Jean Vigo, en présence de Patricia Barsanti*. Lieu : Montpellier, 2, rue Marcellin Albert, Montpellier. Date de début : 2025-09-21T13:30:00+00:00. Date de fin : 2025-09-21T15:30:00+00:00. Mots-clés : ['Festival Play It Again', 'Journées du patrimoine', 'Cinema nestor Burma', 'Le Terroriste', 'Patricia Barsanti', 'Association I Dilettanti', 'Ciné-Club Jean Vigo', 'Gianfranco De Bosio']."
Festival l'ILLUMINÉ / ALLAH N'EST PAS OBLIGÉ / Ciné rencontre,Samedi 29 novembre à 18h,Montpellier,"2, rue Marcellin Albert",2025-11-29T17:00:00+00:00,2025-11-29T19:00:00+00:00,"['Cinéma municipal Nestor Burma', 'Zaven Najjar\u200b\u200b Yacouba', ""ALLAH N'EST PAS OBLIGÉ"", ""Festival l'ILLUMINÉ"", 'Brand a part']","Titre : Festival l'ILLUMINÉ / ALLAH N'EST PAS OBLIGÉ / Ciné rencontre. Description : Samedi 29 novembre à 18h. Lieu : Montpellier, 2, rue Marcellin Albert. Date de début : 2025-11-29T17:00:00+00:00. Date de fin : 2025-11-29T19:00:00+00:00. Mots-clés : ['Cinéma municipal Nestor Burma', 'Zaven Najjar\u200b\u200b Yacouba', ""ALLAH N'EST PAS OBLIGÉ"", ""Festival l'ILLUMINÉ"", 'Brand a part']."
Envolez-vous vers l'industrie aéronautique avec F-TECH Méditerranée - Recrutement sans CV !,Vous êtes intéressé(e) par le secteur industriel mais vous manquez d'expérience ?,Montpellier,34070 Montpellier,2026-05-19T07:30:00+00:00,2026-05-19T08:30:00+00:00,"['Méthode de Recrutement par Simulation', 'Recrutement sans CV']","Titre : Envolez-vous vers l'industrie aéronautique avec F-TECH Méditerranée - Recrutement sans CV !. Description : Vous êtes intéressé(e) par le secteur industriel mais vous manquez d'expérience ?. Lieu : Montpellier, 34070 Montpellier. Date de début : 2026-05-19T07:30:00+00:00. Date de fin : 2026-05-19T08:30:00+00:00. Mots-clés : ['Méthode de Recrutement par Simulation', 'Recrutement sans CV']."
Restitution régionale de la Caravane des 10 mots en Occitanie,Dis-moi Dix mots,Montpellier,285 rue du Mas de Prunet 34070 Montpellier,2025-05-17T12:30:00+00:00,2025-05-17T17:00:00+00:00,,"Titre : Restitution régionale de la Caravane des 10 mots en Occitanie. Description : Dis-moi Dix mots. Lieu : Montpellier, 285 rue du Mas de Prunet 34070 Montpellier. Date de début : 2025-05-17T12:30:00+00:00. Date de fin : 2025-05-17T17:00:00+00:00. Mots-clés : None."
"Concert ""Balèti""",💃 Balèti – Chants occitans et rythmes cubains,Montpellier,Place Max Rouquette 34000 Montpellier,2025-09-20T15:30:00+00:00,2025-09-20T16:30:00+00:00,,"Titre : Concert ""Balèti"". Description : 💃 Balèti – Chants occitans et rythmes cubains. Lieu : Montpellier, Place Max Rouquette 34000 Montpellier. Date de début : 2025-09-20T15:30:00+00:00. Date de fin : 2025-09-20T16:30:00+00:00. Mots-clés : None."
Visite nocturne à la chapelle Saint-Charles,🌙 Visite nocturne de la chapelle Saint-Charles,Montpellier,"Pl. Albert 1er, 34090 Montpellier",2025-09-20T19:00:00+00:00,2025-09-20T21:00:00+00:00,,"Titre : Visite nocturne à la chapelle Saint-Charles. Description : 🌙 Visite nocturne de la chapelle Saint-Charles. Lieu : Montpellier, Pl. Albert 1er, 34090 Montpellier. Date de début : 2025-09-20T19:00:00+00:00. Date de fin : 2025-09-20T21:00:00+00:00. Mots-clés : None."
"Conférences, expositions et dédicaces de livres au Cercle Culturel Languedocien !","📚 Conférences, expositions et dédicaces",Montpellier,2546 avenue de Maurin 34000 Montpellier,2025-09-20T08:00:00+00:00,2025-09-21T17:00:00+00:00,,"Titre : Conférences, expositions et dédicaces de livres au Cercle Culturel Languedocien !. Description : 📚 Conférences, expositions et dédicaces. Lieu : Montpellier, 2546 avenue de Maurin 34000 Montpellier. Date de début : 2025-09-20T08:00:00+00:00. Date de fin : 2025-09-21T17:00:00+00:00. Mots-clés : None."
Conférence : « L'expédition de Bonaparte en Égypte : du rêve à la réalité »,Conférence exceptionnelle autour de l’exposition « La Chambre de l’Aigle » au château de Flaugergues,Montpellier,"1744 Avenue Albert Einstein, 34000 Montpellier, France",2025-09-20T13:00:00+00:00,2025-09-21T14:00:00+00:00,,"Titre : Conférence : « L'expédition de Bonaparte en Égypte : du rêve à la réalité ». Description : Conférence exceptionnelle autour de l’exposition « La Chambre de l’Aigle » au château de Flaugergues. Lieu : Montpellier, 1744 Avenue Albert Einstein, 34000 Montpellier, France. Date de début : 2025-09-20T13:00:00+00:00. Date de fin : 2025-09-21T14:00:00+00:00. Mots-clés : None."
Pièce de théâtre : « La vie de Famille Grazi »,"🎭 Une famille, une époque : la saga des Grazi sur scène",Montpellier,"1000 rue de la Roqueturière, 34090 Montpellier",2025-09-21T14:30:00+00:00,2025-09-21T16:00:00+00:00,,"Titre : Pièce de théâtre : « La vie de Famille Grazi ». Description : 🎭 Une famille, une époque : la saga des Grazi sur scène. Lieu : Montpellier, 1000 rue de la Roqueturière, 34090 Montpellier. Date de début : 2025-09-21T14:30:00+00:00. Date de fin : 2025-09-21T16:00:00+00:00. Mots-clés : None."
Visite guidée : découverte de la tour de la Babote,🔭 Visite de la tour de la Babote – De la défense à la science,Montpellier,"17 Boulevard de l'Observatoire, 34000 Montpellier",2025-09-20T08:00:00+00:00,2025-09-21T16:00:00+00:00,,"Titre : Visite guidée : découverte de la tour de la Babote. Description : 🔭 Visite de la tour de la Babote – De la défense à la science. Lieu : Montpellier, 17 Boulevard de l'Observatoire, 34000 Montpellier. Date de début : 2025-09-20T08:00:00+00:00. Date de fin : 2025-09-21T16:00:00+00:00. Mots-clés : None."
Visites commentées de la Faculté de Droit de Montpellier,⚖️ Faculté de Droit de Montpellier – Visite guidée,Montpellier,"31 rue de l'Université, 34000 Montpellier",2025-09-20T08:00:00+00:00,2025-09-20T11:00:00+00:00,,"Titre : Visites commentées de la Faculté de Droit de Montpellier. Description : ⚖️ Faculté de Droit de Montpellier – Visite guidée. Lieu : Montpellier, 31 rue de l'Université, 34000 Montpellier. Date de début : 2025-09-20T08:00:00+00:00. Date de fin : 2025-09-20T11:00:00+00:00. Mots-clés : None."
Zoom sur les collections patrimoniales,"Venez découvrir en vrai nos livres, rares, précieux ou insolites lors d’une séance collector.",Montpellier,218 boulevard de l'Aéroport International 34000 Montpellier,2025-10-04T14:00:00+00:00,2025-10-04T14:45:00+00:00,,"Titre : Zoom sur les collections patrimoniales. Description : Venez découvrir en vrai nos livres, rares, précieux ou insolites lors d’une séance collector.. Lieu : Montpellier, 218 boulevard de l'Aéroport International 34000 Montpellier. Date de début : 2025-10-04T14:00:00+00:00. Date de fin : 2025-10-04T14:45:00+00:00. Mots-clés : None."
Nounours: De l'ours des cavernes à l'ours en peluche,"Conçue par le service de Culture Scientifique de l’Université de Montpellier en 2018, cette exposition rend hommage, de la Préhistoire à l’ours en peluche actuel, à l’ancien roi des animaux. Elle un …",Montpellier,218 boulevard de l'Aéroport International 34000 Montpellier,2025-10-03T10:00:00+00:00,2025-10-05T16:00:00+00:00,,"Titre : Nounours: De l'ours des cavernes à l'ours en peluche. Description : Conçue par le service de Culture Scientifique de l’Université de Montpellier en 2018, cette exposition rend hommage, de la Préhistoire à l’ours en peluche actuel, à l’ancien roi des animaux. Elle un …. Lieu : Montpellier, 218 boulevard de l'Aéroport International 34000 Montpellier. Date de début : 2025-10-03T10:00:00+00:00. Date de fin : 2025-10-05T16:00:00+00:00. Mots-clés : None."
Action découverte des métiers: Agents des archives du Conseil Départemental à Montpellier,Venez découvrir les métiers passionnants du secteur des Archives du Conseil Départemental ! Cette 1/2 journée est l'occasion parfaite pour échanger avec des professionnels engagés et découvrir les...,Montpellier,34080 Montpellier,2025-10-15T12:00:00+00:00,2025-10-15T14:30:00+00:00,"['Portes ouvertes', '#TousEnImmersion', '1 jeune  1 solution', 'Découverte secteur / métier', 'Jeunes', 'en physique']","Titre : Action découverte des métiers: Agents des archives du Conseil Départemental à Montpellier. Description : Venez découvrir les métiers passionnants du secteur des Archives du Conseil Départemental ! Cette 1/2 journée est l'occasion parfaite pour échanger avec des professionnels engagés et découvrir les.... Lieu : Montpellier, 34080 Montpellier. Date de début : 2025-10-15T12:00:00+00:00. Date de fin : 2025-10-15T14:30:00+00:00. Mots-clés : ['Portes ouvertes', '#TousEnImmersion', '1 jeune  1 solution', 'Découverte secteur / métier', 'Jeunes', 'en physique']."
Rencontre ton pro : Hôtellerie - Restauration,Les échanges seront animés par Info Jeunes Occitanieavec le Campus des Métiers et des Qualifications de l'Hôtellerie et de la Restauration.Ainsi des professionnels/elles de l’hôtellerie de luxe et de,Montpellier,34000 Montpellier,2025-09-15T12:00:00+00:00,2025-09-15T14:00:00+00:00,"['1 jeune  1 solution', 'Découverte secteur / métier']","Titre : Rencontre ton pro : Hôtellerie - Restauration. Description : Les échanges seront animés par Info Jeunes Occitanieavec le Campus des Métiers et des Qualifications de l'Hôtellerie et de la Restauration.Ainsi des professionnels/elles de l’hôtellerie de luxe et de. Lieu : Montpellier, 34000 Montpellier. Date de début : 2025-09-15T12:00:00+00:00. Date de fin : 2025-09-15T14:00:00+00:00. Mots-clés : ['1 jeune  1 solution', 'Découverte secteur / métier']."
Matinée Découverte : Le Métier d’Assistant de Vie – Recrutement & Formation,"Dans le cadre de leurs recrutements, l'agence ONELA et le centre de formation VOAT vous accueilleront afin de vous faire découvrir, lors d'une matinée, le métier et la formation d'Assistant de vie...",Montpellier,34080 Montpellier,2025-09-05T07:00:00+00:00,2025-09-05T10:00:00+00:00,"['Job dating', '1 jeune  1 solution', '#TousMobilisés', ""S'informer"", 'Recrutement', 'Découverte formation', 'Découverte secteur / métier', 'Tout public', 'CDI', 'Contrat en alternance', 'en physique']","Titre : Matinée Découverte : Le Métier d’Assistant de Vie – Recrutement & Formation. Description : Dans le cadre de leurs recrutements, l'agence ONELA et le centre de formation VOAT vous accueilleront afin de vous faire découvrir, lors d'une matinée, le métier et la formation d'Assistant de vie.... Lieu : Montpellier, 34080 Montpellier. Date de début : 2025-09-05T07:00:00+00:00. Date de fin : 2025-09-05T10:00:00+00:00. Mots-clés : ['Job dating', '1 jeune  1 solution', '#TousMobilisés', ""S'informer"", 'Recrutement', 'Découverte formation', 'Découverte secteur / métier', 'Tout public', 'CDI', 'Contrat en alternance', 'en physique']."
"Bibliothèques Vivantes ""Atlas, Fragments du Futur""",Saison Méditerranée 2026,Montpellier,"14 Rue de l'Ecole de Pharmacie, 34000 Montpellier, France",2026-05-22T18:00:00+00:00,2026-05-22T19:30:00+00:00,,"Titre : Bibliothèques Vivantes ""Atlas, Fragments du Futur"". Description : Saison Méditerranée 2026. Lieu : Montpellier, 14 Rue de l'Ecole de Pharmacie, 34000 Montpellier, France. Date de début : 2026-05-22T18:00:00+00:00. Date de fin : 2026-05-22T19:30:00+00:00. Mots-clés : None."
Atelier - Le monde végétal du musée,"Venez explorer le monde végétal de l'Antiquité au travers de cet atelier destiné aux petits et aux grands. Apprennez à identifier les plantes méditerranéennes, à connaître les mythes et légendes qui…",Montpellier,"Université de Montpellier Paul-Valéry, route de Mende, 34090 Montpellier",2026-06-12T08:00:00+00:00,2026-06-13T15:00:00+00:00,,"Titre : Atelier - Le monde végétal du musée. Description : Venez explorer le monde végétal de l'Antiquité au travers de cet atelier destiné aux petits et aux grands. Apprennez à identifier les plantes méditerranéennes, à connaître les mythes et légendes qui…. Lieu : Montpellier, Université de Montpellier Paul-Valéry, route de Mende, 34090 Montpellier. Date de début : 2026-06-12T08:00:00+00:00. Date de fin : 2026-06-13T15:00:00+00:00. Mots-clés : None."
Balade entre collègues IBM,Roulons ensemble pour discuter autrement !,Montpellier,"895 Rue de la Vieille Poste, 34000 Montpellier",2026-05-19T15:00:00+00:00,2026-05-19T17:30:00+00:00,,"Titre : Balade entre collègues IBM. Description : Roulons ensemble pour discuter autrement !. Lieu : Montpellier, 895 Rue de la Vieille Poste, 34000 Montpellier. Date de début : 2026-05-19T15:00:00+00:00. Date de fin : 2026-05-19T17:30:00+00:00. Mots-clés : None."
Mai à Vélo 2026,Faites parcourir à votre communauté le plus de kilomètres au mois de mai !,Montpellier,"Montpellier, 34000 France",2026-04-30T22:00:00+00:00,2026-05-31T21:59:59+00:00,['challenge-id=202174'],"Titre : Mai à Vélo 2026. Description : Faites parcourir à votre communauté le plus de kilomètres au mois de mai !. Lieu : Montpellier, Montpellier, 34000 France. Date de début : 2026-04-30T22:00:00+00:00. Date de fin : 2026-05-31T21:59:59+00:00. Mots-clés : ['challenge-id=202174']."
Hackathon,"Le hackathon permet à l’intelligence collective de s’exprimer, favorise la créativité des jeunes en misant sur la collaboration et la communication, fait émerger des projets innovants et impactants.",Montpellier,"185 Allée du Nouveau Monde, Montpellier",2025-12-02T08:00:00+00:00,2025-12-02T16:00:00+00:00,"['inclusion numérique', 'hackathon']","Titre : Hackathon. Description : Le hackathon permet à l’intelligence collective de s’exprimer, favorise la créativité des jeunes en misant sur la collaboration et la communication, fait émerger des projets innovants et impactants.. Lieu : Montpellier, 185 Allée du Nouveau Monde, Montpellier. Date de début : 2025-12-02T08:00:00+00:00. Date de fin : 2025-12-02T16:00:00+00:00. Mots-clés : ['inclusion numérique', 'hackathon']."
Les secrets de la fosse,Rencontre avec le chef d'orchestre,Montpellier,"Place de la Comédie, 34000, Montpellier",2026-05-10T16:45:00+00:00,2026-05-10T17:15:00+00:00,"['rencontre', 'visite', 'chef orchestre']","Titre : Les secrets de la fosse. Description : Rencontre avec le chef d'orchestre. Lieu : Montpellier, Place de la Comédie, 34000, Montpellier. Date de début : 2026-05-10T16:45:00+00:00. Date de fin : 2026-05-10T17:15:00+00:00. Mots-clés : ['rencontre', 'visite', 'chef orchestre']."
CAP VERS L'EMPLOI,"Vous êtes un demandeur d'emploi en situation de handicap, en recherche d'emploi TOUS SECTEURS D'ACTIVITE CONFONDUS (mais métier identifié) Merci de venir AVEC UN CV à jour pour le RDV.",Montpellier,34080 Montpellier,2026-04-13T09:30:00+00:00,2026-04-13T10:00:00+00:00,"['Marché du travail', ""Aides à l'emploi"", ""S'informer"", 'Recrutement', 'Se préparer', 'Insertion']","Titre : CAP VERS L'EMPLOI. Description : Vous êtes un demandeur d'emploi en situation de handicap, en recherche d'emploi TOUS SECTEURS D'ACTIVITE CONFONDUS (mais métier identifié) Merci de venir AVEC UN CV à jour pour le RDV.. Lieu : Montpellier, 34080 Montpellier. Date de début : 2026-04-13T09:30:00+00:00. Date de fin : 2026-04-13T10:00:00+00:00. Mots-clés : ['Marché du travail', ""Aides à l'emploi"", ""S'informer"", 'Recrutement', 'Se préparer', 'Insertion']."
POP UP des métiers des Travaux Publics,"La Fédération des Travaux Publics Occitanie, en partenariat avec l'Institut de Formation des Travaux Publics, l'Académie de Montpellier et France Travail organise un événement intitulé POP UP des méti",Montpellier,34090 Montpellier,2026-04-09T07:00:00+00:00,2026-04-09T10:00:00+00:00,"['#TousEnImmersion', 'Métiers du BTP', 'L alternance', 'Découverte formation', 'Découverte secteur / métier', ""S'informer""]","Titre : POP UP des métiers des Travaux Publics. Description : La Fédération des Travaux Publics Occitanie, en partenariat avec l'Institut de Formation des Travaux Publics, l'Académie de Montpellier et France Travail organise un événement intitulé POP UP des méti. Lieu : Montpellier, 34090 Montpellier. Date de début : 2026-04-09T07:00:00+00:00. Date de fin : 2026-04-09T10:00:00+00:00. Mots-clés : ['#TousEnImmersion', 'Métiers du BTP', 'L alternance', 'Découverte formation', 'Découverte secteur / métier', ""S'informer""]."
Réunion d'information collective sur la retraite avec l'AGIRC ARRCO,Vous avez 59 ans et plus et souhaitez y voir clair sur votre future retraite.,Montpellier,34080 Montpellier,2026-05-05T07:00:00+00:00,2026-05-05T09:30:00+00:00,"['Mobilisation 50 ans et plus', ""S'informer""]","Titre : Réunion d'information collective sur la retraite avec l'AGIRC ARRCO. Description : Vous avez 59 ans et plus et souhaitez y voir clair sur votre future retraite.. Lieu : Montpellier, 34080 Montpellier. Date de début : 2026-05-05T07:00:00+00:00. Date de fin : 2026-05-05T09:30:00+00:00. Mots-clés : ['Mobilisation 50 ans et plus', ""S'informer""]."
Réunion d'information collective sur la retraite avec la CARSAT,Vous avez 59 ans et plus et souhaitez y voir clair sur votre future retraite.,Montpellier,34080 Montpellier,2026-08-18T08:00:00+00:00,2026-08-18T10:30:00+00:00,"['Mobilisation 50 ans et plus', ""S'informer""]","Titre : Réunion d'information collective sur la retraite avec la CARSAT. Description : Vous avez 59 ans et plus et souhaitez y voir clair sur votre future retraite.. Lieu : Montpellier, 34080 Montpellier. Date de début : 2026-08-18T08:00:00+00:00. Date de fin : 2026-08-18T10:30:00+00:00. Mots-clés : ['Mobilisation 50 ans et plus', ""S'informer""]."
BOOST' VOTRE CANDIDATURE : Rencontre avec l'Apije !,"Vous souhaitez donner une nouvelle impulsion à votre parcours ? Votre agence de Montpellier Cévennes vous invite à rencontrer Mme Olivia PIERI, experte en recrutement pour l'association Apije.",Montpellier,34080 Montpellier,2026-05-21T07:10:00+00:00,2026-05-21T07:20:00+00:00,"['Insertion', 'Recrutement']","Titre : BOOST' VOTRE CANDIDATURE : Rencontre avec l'Apije !. Description : Vous souhaitez donner une nouvelle impulsion à votre parcours ? Votre agence de Montpellier Cévennes vous invite à rencontrer Mme Olivia PIERI, experte en recrutement pour l'association Apije.. Lieu : Montpellier, 34080 Montpellier. Date de début : 2026-05-21T07:10:00+00:00. Date de fin : 2026-05-21T07:20:00+00:00. Mots-clés : ['Insertion', 'Recrutement']."
Les rencontres de la création avec ADIE,"Rencontre avec ADIE : L'Adie, c'est l'association qui finance votre entreprise et vous accompagne tout au long de votre projet. Un crédit et des conseils pour me lancer.",Montpellier,34080 Montpellier,2026-05-06T07:00:00+00:00,2026-05-06T07:30:00+00:00,"['Se préparer', ""Création d'entreprise""]","Titre : Les rencontres de la création avec ADIE. Description : Rencontre avec ADIE : L'Adie, c'est l'association qui finance votre entreprise et vous accompagne tout au long de votre projet. Un crédit et des conseils pour me lancer.. Lieu : Montpellier, 34080 Montpellier. Date de début : 2026-05-06T07:00:00+00:00. Date de fin : 2026-05-06T07:30:00+00:00. Mots-clés : ['Se préparer', ""Création d'entreprise""]."
*** Rencontre avec un Conseiller Entreprise SERVICE A LA PERSONNE***,Vous êtes disponible? Vous recherchez un emploi dans le service à la personne et avez votre CV à jour dans votre espace personnel?,Montpellier,34080 Montpellier,2026-06-02T07:00:00+00:00,2026-06-02T10:00:00+00:00,"['Marché du travail', 'Recrutement', ""S'informer""]","Titre : *** Rencontre avec un Conseiller Entreprise SERVICE A LA PERSONNE***. Description : Vous êtes disponible? Vous recherchez un emploi dans le service à la personne et avez votre CV à jour dans votre espace personnel?. Lieu : Montpellier, 34080 Montpellier. Date de début : 2026-06-02T07:00:00+00:00. Date de fin : 2026-06-02T10:00:00+00:00. Mots-clés : ['Marché du travail', 'Recrutement', ""S'informer""]."
Découvrez les métiers du transport !,Découvrez les métiers du transport avec la maison de l'Orientation à Antigone !,Montpellier,34000 Montpellier,2025-12-10T13:00:00+00:00,2025-12-10T15:30:00+00:00,"['#TousMobilisés', 'Mobilisation 50 ans et plus', 'Transition écologique', '1 jeune  1 solution', 'Se préparer', ""S'informer"", 'Découverte formation', 'Découverte secteur / métier', 'Recrutement', 'Marché du travail']","Titre : Découvrez les métiers du transport !. Description : Découvrez les métiers du transport avec la maison de l'Orientation à Antigone !. Lieu : Montpellier, 34000 Montpellier. Date de début : 2025-12-10T13:00:00+00:00. Date de fin : 2025-12-10T15:30:00+00:00. Mots-clés : ['#TousMobilisés', 'Mobilisation 50 ans et plus', 'Transition écologique', '1 jeune  1 solution', 'Se préparer', ""S'informer"", 'Découverte formation', 'Découverte secteur / métier', 'Recrutement', 'Marché du travail']."
BIO et PRO Forum des investisseurs,Rendez-vous le Jeudi 9 avril 2026 à Montpellier pour une nouvelle édition du Forum des investisseurs.,Montpellier,"1000 avenue Agropolis, 34000 Montpellier",2026-04-09T07:00:00+00:00,2026-04-09T17:00:00+00:00,,"Titre : BIO et PRO Forum des investisseurs. Description : Rendez-vous le Jeudi 9 avril 2026 à Montpellier pour une nouvelle édition du Forum des investisseurs.. Lieu : Montpellier, 1000 avenue Agropolis, 34000 Montpellier. Date de début : 2026-04-09T07:00:00+00:00. Date de fin : 2026-04-09T17:00:00+00:00. Mots-clés : None."
"Les entrepôts de données de santé : enjeux, usages et perspectives","Webinaire dédié aux entrepôts de données de santé. L’occasion de comprendre les enjeux économiques, techniques et réglementaires liés à la gouvernance et à la valorisation de ces données sensibles.",Montpellier,Online,2025-07-01T10:00:00+00:00,2025-07-01T11:30:00+00:00,"['Santé', 'Numérique', 'Innovation', 'Digital', 'health', 'data', 'données', 'entrepots', 'CHU', 'valorisation', 'sensibles']","Titre : Les entrepôts de données de santé : enjeux, usages et perspectives. Description : Webinaire dédié aux entrepôts de données de santé. L’occasion de comprendre les enjeux économiques, techniques et réglementaires liés à la gouvernance et à la valorisation de ces données sensibles.. Lieu : Montpellier, Online. Date de début : 2025-07-01T10:00:00+00:00. Date de fin : 2025-07-01T11:30:00+00:00. Mots-clés : ['Santé', 'Numérique', 'Innovation', 'Digital', 'health', 'data', 'données', 'entrepots', 'CHU', 'valorisation', 'sensibles']."
Les rencontres de la création avec Axents et CitésLab,"Rencontre avec CitésLab CitésLab - Révélateurs de Talents, ce sont d'abord des hommes et des femmes de terrain - les chefs de projets CitésLab. Les chefs de projets CitésLab rencontrent et révèlen...",Montpellier,34080 Montpellier,2025-09-17T07:00:00+00:00,2025-09-17T07:30:00+00:00,"['Atelier', ""Création d'entreprise"", 'Se préparer', 'Tout public', 'en physique']","Titre : Les rencontres de la création avec Axents et CitésLab. Description : Rencontre avec CitésLab CitésLab - Révélateurs de Talents, ce sont d'abord des hommes et des femmes de terrain - les chefs de projets CitésLab. Les chefs de projets CitésLab rencontrent et révèlen.... Lieu : Montpellier, 34080 Montpellier. Date de début : 2025-09-17T07:00:00+00:00. Date de fin : 2025-09-17T07:30:00+00:00. Mots-clés : ['Atelier', ""Création d'entreprise"", 'Se préparer', 'Tout public', 'en physique']."
Les rencontres de la création avec Axents et CitésLab,"Rencontre avec CitésLab CitésLab - Révélateurs de Talents, ce sont d'abord des hommes et des femmes de terrain - les chefs de projets CitésLab. Les chefs de projets CitésLab rencontrent et révèlen...",Montpellier,34080 Montpellier,2025-09-17T08:00:00+00:00,2025-09-17T08:30:00+00:00,"['Atelier', 'Se préparer', ""Création d'entreprise"", 'Tout public', 'en physique']","Titre : Les rencontres de la création avec Axents et CitésLab. Description : Rencontre avec CitésLab CitésLab - Révélateurs de Talents, ce sont d'abord des hommes et des femmes de terrain - les chefs de projets CitésLab. Les chefs de projets CitésLab rencontrent et révèlen.... Lieu : Montpellier, 34080 Montpellier. Date de début : 2025-09-17T08:00:00+00:00. Date de fin : 2025-09-17T08:30:00+00:00. Mots-clés : ['Atelier', 'Se préparer', ""Création d'entreprise"", 'Tout public', 'en physique']."
Les rencontres de la création avec Axents,Axents Montpellier propose accompagnement et formation à la création/reprise d'entreprise,Montpellier,34080 Montpellier,2025-10-01T09:00:00+00:00,2025-10-01T09:30:00+00:00,"['Atelier', 'Se préparer', ""Création d'entreprise"", 'Tout public', 'en physique']","Titre : Les rencontres de la création avec Axents. Description : Axents Montpellier propose accompagnement et formation à la création/reprise d'entreprise. Lieu : Montpellier, 34080 Montpellier. Date de début : 2025-10-01T09:00:00+00:00. Date de fin : 2025-10-01T09:30:00+00:00. Mots-clés : ['Atelier', 'Se préparer', ""Création d'entreprise"", 'Tout public', 'en physique']."
Je participe à l'animation d'un potager pédagogique à destination des enfants,Les missions des bénévoles porteront sur la création et l'entretien du jardin pédagogique mais aussi l'animation d'ateliers de jardinage et d'éducation en lien avec le respect de l'environnement.,Montpellier,75 Allée de Coventry 34080 Montpellier,2025-09-27T07:00:00+00:00,2025-10-05T17:00:00+00:00,,"Titre : Je participe à l'animation d'un potager pédagogique à destination des enfants. Description : Les missions des bénévoles porteront sur la création et l'entretien du jardin pédagogique mais aussi l'animation d'ateliers de jardinage et d'éducation en lien avec le respect de l'environnement.. Lieu : Montpellier, 75 Allée de Coventry 34080 Montpellier. Date de début : 2025-09-27T07:00:00+00:00. Date de fin : 2025-10-05T17:00:00+00:00. Mots-clés : None."
Ciné Rencontre RIRE SE BATTRE ET DEVENIR,Lundi 27 octobre à 20h30,Montpellier,2 rue Marcellin Albert 34080,2025-10-27T19:30:00+00:00,2025-10-27T22:00:00+00:00,"['Cinéma Nestor Burma', 'RIRE SE BATTRE ET DEVENIR', 'Adrien Cotonat', 'Madrediosa', 'Rainbow Screen']","Titre : Ciné Rencontre RIRE SE BATTRE ET DEVENIR. Description : Lundi 27 octobre à 20h30. Lieu : Montpellier, 2 rue Marcellin Albert 34080. Date de début : 2025-10-27T19:30:00+00:00. Date de fin : 2025-10-27T22:00:00+00:00. Mots-clés : ['Cinéma Nestor Burma', 'RIRE SE BATTRE ET DEVENIR', 'Adrien Cotonat', 'Madrediosa', 'Rainbow Screen']."
"""Penser l'incertitude"" de Christian Barani","L’ENSAM et l’ARPAL en partenariat avec la Maom, proposent une projection-débat du film « Penser l’incertitude » en présence de Christian Barani, réalisateur du film et Margaux Darrieus, critique et /…",Montpellier,179 RUE DE L'espérou,2025-10-29T15:00:00+00:00,2025-10-29T18:30:00+00:00,,"Titre : ""Penser l'incertitude"" de Christian Barani. Description : L’ENSAM et l’ARPAL en partenariat avec la Maom, proposent une projection-débat du film « Penser l’incertitude » en présence de Christian Barani, réalisateur du film et Margaux Darrieus, critique et /…. Lieu : Montpellier, 179 RUE DE L'espérou. Date de début : 2025-10-29T15:00:00+00:00. Date de fin : 2025-10-29T18:30:00+00:00. Mots-clés : None."
"Conférence gesticulée : Max Rouquette, homme de théâtre",🎭 Hommage à Max Rouquette – Conférence gesticulée,Montpellier,Place Max Rouquette 34000 Montpellier,2025-09-21T08:00:00+00:00,2025-09-21T09:00:00+00:00,,"Titre : Conférence gesticulée : Max Rouquette, homme de théâtre. Description : 🎭 Hommage à Max Rouquette – Conférence gesticulée. Lieu : Montpellier, Place Max Rouquette 34000 Montpellier. Date de début : 2025-09-21T08:00:00+00:00. Date de fin : 2025-09-21T09:00:00+00:00. Mots-clés : None."
Capsules Sonores,La prépa Entertainment de l'ESMA ( École Supérieure des MétiersArtistiques) propose une déambulation à partir d'une sélection d'oeuvres du musée sous forme d'une capsule sonore à flasher àpartir d'un…,Montpellier,"39 Boulevard de Bonnes Nouvelles, 34000 Montpellier, France",2025-05-17T17:30:00+00:00,2025-05-17T20:30:00+00:00,,"Titre : Capsules Sonores. Description : La prépa Entertainment de l'ESMA ( École Supérieure des MétiersArtistiques) propose une déambulation à partir d'une sélection d'oeuvres du musée sous forme d'une capsule sonore à flasher àpartir d'un…. Lieu : Montpellier, 39 Boulevard de Bonnes Nouvelles, 34000 Montpellier, France. Date de début : 2025-05-17T17:30:00+00:00. Date de fin : 2025-05-17T20:30:00+00:00. Mots-clés : None."
Courbet,Visite commentée par S. Albet Amis du musée Fabre,Montpellier,"39 Boulevard de Bonnes Nouvelles, 34000 Montpellier, France",2025-05-17T18:00:00+00:00,2025-05-17T19:00:00+00:00,,"Titre : Courbet. Description : Visite commentée par S. Albet Amis du musée Fabre. Lieu : Montpellier, 39 Boulevard de Bonnes Nouvelles, 34000 Montpellier, France. Date de début : 2025-05-17T18:00:00+00:00. Date de fin : 2025-05-17T19:00:00+00:00. Mots-clés : None."
"Conférence gesticulée : Max Rouquette, homme de théâtre",🎙️ Conférence gesticulée autour de Max Rouquette,Montpellier,"2 ter rue Saint-Pierre, 34062 Montpellier",2025-09-20T12:00:00+00:00,2025-09-20T15:00:00+00:00,,"Titre : Conférence gesticulée : Max Rouquette, homme de théâtre. Description : 🎙️ Conférence gesticulée autour de Max Rouquette. Lieu : Montpellier, 2 ter rue Saint-Pierre, 34062 Montpellier. Date de début : 2025-09-20T12:00:00+00:00. Date de fin : 2025-09-20T15:00:00+00:00. Mots-clés : None."
Visite libre du domaine Bonnier de la Mosson,🏰 Visite libre du domaine Bonnier de la Mosson,Montpellier,"Route de Lodève, 34070 Montpellier",2025-09-20T08:00:00+00:00,2025-09-21T16:00:00+00:00,,"Titre : Visite libre du domaine Bonnier de la Mosson. Description : 🏰 Visite libre du domaine Bonnier de la Mosson. Lieu : Montpellier, Route de Lodève, 34070 Montpellier. Date de début : 2025-09-20T08:00:00+00:00. Date de fin : 2025-09-21T16:00:00+00:00. Mots-clés : None."
Visite guidée du Rectorat,🏛️ Visite guidée du Rectorat de l’académie de Montpellier,Montpellier,"31 rue de l’Université, 34000 Montpellier",2025-09-20T07:30:00+00:00,2025-09-21T10:00:00+00:00,,"Titre : Visite guidée du Rectorat. Description : 🏛️ Visite guidée du Rectorat de l’académie de Montpellier. Lieu : Montpellier, 31 rue de l’Université, 34000 Montpellier. Date de début : 2025-09-20T07:30:00+00:00. Date de fin : 2025-09-21T10:00:00+00:00. Mots-clés : None."
Atelier Numérique GOOGLE: conférence Comment lancer mon business en ligne ? (Niveau 1) atelier: Maximiser le potentiel de son projet entrepreneuri...,Atelier Numérique GOOGLE: Conférence: Comment lancer mon business en ligne ? (Niveau 1) suivie d'un atelier pédagogique: Maximiser le potentiel de son projet entrepreneurial avec l'aide de l'IA - ...,Montpellier,34000 Montpellier,2025-09-11T08:00:00+00:00,2025-09-11T09:30:00+00:00,"['Conférence', '#TousMobilisés', 'Les outils du numérique', 'Marché du travail', ""S'informer"", ""Création d'entreprise"", 'Tout public', 'à distance']","Titre : Atelier Numérique GOOGLE: conférence Comment lancer mon business en ligne ? (Niveau 1) atelier: Maximiser le potentiel de son projet entrepreneuri.... Description : Atelier Numérique GOOGLE: Conférence: Comment lancer mon business en ligne ? (Niveau 1) suivie d'un atelier pédagogique: Maximiser le potentiel de son projet entrepreneurial avec l'aide de l'IA - .... Lieu : Montpellier, 34000 Montpellier. Date de début : 2025-09-11T08:00:00+00:00. Date de fin : 2025-09-11T09:30:00+00:00. Mots-clés : ['Conférence', '#TousMobilisés', 'Les outils du numérique', 'Marché du travail', ""S'informer"", ""Création d'entreprise"", 'Tout public', 'à distance']."
Zooscopies,Rencontre entre la collection de zoologie de l'Université de Montpellier et les dessins et gravures des animaux « en matière noire » à la fois réalistes et plein d'humour de l'artiste peintre-graveur…,Montpellier,207 rue Guillaume Janvier 34070 Montpellier,2025-10-03T13:00:00+00:00,2025-10-04T16:00:00+00:00,,"Titre : Zooscopies. Description : Rencontre entre la collection de zoologie de l'Université de Montpellier et les dessins et gravures des animaux « en matière noire » à la fois réalistes et plein d'humour de l'artiste peintre-graveur…. Lieu : Montpellier, 207 rue Guillaume Janvier 34070 Montpellier. Date de début : 2025-10-03T13:00:00+00:00. Date de fin : 2025-10-04T16:00:00+00:00. Mots-clés : None."
The Calabashes (rock indie),Fête de la musique 2026,Montpellier,Montpellier,2026-06-20T16:30:00+00:00,2026-06-20T17:15:00+00:00,,"Titre : The Calabashes (rock indie). Description : Fête de la musique 2026. Lieu : Montpellier, Montpellier. Date de début : 2026-06-20T16:30:00+00:00. Date de fin : 2026-06-20T17:15:00+00:00. Mots-clés : None."
Visite guidée courte du Musée des Moulages,"En suivant le parcours du Musée des Moulages, remontez le temps jusqu’au XIXe siècle, quand l’archéologie n’était encore qu’une discipline naissante et quand les moulages permettaient aux étudiants à…",Montpellier,"Université de Montpellier Paul-Valéry, route de Mende, 34090 Montpellier",2026-06-13T08:30:00+00:00,2026-06-13T14:30:00+00:00,,"Titre : Visite guidée courte du Musée des Moulages. Description : En suivant le parcours du Musée des Moulages, remontez le temps jusqu’au XIXe siècle, quand l’archéologie n’était encore qu’une discipline naissante et quand les moulages permettaient aux étudiants à…. Lieu : Montpellier, Université de Montpellier Paul-Valéry, route de Mende, 34090 Montpellier. Date de début : 2026-06-13T08:30:00+00:00. Date de fin : 2026-06-13T14:30:00+00:00. Mots-clés : None."
Al-Sirah Al-Hilaliyyah - L’Épopée des Banu Hilal,Saison Méditerranée 2026,Montpellier,"Avenue Albert Einstein, 34000 Montpellier",2026-10-08T17:00:00+00:00,2026-10-09T21:00:00+00:00,,"Titre : Al-Sirah Al-Hilaliyyah - L’Épopée des Banu Hilal. Description : Saison Méditerranée 2026. Lieu : Montpellier, Avenue Albert Einstein, 34000 Montpellier. Date de début : 2026-10-08T17:00:00+00:00. Date de fin : 2026-10-09T21:00:00+00:00. Mots-clés : None."
Les rencontres de la création avec AXENTS,"Vous avez une idée, besoin de conseils ? Depuis 1995, AXENTS favorise l'émergence de projets et le développement de la création d'entreprise dans le département de l'Hérault.",Montpellier,34080 Montpellier,2026-04-29T09:00:00+00:00,2026-04-29T09:30:00+00:00,"[""La semaine de la création et reprise d'entreprise - ReStart"", ""Création d'entreprise""]","Titre : Les rencontres de la création avec AXENTS. Description : Vous avez une idée, besoin de conseils ? Depuis 1995, AXENTS favorise l'émergence de projets et le développement de la création d'entreprise dans le département de l'Hérault.. Lieu : Montpellier, 34080 Montpellier. Date de début : 2026-04-29T09:00:00+00:00. Date de fin : 2026-04-29T09:30:00+00:00. Mots-clés : [""La semaine de la création et reprise d'entreprise - ReStart"", ""Création d'entreprise""]."
Je la connaissais bien de Antonio Pietrangeli,Séance unique,Montpellier,"5, rue de Verdun, Montpellier",2026-02-02T12:30:00+00:00,2026-02-02T15:30:00+00:00,"['Diagonal-Capitole', 'Je la connaissais bien de Antonio Pietrangeli']","Titre : Je la connaissais bien de Antonio Pietrangeli. Description : Séance unique. Lieu : Montpellier, 5, rue de Verdun, Montpellier. Date de début : 2026-02-02T12:30:00+00:00. Date de fin : 2026-02-02T15:30:00+00:00. Mots-clés : ['Diagonal-Capitole', 'Je la connaissais bien de Antonio Pietrangeli']."
Les rencontres de la création avec AXENTS,"Vous avez une idée, besoin de conseils ? Depuis 1995, AXENTS favorise l'émergence de projets et le développement de la création d'entreprise dans le département de l'Hérault.",Montpellier,34080 Montpellier,2026-05-13T07:30:00+00:00,2026-05-13T08:00:00+00:00,"[""La semaine de la création et reprise d'entreprise - ReStart"", ""Création d'entreprise""]","Titre : Les rencontres de la création avec AXENTS. Description : Vous avez une idée, besoin de conseils ? Depuis 1995, AXENTS favorise l'émergence de projets et le développement de la création d'entreprise dans le département de l'Hérault.. Lieu : Montpellier, 34080 Montpellier. Date de début : 2026-05-13T07:30:00+00:00. Date de fin : 2026-05-13T08:00:00+00:00. Mots-clés : [""La semaine de la création et reprise d'entreprise - ReStart"", ""Création d'entreprise""]."
Les rencontres de la création avec AXENTS,"Vous avez une idée, besoin de conseils ? Depuis 1995, AXENTS favorise l'émergence de projets et le développement de la création d'entreprise dans le département de l'Hérault.",Montpellier,34080 Montpellier,2026-05-13T09:00:00+00:00,2026-05-13T09:30:00+00:00,"[""La semaine de la création et reprise d'entreprise - ReStart"", ""Création d'entreprise""]","Titre : Les rencontres de la création avec AXENTS. Description : Vous avez une idée, besoin de conseils ? Depuis 1995, AXENTS favorise l'émergence de projets et le développement de la création d'entreprise dans le département de l'Hérault.. Lieu : Montpellier, 34080 Montpellier. Date de début : 2026-05-13T09:00:00+00:00. Date de fin : 2026-05-13T09:30:00+00:00. Mots-clés : [""La semaine de la création et reprise d'entreprise - ReStart"", ""Création d'entreprise""]."
Découvrez les métiers de la logistique !,Découvrez les métiers de la logistique avec la maison de l'Orientation à Antigone !,Montpellier,34000 Montpellier,2026-02-11T13:00:00+00:00,2026-02-11T15:00:00+00:00,"['1 jeune  1 solution', 'Mobilisation 50 ans et plus', '#TousMobilisés', 'Transition écologique', 'Se préparer', 'Marché du travail', ""S'informer"", 'Recrutement', 'Découverte secteur / métier', 'Découverte formation']","Titre : Découvrez les métiers de la logistique !. Description : Découvrez les métiers de la logistique avec la maison de l'Orientation à Antigone !. Lieu : Montpellier, 34000 Montpellier. Date de début : 2026-02-11T13:00:00+00:00. Date de fin : 2026-02-11T15:00:00+00:00. Mots-clés : ['1 jeune  1 solution', 'Mobilisation 50 ans et plus', '#TousMobilisés', 'Transition écologique', 'Se préparer', 'Marché du travail', ""S'informer"", 'Recrutement', 'Découverte secteur / métier', 'Découverte formation']."
Les rencontres de la création avec CitésLab,"Rencontre avec CitésLab CitésLab - Révélateurs de Talents, ce sont d'abord des hommes et des femmes de terrain - les chefs de projets CitésLab. Les chefs de projets CitésLab rencontrent et révèlen...",Montpellier,34080 Montpellier,2025-09-15T08:00:00+00:00,2025-09-15T08:30:00+00:00,"['Atelier', ""Création d'entreprise"", 'Se préparer', 'Tout public', 'en physique']","Titre : Les rencontres de la création avec CitésLab. Description : Rencontre avec CitésLab CitésLab - Révélateurs de Talents, ce sont d'abord des hommes et des femmes de terrain - les chefs de projets CitésLab. Les chefs de projets CitésLab rencontrent et révèlen.... Lieu : Montpellier, 34080 Montpellier. Date de début : 2025-09-15T08:00:00+00:00. Date de fin : 2025-09-15T08:30:00+00:00. Mots-clés : ['Atelier', ""Création d'entreprise"", 'Se préparer', 'Tout public', 'en physique']."
"JOB DATING PROPRETE: vous êtes en situation de handicap, venez rencontrer des entreprises du secteur de la propreté qui recrutent !",Vous êtes une personne en situation de handicap ? Vous recherchez un emploi dans le secteur de la propreté? Venez rencontrer des entreprises de ce secteur qui recrutent immédiatement! Plusieurs po...,Montpellier,34080 Montpellier,2025-10-14T06:45:00+00:00,2025-10-14T11:00:00+00:00,"['Job dating', 'Insertion', 'Recrutement', 'Personnes en situation de handicap', 'CDD', 'Rencontre recruteur', 'Formation assurée', 'Contrat en alternance', 'Temps complet', 'CDI', 'Temps partiel', ""Opportunité d'emploi"", 'en physique']","Titre : JOB DATING PROPRETE: vous êtes en situation de handicap, venez rencontrer des entreprises du secteur de la propreté qui recrutent !. Description : Vous êtes une personne en situation de handicap ? Vous recherchez un emploi dans le secteur de la propreté? Venez rencontrer des entreprises de ce secteur qui recrutent immédiatement! Plusieurs po.... Lieu : Montpellier, 34080 Montpellier. Date de début : 2025-10-14T06:45:00+00:00. Date de fin : 2025-10-14T11:00:00+00:00. Mots-clés : ['Job dating', 'Insertion', 'Recrutement', 'Personnes en situation de handicap', 'CDD', 'Rencontre recruteur', 'Formation assurée', 'Contrat en alternance', 'Temps complet', 'CDI', 'Temps partiel', ""Opportunité d'emploi"", 'en physique']."
Recrutement dans LES ARMEES,Les ARMEES RECUTENT !!!!! Une belle opportunité pour les jeunes avec une formation à la clé et des perspectives dans tous les métiers (pas seulement le combat) !,Montpellier,34080 Montpellier,2025-12-09T13:00:00+00:00,2025-12-09T14:30:00+00:00,"['#TousMobilisés', '1 jeune  1 solution', 'Découverte secteur / métier', 'Recrutement', 'Recrutement sans CV']","Titre : Recrutement dans LES ARMEES. Description : Les ARMEES RECUTENT !!!!! Une belle opportunité pour les jeunes avec une formation à la clé et des perspectives dans tous les métiers (pas seulement le combat) !. Lieu : Montpellier, 34080 Montpellier. Date de début : 2025-12-09T13:00:00+00:00. Date de fin : 2025-12-09T14:30:00+00:00. Mots-clés : ['#TousMobilisés', '1 jeune  1 solution', 'Découverte secteur / métier', 'Recrutement', 'Recrutement sans CV']."
Rdv CitésLab - Création d'entreprise,"Venez préparer votre création d'entreprise, et poser vos questions. 30 minutes de rencontre en individuel, pour avancer sur votre projet, avec le sourire.",Montpellier,34080 Montpellier,2025-12-22T09:00:00+00:00,2025-12-22T09:30:00+00:00,"[""Création d'entreprise"", 'Se préparer']","Titre : Rdv CitésLab - Création d'entreprise. Description : Venez préparer votre création d'entreprise, et poser vos questions. 30 minutes de rencontre en individuel, pour avancer sur votre projet, avec le sourire.. Lieu : Montpellier, 34080 Montpellier. Date de début : 2025-12-22T09:00:00+00:00. Date de fin : 2025-12-22T09:30:00+00:00. Mots-clés : [""Création d'entreprise"", 'Se préparer']."
Les rencontres de la création avec AXENTS,"Vous avez une idée, besoin de conseils ? Depuis 1995, AXENTS favorise l'émergence de projets et le développement de la création d'entreprise dans le département de l'Hérault.",Montpellier,34080 Montpellier,2026-01-07T09:00:00+00:00,2026-01-07T09:30:00+00:00,"[""Création d'entreprise""]","Titre : Les rencontres de la création avec AXENTS. Description : Vous avez une idée, besoin de conseils ? Depuis 1995, AXENTS favorise l'émergence de projets et le développement de la création d'entreprise dans le département de l'Hérault.. Lieu : Montpellier, 34080 Montpellier. Date de début : 2026-01-07T09:00:00+00:00. Date de fin : 2026-01-07T09:30:00+00:00. Mots-clés : [""Création d'entreprise""]."
Les rencontres de la création avec AXENTS,"Vous avez une idée, besoin de conseils ? Depuis 1995, AXENTS favorise l'émergence de projets et le développement de la création d'entreprise dans le département de l'Hérault.",Montpellier,34080 Montpellier,2026-01-14T08:30:00+00:00,2026-01-14T09:00:00+00:00,"[""Création d'entreprise""]","Titre : Les rencontres de la création avec AXENTS. Description : Vous avez une idée, besoin de conseils ? Depuis 1995, AXENTS favorise l'émergence de projets et le développement de la création d'entreprise dans le département de l'Hérault.. Lieu : Montpellier, 34080 Montpellier. Date de début : 2026-01-14T08:30:00+00:00. Date de fin : 2026-01-14T09:00:00+00:00. Mots-clés : [""Création d'entreprise""]."
Journée scientifique Vigne-Vin,"La 16e édition de la Journée Scientifique Vigne & Vin se déroulera le jeudi 22 mai 2025, de 8 h30 à 16 h 00, sur le campus de La Gaillarde",Montpellier,"2 place Pierre Viala, 34000 Montpellier",2025-05-22T06:30:00+00:00,2025-05-22T14:00:00+00:00,,"Titre : Journée scientifique Vigne-Vin. Description : La 16e édition de la Journée Scientifique Vigne & Vin se déroulera le jeudi 22 mai 2025, de 8 h30 à 16 h 00, sur le campus de La Gaillarde. Lieu : Montpellier, 2 place Pierre Viala, 34000 Montpellier. Date de début : 2025-05-22T06:30:00+00:00. Date de fin : 2025-05-22T14:00:00+00:00. Mots-clés : None."
Journée scientifique Vigne vin,Éclairages sur les opportunités de diversification de la filière viticole,Montpellier,"2 place Pierre Viala, 34000 Montpellier",2026-04-08T07:30:00+00:00,2026-04-08T10:00:00+00:00,,"Titre : Journée scientifique Vigne vin. Description : Éclairages sur les opportunités de diversification de la filière viticole. Lieu : Montpellier, 2 place Pierre Viala, 34000 Montpellier. Date de début : 2026-04-08T07:30:00+00:00. Date de fin : 2026-04-08T10:00:00+00:00. Mots-clés : None."
Visite : le chant des oiseaux au Bois de Montmaur,Venez découvrir au bois de Montmaur tout un univers de plumes et de chants qui colore le quartier.,Montpellier,82 avenue d'Agropolis Montpellier,2026-06-05T17:00:00+00:00,2026-06-05T19:00:00+00:00,,"Titre : Visite : le chant des oiseaux au Bois de Montmaur. Description : Venez découvrir au bois de Montmaur tout un univers de plumes et de chants qui colore le quartier.. Lieu : Montpellier, 82 avenue d'Agropolis Montpellier. Date de début : 2026-06-05T17:00:00+00:00. Date de fin : 2026-06-05T19:00:00+00:00. Mots-clés : None."
Balade au fil des jardins,"Balade au fil des jardins, Montpellier",Montpellier,"19 rue Saint-Louis, 34000 Montpellier",2026-06-06T07:30:00+00:00,2026-06-06T10:30:00+00:00,,"Titre : Balade au fil des jardins. Description : Balade au fil des jardins, Montpellier. Lieu : Montpellier, 19 rue Saint-Louis, 34000 Montpellier. Date de début : 2026-06-06T07:30:00+00:00. Date de fin : 2026-06-06T10:30:00+00:00. Mots-clés : None."
SALON DU VOYAGE DROM COM LYCEE GEORGES FRECHE MONTPELLIER,"Salon du voyage axé sur le ""Patrimoine culturel et immatériel des DROM-COM"" organisé par les étudiants de BTS Tourisme 1ere année du lycée Georges Frêche de Montpellier",Montpellier,401 RUE LE TITIEN 34000 MONTPELLIER,2026-02-13T08:30:00+00:00,2026-02-13T15:30:00+00:00,"['BTS TOURISME', 'LYCEE GEORGES FRECHE MONTPELLIER', 'SALON DU VOYAGE DROM COM', 'UNESCO']","Titre : SALON DU VOYAGE DROM COM LYCEE GEORGES FRECHE MONTPELLIER. Description : Salon du voyage axé sur le ""Patrimoine culturel et immatériel des DROM-COM"" organisé par les étudiants de BTS Tourisme 1ere année du lycée Georges Frêche de Montpellier. Lieu : Montpellier, 401 RUE LE TITIEN 34000 MONTPELLIER. Date de début : 2026-02-13T08:30:00+00:00. Date de fin : 2026-02-13T15:30:00+00:00. Mots-clés : ['BTS TOURISME', 'LYCEE GEORGES FRECHE MONTPELLIER', 'SALON DU VOYAGE DROM COM', 'UNESCO']."
Assomption Montpellier,Des coachs de prévention vous accueilleront sur notre stand pour participer à des ateliers immersifs et ludiques afin de vous sensibiliser aux risques routiers et comment les prévenir.,Montpellier,Montpellier,2026-04-07T08:00:00+00:00,2026-04-10T16:00:00+00:00,"['allianz', 'prévention', 'allianzprevention', 'AZPT', 'associationallianzprévention', 'sécuritéroutière']","Titre : Assomption Montpellier. Description : Des coachs de prévention vous accueilleront sur notre stand pour participer à des ateliers immersifs et ludiques afin de vous sensibiliser aux risques routiers et comment les prévenir.. Lieu : Montpellier, Montpellier. Date de début : 2026-04-07T08:00:00+00:00. Date de fin : 2026-04-10T16:00:00+00:00. Mots-clés : ['allianz', 'prévention', 'allianzprevention', 'AZPT', 'associationallianzprévention', 'sécuritéroutière']."
"La Conf’ Santé : ""L’intégration de l’IA Générative en santé"" - Regards croisés : soignants, institutions et recherche.","Recherche, pratiques, relation soignant-patient, formation : l’IA générative transforme la santé. Une journée de tables rondes pour croiser les regards des soignants, institutions et chercheurs.",Montpellier,"132 Bd Pénélope, 34000 Montpellier",2026-02-10T08:00:00+00:00,2026-02-10T16:00:00+00:00,"['IA', 'Santé', 'Numérique']","Titre : La Conf’ Santé : ""L’intégration de l’IA Générative en santé"" - Regards croisés : soignants, institutions et recherche.. Description : Recherche, pratiques, relation soignant-patient, formation : l’IA générative transforme la santé. Une journée de tables rondes pour croiser les regards des soignants, institutions et chercheurs.. Lieu : Montpellier, 132 Bd Pénélope, 34000 Montpellier. Date de début : 2026-02-10T08:00:00+00:00. Date de fin : 2026-02-10T16:00:00+00:00. Mots-clés : ['IA', 'Santé', 'Numérique']."
Mai à Vélo 2026,Faites parcourir à votre communauté le plus de kilomètres au mois de mai !,Montpellier,"191 Av. du Doyen Gaston Giraud, Montpellier",2026-04-30T22:00:00+00:00,2026-05-31T21:59:59+00:00,['challenge-id=202307'],"Titre : Mai à Vélo 2026. Description : Faites parcourir à votre communauté le plus de kilomètres au mois de mai !. Lieu : Montpellier, 191 Av. du Doyen Gaston Giraud, Montpellier. Date de début : 2026-04-30T22:00:00+00:00. Date de fin : 2026-05-31T21:59:59+00:00. Mots-clés : ['challenge-id=202307']."
Mai à Vélo 2026,Faites parcourir à votre communauté le plus de kilomètres au mois de mai !,Montpellier,"Rue de l'Arnel, 34071 Montpellier, France",2026-04-30T22:00:00+00:00,2026-05-31T21:59:59+00:00,['challenge-id=212645'],"Titre : Mai à Vélo 2026. Description : Faites parcourir à votre communauté le plus de kilomètres au mois de mai !. Lieu : Montpellier, Rue de l'Arnel, 34071 Montpellier, France. Date de début : 2026-04-30T22:00:00+00:00. Date de fin : 2026-05-31T21:59:59+00:00. Mots-clés : ['challenge-id=212645']."
Mai à Vélo 2026,Faites parcourir à votre communauté le plus de kilomètres au mois de mai !,Montpellier,"911 Avenue Agropolis, 34090 Montpellier",2026-04-30T22:00:00+00:00,2026-05-31T21:59:59+00:00,['challenge-id=213148'],"Titre : Mai à Vélo 2026. Description : Faites parcourir à votre communauté le plus de kilomètres au mois de mai !. Lieu : Montpellier, 911 Avenue Agropolis, 34090 Montpellier. Date de début : 2026-04-30T22:00:00+00:00. Date de fin : 2026-05-31T21:59:59+00:00. Mots-clés : ['challenge-id=213148']."
Exposition : « Dessiner l'Architecture #1 »,"Aquarelles, relevés, croquis d’étude, esquisses, perspectives, dessins techniques, rendus de concours...",Montpellier,1 rue voltaire 34000 Montpellier,2025-09-18T16:00:00+00:00,2025-09-18T18:00:00+00:00,"['architecture', 'croquis', 'dessin', 'illustrateur', 'dessinateur', 'concours', 'Montpellier', 'patrimoine', 'Opéra']","Titre : Exposition : « Dessiner l'Architecture #1 ». Description : Aquarelles, relevés, croquis d’étude, esquisses, perspectives, dessins techniques, rendus de concours.... Lieu : Montpellier, 1 rue voltaire 34000 Montpellier. Date de début : 2025-09-18T16:00:00+00:00. Date de fin : 2025-09-18T18:00:00+00:00. Mots-clés : ['architecture', 'croquis', 'dessin', 'illustrateur', 'dessinateur', 'concours', 'Montpellier', 'patrimoine', 'Opéra']."
Exposition : « Dessiner l'Architecture #1 »,"La Fenêtre met à l’honneur le dessin d’architecte sous toutes ses formes : croquis, aquarelles, relevés, rendus… À l’heure du tout-numérique, cette exposition célèbre un geste sensible et réflexif, …",Montpellier,"1 rue voltaire, 34000 Montpellier",2025-10-01T09:00:00+00:00,2025-10-31T19:00:00+00:00,,"Titre : Exposition : « Dessiner l'Architecture #1 ». Description : La Fenêtre met à l’honneur le dessin d’architecte sous toutes ses formes : croquis, aquarelles, relevés, rendus… À l’heure du tout-numérique, cette exposition célèbre un geste sensible et réflexif, …. Lieu : Montpellier, 1 rue voltaire, 34000 Montpellier. Date de début : 2025-10-01T09:00:00+00:00. Date de fin : 2025-10-31T19:00:00+00:00. Mots-clés : None."
Composer de Philippe Besème,"David Hamerman, enseignant à l'ENSAM et Thierry Verdier, directeur de l'ENSAM présenteront ce premier volume d’une collection dédiée aux étudiants en architecture. Cet ouvrage reprend l’enseignement…",Montpellier,179 RUE DE L'espérou,2025-10-20T16:00:00+00:00,2025-10-20T17:30:00+00:00,,"Titre : Composer de Philippe Besème. Description : David Hamerman, enseignant à l'ENSAM et Thierry Verdier, directeur de l'ENSAM présenteront ce premier volume d’une collection dédiée aux étudiants en architecture. Cet ouvrage reprend l’enseignement…. Lieu : Montpellier, 179 RUE DE L'espérou. Date de début : 2025-10-20T16:00:00+00:00. Date de fin : 2025-10-20T17:30:00+00:00. Mots-clés : None."
Petit-déjeuner Mai à Vélo,Petit-déjeuner offert aux participants à Mai à Vélo !,Montpellier,"911 avenue Agropolis, 34394 Montpellier",2025-05-22T07:00:00+00:00,2025-05-22T08:00:00+00:00,,"Titre : Petit-déjeuner Mai à Vélo. Description : Petit-déjeuner offert aux participants à Mai à Vélo !. Lieu : Montpellier, 911 avenue Agropolis, 34394 Montpellier. Date de début : 2025-05-22T07:00:00+00:00. Date de fin : 2025-05-22T08:00:00+00:00. Mots-clés : None."
Théâtre-forum : “Les clichés entre générations”,Complet l 🎭🤝 Un spectacle participatif où les stéréotypes sur la jeunesse et la vieillesse sont mis en scène puis déconstruits par le public.,Montpellier,"18 rue de l’Université, 34000 Montpellier",2025-05-03T13:00:00+00:00,2025-05-03T15:30:00+00:00,,"Titre : Théâtre-forum : “Les clichés entre générations”. Description : Complet l 🎭🤝 Un spectacle participatif où les stéréotypes sur la jeunesse et la vieillesse sont mis en scène puis déconstruits par le public.. Lieu : Montpellier, 18 rue de l’Université, 34000 Montpellier. Date de début : 2025-05-03T13:00:00+00:00. Date de fin : 2025-05-03T15:30:00+00:00. Mots-clés : None."
"Concert ""Douce dame sans pitié""",🎵 Motets courtois du Moyen Âge – Salle Pétrarque,Montpellier,"2 place Pétrarque, 34000 Montpellier",2025-09-21T13:00:00+00:00,2025-09-21T15:30:00+00:00,,"Titre : Concert ""Douce dame sans pitié"". Description : 🎵 Motets courtois du Moyen Âge – Salle Pétrarque. Lieu : Montpellier, 2 place Pétrarque, 34000 Montpellier. Date de début : 2025-09-21T13:00:00+00:00. Date de fin : 2025-09-21T15:30:00+00:00. Mots-clés : None."
Visite guidée de l’église Saint-Roch,⛪ Visite guidée de l’église Saint-Roch,Montpellier,"Place Saint-Roch, 34000 Montpellier",2025-09-20T08:00:00+00:00,2025-09-20T16:00:00+00:00,,"Titre : Visite guidée de l’église Saint-Roch. Description : ⛪ Visite guidée de l’église Saint-Roch. Lieu : Montpellier, Place Saint-Roch, 34000 Montpellier. Date de début : 2025-09-20T08:00:00+00:00. Date de fin : 2025-09-20T16:00:00+00:00. Mots-clés : None."
"Reconstitution du tableau ""La Réunion de Famille"" de Frédéric Bazille et invitation à la danse","Reconstitution du tableau du peintre Montpellièraine Frédéric Bazille dans les lieux où il a été peint en 1867: ""La Réunion de Famille""",Montpellier,"634 rue de Ferran, 34000 Montpellier",2025-09-20T12:30:00+00:00,2025-09-20T15:00:00+00:00,,"Titre : Reconstitution du tableau ""La Réunion de Famille"" de Frédéric Bazille et invitation à la danse. Description : Reconstitution du tableau du peintre Montpellièraine Frédéric Bazille dans les lieux où il a été peint en 1867: ""La Réunion de Famille"". Lieu : Montpellier, 634 rue de Ferran, 34000 Montpellier. Date de début : 2025-09-20T12:30:00+00:00. Date de fin : 2025-09-20T15:00:00+00:00. Mots-clés : None."
Visite guidée architecturale,🏛️ Visite guidée architecturale des Archives,Montpellier,"907 avenue du professeur Blayac, 34086 Montpellier",2025-09-20T09:00:00+00:00,2025-09-21T15:00:00+00:00,,"Titre : Visite guidée architecturale. Description : 🏛️ Visite guidée architecturale des Archives. Lieu : Montpellier, 907 avenue du professeur Blayac, 34086 Montpellier. Date de début : 2025-09-20T09:00:00+00:00. Date de fin : 2025-09-21T15:00:00+00:00. Mots-clés : None."
Improvisation théâtrale par la Compagnie des Mille et Une,"Envie de se prendre au jeu librement, de rigoler et de vivre des moments uniques ? La compagnie des Mille et Une vous propose un spectacle improvisé et vous accueille même sur scène pour participer …",Montpellier,207 rue Guillaume Janvier 34070 Montpellier,2025-10-04T13:30:00+00:00,2025-10-04T14:30:00+00:00,,"Titre : Improvisation théâtrale par la Compagnie des Mille et Une. Description : Envie de se prendre au jeu librement, de rigoler et de vivre des moments uniques ? La compagnie des Mille et Une vous propose un spectacle improvisé et vous accueille même sur scène pour participer …. Lieu : Montpellier, 207 rue Guillaume Janvier 34070 Montpellier. Date de début : 2025-10-04T13:30:00+00:00. Date de fin : 2025-10-04T14:30:00+00:00. Mots-clés : None."
Les rencontres de la création avec CitésLab,"Rencontre avec CitésLab CitésLab – Révélateurs de Talents, ce sont d’abord des hommes et des femmes de terrain – les chefs de projets CitésLab.Les chefs de projets CitésLab rencontrent et révèlent...",Montpellier,34080 Montpellier,2025-10-08T09:30:00+00:00,2025-10-08T10:00:00+00:00,"['Atelier', ""Création d'entreprise"", 'Se préparer', 'Tout public', 'en physique']","Titre : Les rencontres de la création avec CitésLab. Description : Rencontre avec CitésLab CitésLab – Révélateurs de Talents, ce sont d’abord des hommes et des femmes de terrain – les chefs de projets CitésLab.Les chefs de projets CitésLab rencontrent et révèlent.... Lieu : Montpellier, 34080 Montpellier. Date de début : 2025-10-08T09:30:00+00:00. Date de fin : 2025-10-08T10:00:00+00:00. Mots-clés : ['Atelier', ""Création d'entreprise"", 'Se préparer', 'Tout public', 'en physique']."
JOB DATING RECRUTEMENT AGENT D'ENTRETIEN,"Un JOB DATING s' organise avec une Entreprise Adaptée dans le secteur du NETTOYAGE TERTIAIRE ET/OU DE VEHICULES Une présentation de l'entreprise vous sera faite, suivie d'un job dating pour les person",Montpellier,34080 Montpellier,2026-05-06T07:00:00+00:00,2026-05-06T10:00:00+00:00,"['Recrutement', ""Aides à l'emploi""]","Titre : JOB DATING RECRUTEMENT AGENT D'ENTRETIEN. Description : Un JOB DATING s' organise avec une Entreprise Adaptée dans le secteur du NETTOYAGE TERTIAIRE ET/OU DE VEHICULES Une présentation de l'entreprise vous sera faite, suivie d'un job dating pour les person. Lieu : Montpellier, 34080 Montpellier. Date de début : 2026-05-06T07:00:00+00:00. Date de fin : 2026-05-06T10:00:00+00:00. Mots-clés : ['Recrutement', ""Aides à l'emploi""]."
Vos Compétences en CV : Atelier Pratique pour Tous !,/!\ À apporter : vos expériences et dates (même notées sur une feuille volante) /!\ Participez à un atelier et réalisez la création de votre CV à partir de votre profil de compétences !,Montpellier,34080 Montpellier,2026-05-12T12:00:00+00:00,2026-05-12T13:30:00+00:00,"['Se préparer', ""Aides à l'emploi"", 'Les outils du numérique', 'Insertion']","Titre : Vos Compétences en CV : Atelier Pratique pour Tous !. Description : /!\ À apporter : vos expériences et dates (même notées sur une feuille volante) /!\ Participez à un atelier et réalisez la création de votre CV à partir de votre profil de compétences !. Lieu : Montpellier, 34080 Montpellier. Date de début : 2026-05-12T12:00:00+00:00. Date de fin : 2026-05-12T13:30:00+00:00. Mots-clés : ['Se préparer', ""Aides à l'emploi"", 'Les outils du numérique', 'Insertion']."
BOOST' VOTRE CANDIDATURE : Rencontre avec l'Apije !,"Vous souhaitez donner une nouvelle impulsion à votre parcours ? Votre agence de Montpellier Cévennes vous invite à rencontrer Mme Olivia PIERI, experte en recrutement pour l'association Apije.",Montpellier,34080 Montpellier,2026-05-21T07:30:00+00:00,2026-05-21T07:40:00+00:00,"['Recrutement', 'Insertion']","Titre : BOOST' VOTRE CANDIDATURE : Rencontre avec l'Apije !. Description : Vous souhaitez donner une nouvelle impulsion à votre parcours ? Votre agence de Montpellier Cévennes vous invite à rencontrer Mme Olivia PIERI, experte en recrutement pour l'association Apije.. Lieu : Montpellier, 34080 Montpellier. Date de début : 2026-05-21T07:30:00+00:00. Date de fin : 2026-05-21T07:40:00+00:00. Mots-clés : ['Recrutement', 'Insertion']."
L'attaque de la chose géante,Venez affûter votre regard critique sur le monde et ses objets au travers d'un jeu de cartes haut en couleur et percutant.,Montpellier,Montpellier,2026-04-03T14:00:00+00:00,2026-04-04T16:00:00+00:00,,"Titre : L'attaque de la chose géante. Description : Venez affûter votre regard critique sur le monde et ses objets au travers d'un jeu de cartes haut en couleur et percutant.. Lieu : Montpellier, Montpellier. Date de début : 2026-04-03T14:00:00+00:00. Date de fin : 2026-04-04T16:00:00+00:00. Mots-clés : None."
*** Rencontre avec un Conseiller Entreprise SERVICE A LA PERSONNE***,Vous êtes disponible? Vous recherchez un emploi dans le service à la personne et avez votre CV à jour dans votre espace personnel?,Montpellier,34080 Montpellier,2026-06-23T07:00:00+00:00,2026-06-23T10:00:00+00:00,"['Recrutement', 'Marché du travail', ""S'informer""]","Titre : *** Rencontre avec un Conseiller Entreprise SERVICE A LA PERSONNE***. Description : Vous êtes disponible? Vous recherchez un emploi dans le service à la personne et avez votre CV à jour dans votre espace personnel?. Lieu : Montpellier, 34080 Montpellier. Date de début : 2026-06-23T07:00:00+00:00. Date de fin : 2026-06-23T10:00:00+00:00. Mots-clés : ['Recrutement', 'Marché du travail', ""S'informer""]."
BOOST' VOTRE CANDIDATURE : Rencontre avec l'Apije !,"Vous souhaitez donner une nouvelle impulsion à votre parcours ? Votre agence de Montpellier Cévennes vous invite à rencontrer Mme Olivia PIERI, experte en recrutement pour l'association Apije.",Montpellier,34080 Montpellier,2026-05-21T07:50:00+00:00,2026-05-21T08:00:00+00:00,"['Insertion', 'Recrutement']","Titre : BOOST' VOTRE CANDIDATURE : Rencontre avec l'Apije !. Description : Vous souhaitez donner une nouvelle impulsion à votre parcours ? Votre agence de Montpellier Cévennes vous invite à rencontrer Mme Olivia PIERI, experte en recrutement pour l'association Apije.. Lieu : Montpellier, 34080 Montpellier. Date de début : 2026-05-21T07:50:00+00:00. Date de fin : 2026-05-21T08:00:00+00:00. Mots-clés : ['Insertion', 'Recrutement']."
Café occitan à la Gazette café,"avec Choeur d Òc - Cantem Encara, Los Dançaires del Clapàs, Pascal Wagner et Trio Tira Camin",Montpellier,"6, Rue Levat, 34000 Montpellier, France",2026-04-15T16:00:00+00:00,2026-04-15T20:00:00+00:00,"['baltrad', 'balfolk', 'concert', 'occitan', 'Hérault']","Titre : Café occitan à la Gazette café. Description : avec Choeur d Òc - Cantem Encara, Los Dançaires del Clapàs, Pascal Wagner et Trio Tira Camin. Lieu : Montpellier, 6, Rue Levat, 34000 Montpellier, France. Date de début : 2026-04-15T16:00:00+00:00. Date de fin : 2026-04-15T20:00:00+00:00. Mots-clés : ['baltrad', 'balfolk', 'concert', 'occitan', 'Hérault']."
Chez le Poët Jeannot,Une après-midi musicale à Montpellier...,Montpellier,Montpellier Figuerolles,2025-09-21T11:00:00+00:00,2025-09-21T17:00:00+00:00,,"Titre : Chez le Poët Jeannot. Description : Une après-midi musicale à Montpellier.... Lieu : Montpellier, Montpellier Figuerolles. Date de début : 2025-09-21T11:00:00+00:00. Date de fin : 2025-09-21T17:00:00+00:00. Mots-clés : None."
Concert de 3 groupes vocaux de Voix à tous les Étages,Fête de la musique 2025,Montpellier,"67 Rue des Razeteurs, 34070 Montpellier",2025-06-21T18:00:00+00:00,2025-06-21T20:15:00+00:00,,"Titre : Concert de 3 groupes vocaux de Voix à tous les Étages. Description : Fête de la musique 2025. Lieu : Montpellier, 67 Rue des Razeteurs, 34070 Montpellier. Date de début : 2025-06-21T18:00:00+00:00. Date de fin : 2025-06-21T20:15:00+00:00. Mots-clés : None."
Les rencontres de la création avec Axents et CitésLab,"Rencontre avec CitésLab CitésLab - Révélateurs de Talents, ce sont d'abord des hommes et des femmes de terrain - les chefs de projets CitésLab. Les chefs de projets CitésLab rencontrent et révèlen...",Montpellier,34080 Montpellier,2025-09-17T09:00:00+00:00,2025-09-17T09:30:00+00:00,"['Atelier', 'Se préparer', ""Création d'entreprise"", 'Tout public', 'en physique']","Titre : Les rencontres de la création avec Axents et CitésLab. Description : Rencontre avec CitésLab CitésLab - Révélateurs de Talents, ce sont d'abord des hommes et des femmes de terrain - les chefs de projets CitésLab. Les chefs de projets CitésLab rencontrent et révèlen.... Lieu : Montpellier, 34080 Montpellier. Date de début : 2025-09-17T09:00:00+00:00. Date de fin : 2025-09-17T09:30:00+00:00. Mots-clés : ['Atelier', 'Se préparer', ""Création d'entreprise"", 'Tout public', 'en physique']."
Les rencontres de la création avec L'ADIE et Axents,"Adie finance et accompagne les entrepreneurs dans la création et le développement de leur activité, même sans capital ni diplôme Axents Montpellier propose accompagnement et formation à la créatio...",Montpellier,34080 Montpellier,2025-09-24T07:30:00+00:00,2025-09-24T08:00:00+00:00,"['Atelier', ""Création d'entreprise"", 'Se préparer', 'Tout public', 'en physique']","Titre : Les rencontres de la création avec L'ADIE et Axents. Description : Adie finance et accompagne les entrepreneurs dans la création et le développement de leur activité, même sans capital ni diplôme Axents Montpellier propose accompagnement et formation à la créatio.... Lieu : Montpellier, 34080 Montpellier. Date de début : 2025-09-24T07:30:00+00:00. Date de fin : 2025-09-24T08:00:00+00:00. Mots-clés : ['Atelier', ""Création d'entreprise"", 'Se préparer', 'Tout public', 'en physique']."
Atelier DUODAY: emploi et handicap,"Vous êtes en situation de handicap et en recherche d'emploi, en reconversion professionnelle ou simplement curieux.se de découvrir un métier ou une entreprise? Passez une journée en immersion dans...",Montpellier,34080 Montpellier,2025-09-29T12:00:00+00:00,2025-09-29T14:00:00+00:00,"[""Réunion d'information"", '#TousEnImmersion', 'La semaine du handicap', 'Insertion', ""S'informer"", ""Aides à l'emploi"", 'Se préparer', 'Découverte secteur / métier', 'Personnes en situation de handicap', 'en physique']","Titre : Atelier DUODAY: emploi et handicap. Description : Vous êtes en situation de handicap et en recherche d'emploi, en reconversion professionnelle ou simplement curieux.se de découvrir un métier ou une entreprise? Passez une journée en immersion dans.... Lieu : Montpellier, 34080 Montpellier. Date de début : 2025-09-29T12:00:00+00:00. Date de fin : 2025-09-29T14:00:00+00:00. Mots-clés : [""Réunion d'information"", '#TousEnImmersion', 'La semaine du handicap', 'Insertion', ""S'informer"", ""Aides à l'emploi"", 'Se préparer', 'Découverte secteur / métier', 'Personnes en situation de handicap', 'en physique']."
Les rencontres de la création avec CitésLab,"Rencontre avec CitésLab CitésLab – Révélateurs de Talents, ce sont d’abord des hommes et des femmes de terrain – les chefs de projets CitésLab.Les chefs de projets CitésLab rencontrent et révèlent...",Montpellier,34080 Montpellier,2025-10-22T07:30:00+00:00,2025-10-22T08:00:00+00:00,"['Atelier', 'Se préparer', ""Création d'entreprise"", 'Tout public', 'en physique']","Titre : Les rencontres de la création avec CitésLab. Description : Rencontre avec CitésLab CitésLab – Révélateurs de Talents, ce sont d’abord des hommes et des femmes de terrain – les chefs de projets CitésLab.Les chefs de projets CitésLab rencontrent et révèlent.... Lieu : Montpellier, 34080 Montpellier. Date de début : 2025-10-22T07:30:00+00:00. Date de fin : 2025-10-22T08:00:00+00:00. Mots-clés : ['Atelier', 'Se préparer', ""Création d'entreprise"", 'Tout public', 'en physique']."
Les rencontres de la création avec Axents,Axents Montpellier propose accompagnement et formation à la création/reprise d'entreprise,Montpellier,34080 Montpellier,2025-11-05T08:00:00+00:00,2025-11-05T08:30:00+00:00,"['Se préparer', ""Création d'entreprise""]","Titre : Les rencontres de la création avec Axents. Description : Axents Montpellier propose accompagnement et formation à la création/reprise d'entreprise. Lieu : Montpellier, 34080 Montpellier. Date de début : 2025-11-05T08:00:00+00:00. Date de fin : 2025-11-05T08:30:00+00:00. Mots-clés : ['Se préparer', ""Création d'entreprise""]."
Les rencontres de la création avec ADIE,"Rencontre avec ADIE : L'Adie, c'est l'association qui finance votre entreprise et vous accompagne tout au long de votre projet. Un crédit et des conseils pour me lancer.",Montpellier,34080 Montpellier,2025-12-10T09:00:00+00:00,2025-12-10T09:30:00+00:00,"[""Création d'entreprise"", 'Se préparer']","Titre : Les rencontres de la création avec ADIE. Description : Rencontre avec ADIE : L'Adie, c'est l'association qui finance votre entreprise et vous accompagne tout au long de votre projet. Un crédit et des conseils pour me lancer.. Lieu : Montpellier, 34080 Montpellier. Date de début : 2025-12-10T09:00:00+00:00. Date de fin : 2025-12-10T09:30:00+00:00. Mots-clés : [""Création d'entreprise"", 'Se préparer']."
Job dating dédié aux candidats de 50 ans et plus - METIERS DU TRANSPORT AVEC GIHP,"Le GIHP recrute des candidats ""expérimentés"" (50 ans et plus).",Montpellier,34080 Montpellier,2026-01-08T08:00:00+00:00,2026-01-08T11:30:00+00:00,"['Mobilisation 50 ans et plus', 'Découverte secteur / métier', 'Recrutement']","Titre : Job dating dédié aux candidats de 50 ans et plus - METIERS DU TRANSPORT AVEC GIHP. Description : Le GIHP recrute des candidats ""expérimentés"" (50 ans et plus).. Lieu : Montpellier, 34080 Montpellier. Date de début : 2026-01-08T08:00:00+00:00. Date de fin : 2026-01-08T11:30:00+00:00. Mots-clés : ['Mobilisation 50 ans et plus', 'Découverte secteur / métier', 'Recrutement']."
"Snowpiercer, le transperceneige de Bong Joon-ho",Les mycéliades,Montpellier,"5, rue de Verdun, Montpellier",2026-02-15T17:00:00+00:00,2026-02-15T20:00:00+00:00,"['Diagonal-Capitole', 'Snowpiercer', 'le transperceneige de Bong Joon-ho']","Titre : Snowpiercer, le transperceneige de Bong Joon-ho. Description : Les mycéliades. Lieu : Montpellier, 5, rue de Verdun, Montpellier. Date de début : 2026-02-15T17:00:00+00:00. Date de fin : 2026-02-15T20:00:00+00:00. Mots-clés : ['Diagonal-Capitole', 'Snowpiercer', 'le transperceneige de Bong Joon-ho']."
Les rencontres de la création avec AXENTS,"Vous avez une idée, besoin de conseils ? Depuis 1995, AXENTS favorise l'émergence de projets et le développement de la création d'entreprise dans le département de l'Hérault.",Montpellier,34080 Montpellier,2026-03-04T09:30:00+00:00,2026-03-04T10:00:00+00:00,"[""Création d'entreprise""]","Titre : Les rencontres de la création avec AXENTS. Description : Vous avez une idée, besoin de conseils ? Depuis 1995, AXENTS favorise l'émergence de projets et le développement de la création d'entreprise dans le département de l'Hérault.. Lieu : Montpellier, 34080 Montpellier. Date de début : 2026-03-04T09:30:00+00:00. Date de fin : 2026-03-04T10:00:00+00:00. Mots-clés : [""Création d'entreprise""]."
Les rendez-vous de l'International,Venez échanger avec un conseiller sur votre projet de mobilité internationale. Nous proposerons une solution adaptée à votre besoin.,Montpellier,34080 Montpellier,2026-04-03T09:00:00+00:00,2026-04-03T09:30:00+00:00,"[""S'informer"", 'International']","Titre : Les rendez-vous de l'International. Description : Venez échanger avec un conseiller sur votre projet de mobilité internationale. Nous proposerons une solution adaptée à votre besoin.. Lieu : Montpellier, 34080 Montpellier. Date de début : 2026-04-03T09:00:00+00:00. Date de fin : 2026-04-03T09:30:00+00:00. Mots-clés : [""S'informer"", 'International']."
Les rencontres de la création avec Citéslab/BGE,"Venez préparer votre création d'entreprise, et poser vos questions. 30 minutes de rencontre en individuel, pour avancer sur votre projet, avec le sourire.",Montpellier,34080 Montpellier,2026-04-22T09:00:00+00:00,2026-04-22T09:30:00+00:00,"[""Création d'entreprise""]","Titre : Les rencontres de la création avec Citéslab/BGE. Description : Venez préparer votre création d'entreprise, et poser vos questions. 30 minutes de rencontre en individuel, pour avancer sur votre projet, avec le sourire.. Lieu : Montpellier, 34080 Montpellier. Date de début : 2026-04-22T09:00:00+00:00. Date de fin : 2026-04-22T09:30:00+00:00. Mots-clés : [""Création d'entreprise""]."
Les rencontres de la création avec AXENTS,"Vous avez une idée, besoin de conseils ? Depuis 1995, AXENTS favorise l'émergence de projets et le développement de la création d'entreprise dans le département de l'Hérault.",Montpellier,34080 Montpellier,2026-04-29T09:30:00+00:00,2026-04-29T10:00:00+00:00,"[""Création d'entreprise""]","Titre : Les rencontres de la création avec AXENTS. Description : Vous avez une idée, besoin de conseils ? Depuis 1995, AXENTS favorise l'émergence de projets et le développement de la création d'entreprise dans le département de l'Hérault.. Lieu : Montpellier, 34080 Montpellier. Date de début : 2026-04-29T09:30:00+00:00. Date de fin : 2026-04-29T10:00:00+00:00. Mots-clés : [""Création d'entreprise""]."
Atelier Réparation 1h Mondial Tissus,Un trou dans un pull ? Un zip cassé ? Rendez-vous chez Mondial Tissus pour un atelier de réparation créative.,Montpellier,"130 RUE DE LA RESTANQUE, MONTPELLIER, 34070",2025-10-18T13:00:00+00:00,2025-10-18T14:00:00+00:00,"['réparation', 'textile']","Titre : Atelier Réparation 1h Mondial Tissus. Description : Un trou dans un pull ? Un zip cassé ? Rendez-vous chez Mondial Tissus pour un atelier de réparation créative.. Lieu : Montpellier, 130 RUE DE LA RESTANQUE, MONTPELLIER, 34070. Date de début : 2025-10-18T13:00:00+00:00. Date de fin : 2025-10-18T14:00:00+00:00. Mots-clés : ['réparation', 'textile']."
Je répare et j’aménage des appartements solidaires pour des personnes en situation de précarité,"En tant que bénévole bricoleur·euse, vous mettrez vos mains habiles et votre créativité au service de cette mission.",Montpellier,34000 Montpellier,2025-10-16T07:00:00+00:00,2025-10-19T15:30:00+00:00,,"Titre : Je répare et j’aménage des appartements solidaires pour des personnes en situation de précarité. Description : En tant que bénévole bricoleur·euse, vous mettrez vos mains habiles et votre créativité au service de cette mission.. Lieu : Montpellier, 34000 Montpellier. Date de début : 2025-10-16T07:00:00+00:00. Date de fin : 2025-10-19T15:30:00+00:00. Mots-clés : None."
Vélorution des enfants,"L'association Vélocité organise la vélo-parade festive des enfants. Draisiennes, petites roues et déguisements bienvenus ! Un parcours urbain plat et sécurisé de 2km pour les plus petits, 6 km total.",Montpellier,"Place de la comédie, Montpellier",2025-05-04T08:00:00+00:00,2025-05-04T10:00:00+00:00,,"Titre : Vélorution des enfants. Description : L'association Vélocité organise la vélo-parade festive des enfants. Draisiennes, petites roues et déguisements bienvenus ! Un parcours urbain plat et sécurisé de 2km pour les plus petits, 6 km total.. Lieu : Montpellier, Place de la comédie, Montpellier. Date de début : 2025-05-04T08:00:00+00:00. Date de fin : 2025-05-04T10:00:00+00:00. Mots-clés : None."
Mai à Vélo 2026,Faites parcourir à votre communauté le plus de kilomètres au mois de mai !,Montpellier,"1682 Rue de la Valsière, 34790 Grabels, France",2026-04-30T22:00:00+00:00,2026-05-31T21:59:59+00:00,['challenge-id=212193'],"Titre : Mai à Vélo 2026. Description : Faites parcourir à votre communauté le plus de kilomètres au mois de mai !. Lieu : Montpellier, 1682 Rue de la Valsière, 34790 Grabels, France. Date de début : 2026-04-30T22:00:00+00:00. Date de fin : 2026-05-31T21:59:59+00:00. Mots-clés : ['challenge-id=212193']."
Appel à candidatures | Résidence artistique et urbaine SCALA,"Dans le cadre de l’événement 25 – Les chemins du vivant, la MAOM lance une résidence artistique et urbaine aux Echelles de la Ville, en partenariat avec l’association Montpellier 2028.",Montpellier,1 place Paul Bec 34000 Montpellier,2025-07-27T22:00:00+00:00,2025-09-01T10:00:00+00:00,"['résidence', 'artistique', 'urbain', 'urbanisme', 'montpellier2028', 'architecture', 'ville', 'nature', 'culture', 'appelacandidatures']","Titre : Appel à candidatures | Résidence artistique et urbaine SCALA. Description : Dans le cadre de l’événement 25 – Les chemins du vivant, la MAOM lance une résidence artistique et urbaine aux Echelles de la Ville, en partenariat avec l’association Montpellier 2028.. Lieu : Montpellier, 1 place Paul Bec 34000 Montpellier. Date de début : 2025-07-27T22:00:00+00:00. Date de fin : 2025-09-01T10:00:00+00:00. Mots-clés : ['résidence', 'artistique', 'urbain', 'urbanisme', 'montpellier2028', 'architecture', 'ville', 'nature', 'culture', 'appelacandidatures']."
Visite et dégustation du Chai Urbain - La nouvelle Lune,visite et degustation,Montpellier,"9 Rue Guillaume Pellicier, 34070 Montpellier",2025-06-06T16:00:00+00:00,2025-06-06T19:00:00+00:00,"['visite', 'dégustation', 'vin', 'chai', 'cave']","Titre : Visite et dégustation du Chai Urbain - La nouvelle Lune. Description : visite et degustation. Lieu : Montpellier, 9 Rue Guillaume Pellicier, 34070 Montpellier. Date de début : 2025-06-06T16:00:00+00:00. Date de fin : 2025-06-06T19:00:00+00:00. Mots-clés : ['visite', 'dégustation', 'vin', 'chai', 'cave']."
Visite flash de l'exposition « Prodrome »,Un focus sur les œuvres de Pierre Unal-Brunet par l’équipe de médiation.,Montpellier,"14 rue de l'Ecole de Pharmacie, Montpellier",2025-05-17T19:00:00+00:00,2025-05-17T19:30:00+00:00,,"Titre : Visite flash de l'exposition « Prodrome ». Description : Un focus sur les œuvres de Pierre Unal-Brunet par l’équipe de médiation.. Lieu : Montpellier, 14 rue de l'Ecole de Pharmacie, Montpellier. Date de début : 2025-05-17T19:00:00+00:00. Date de fin : 2025-05-17T19:30:00+00:00. Mots-clés : None."
Mai à Vélo 2026,Faites parcourir à votre communauté le plus de kilomètres au mois de mai !,Montpellier,"1000 Avenue Agropolis, 34090 Montpellier, France",2026-04-30T22:00:00+00:00,2026-05-31T21:59:59+00:00,['challenge-id=210098'],"Titre : Mai à Vélo 2026. Description : Faites parcourir à votre communauté le plus de kilomètres au mois de mai !. Lieu : Montpellier, 1000 Avenue Agropolis, 34090 Montpellier, France. Date de début : 2026-04-30T22:00:00+00:00. Date de fin : 2026-05-31T21:59:59+00:00. Mots-clés : ['challenge-id=210098']."
Mai à Vélo 2026,Faites parcourir à votre communauté le plus de kilomètres au mois de mai !,Montpellier,"139 Avenue de Lodève, 34080 Montpellier France",2026-04-30T22:00:00+00:00,2026-05-31T21:59:59+00:00,['challenge-id=210139'],"Titre : Mai à Vélo 2026. Description : Faites parcourir à votre communauté le plus de kilomètres au mois de mai !. Lieu : Montpellier, 139 Avenue de Lodève, 34080 Montpellier France. Date de début : 2026-04-30T22:00:00+00:00. Date de fin : 2026-05-31T21:59:59+00:00. Mots-clés : ['challenge-id=210139']."
JOB DATING métiers Service à la Personne,"NOUVEO renforce ses équipes !Vous cherchez un métier qui a du sens ? Venez rencontrer les recruteurs de NOUVEO le mardi 26 août, à l’agence France Travail Cévennes, pour découvrir les opportunités d’e",Montpellier,34080 Montpellier,2025-08-26T07:00:00+00:00,2025-08-26T10:00:00+00:00,"['1 jeune  1 solution', 'Découverte secteur / métier', 'Recrutement', ""S'informer""]","Titre : JOB DATING métiers Service à la Personne. Description : NOUVEO renforce ses équipes !Vous cherchez un métier qui a du sens ? Venez rencontrer les recruteurs de NOUVEO le mardi 26 août, à l’agence France Travail Cévennes, pour découvrir les opportunités d’e. Lieu : Montpellier, 34080 Montpellier. Date de début : 2025-08-26T07:00:00+00:00. Date de fin : 2025-08-26T10:00:00+00:00. Mots-clés : ['1 jeune  1 solution', 'Découverte secteur / métier', 'Recrutement', ""S'informer""]."
"Exposition photo « Du XVIe au XXIe siècle, les visages d’une juridiction financière »","Exposition photo : du XVIe au XXIe siècle, les visages d’une juridiction financière",Montpellier,500 avenue des Etats du Languedoc 34064 Montpellier,2025-09-20T07:00:00+00:00,2025-09-20T15:00:00+00:00,,"Titre : Exposition photo « Du XVIe au XXIe siècle, les visages d’une juridiction financière ». Description : Exposition photo : du XVIe au XXIe siècle, les visages d’une juridiction financière. Lieu : Montpellier, 500 avenue des Etats du Languedoc 34064 Montpellier. Date de début : 2025-09-20T07:00:00+00:00. Date de fin : 2025-09-20T15:00:00+00:00. Mots-clés : None."
Rencontre : « Dans les rues du Clapas - Balade dans le Montpellier occitan du 19e siècle »,"Rencontre de Pascal Wagner autour de son ouvrage Dins la carrieras dau Clapas, traduction en français du texte d’Edouard Marsal",Montpellier,"218 Bd. de l'Aéroport International, 34000 Montpellier",2025-09-20T14:30:00+00:00,2025-09-20T15:30:00+00:00,,"Titre : Rencontre : « Dans les rues du Clapas - Balade dans le Montpellier occitan du 19e siècle ». Description : Rencontre de Pascal Wagner autour de son ouvrage Dins la carrieras dau Clapas, traduction en français du texte d’Edouard Marsal. Lieu : Montpellier, 218 Bd. de l'Aéroport International, 34000 Montpellier. Date de début : 2025-09-20T14:30:00+00:00. Date de fin : 2025-09-20T15:30:00+00:00. Mots-clés : None."
Visites guidées de l'Opéra Comédie,🎭 Visite guidée de l’Opéra Comédie,Montpellier,"Place de la Comédie, 34000 Montpellier",2025-09-20T10:00:00+00:00,2025-09-21T10:30:00+00:00,,"Titre : Visites guidées de l'Opéra Comédie. Description : 🎭 Visite guidée de l’Opéra Comédie. Lieu : Montpellier, Place de la Comédie, 34000 Montpellier. Date de début : 2025-09-20T10:00:00+00:00. Date de fin : 2025-09-21T10:30:00+00:00. Mots-clés : None."
Mozart #41 : concert du patrimoine,Concert exceptionnel – Farrenc & Mozart,Montpellier,"Place de la Comédie, 34000 Montpellier",2025-09-20T15:00:00+00:00,2025-09-21T14:30:00+00:00,,"Titre : Mozart #41 : concert du patrimoine. Description : Concert exceptionnel – Farrenc & Mozart. Lieu : Montpellier, Place de la Comédie, 34000 Montpellier. Date de début : 2025-09-20T15:00:00+00:00. Date de fin : 2025-09-21T14:30:00+00:00. Mots-clés : None."
Visite guidée du temple protestant,⛪ Visites guidées du temple protestant de la rue de Maguelone,Montpellier,"25 rue de Maguelone, 34000 Montpellier",2025-09-20T08:00:00+00:00,2025-09-21T15:30:00+00:00,,"Titre : Visite guidée du temple protestant. Description : ⛪ Visites guidées du temple protestant de la rue de Maguelone. Lieu : Montpellier, 25 rue de Maguelone, 34000 Montpellier. Date de début : 2025-09-20T08:00:00+00:00. Date de fin : 2025-09-21T15:30:00+00:00. Mots-clés : None."
Visite découverte de l'ancienne chapelle Saint-Charles,⛪ Visite libre de l’ancienne chapelle Saint-Charles,Montpellier,"Place Albert 1er, 34000 Montpellier",2025-09-20T08:00:00+00:00,2025-09-21T16:00:00+00:00,,"Titre : Visite découverte de l'ancienne chapelle Saint-Charles. Description : ⛪ Visite libre de l’ancienne chapelle Saint-Charles. Lieu : Montpellier, Place Albert 1er, 34000 Montpellier. Date de début : 2025-09-20T08:00:00+00:00. Date de fin : 2025-09-21T16:00:00+00:00. Mots-clés : None."
Visite libre de la chapelle des Pénitents blancs,⛪ Visite libre de la chapelle des Pénitents blancs,Montpellier,"14 rue Jacques Cœur, 34000 Montpellier",2025-09-20T08:00:00+00:00,2025-09-21T17:00:00+00:00,,"Titre : Visite libre de la chapelle des Pénitents blancs. Description : ⛪ Visite libre de la chapelle des Pénitents blancs. Lieu : Montpellier, 14 rue Jacques Cœur, 34000 Montpellier. Date de début : 2025-09-20T08:00:00+00:00. Date de fin : 2025-09-21T17:00:00+00:00. Mots-clés : None."
Te cuento un cuento : el oso,"Des comptines en espagnol animées, interprétées, chantées et enrichies avec des petites activités, sur le thème de l'ours.",Montpellier,218 boulevard de l'Aéroport International 34000 Montpellier,2025-10-04T08:30:00+00:00,2025-10-04T09:15:00+00:00,,"Titre : Te cuento un cuento : el oso. Description : Des comptines en espagnol animées, interprétées, chantées et enrichies avec des petites activités, sur le thème de l'ours.. Lieu : Montpellier, 218 boulevard de l'Aéroport International 34000 Montpellier. Date de début : 2025-10-04T08:30:00+00:00. Date de fin : 2025-10-04T09:15:00+00:00. Mots-clés : None."
Atelier Numérique GOOGLE: Quelles sont les clés d'une recherche d'emploi organisée ? Découvrir les réseaux sociaux indispensables pour ma re,Atelier Numérique GOOGLE: Quelles sont les clés d'une recherche d'emploi organisée ?Découvrir les réseaux sociaux indispensables pour ma recherche d'emploiConférence: Explorer les différents jobboard,Montpellier,34000 Montpellier,2025-09-25T08:00:00+00:00,2025-09-25T09:30:00+00:00,"['#TousMobilisés', 'Marché du travail', ""S'informer"", 'Les outils du numérique']","Titre : Atelier Numérique GOOGLE: Quelles sont les clés d'une recherche d'emploi organisée ? Découvrir les réseaux sociaux indispensables pour ma re. Description : Atelier Numérique GOOGLE: Quelles sont les clés d'une recherche d'emploi organisée ?Découvrir les réseaux sociaux indispensables pour ma recherche d'emploiConférence: Explorer les différents jobboard. Lieu : Montpellier, 34000 Montpellier. Date de début : 2025-09-25T08:00:00+00:00. Date de fin : 2025-09-25T09:30:00+00:00. Mots-clés : ['#TousMobilisés', 'Marché du travail', ""S'informer"", 'Les outils du numérique']."
Les Rendez-Vous Effervescents de Limoux – Montpellier,Les vins de Limoux repartent à la rencontre des Toulousains et des Montpelliérains ! Du 3 au 9 novembre 2025 à Toulouse puis du 17 au 23 novembre 2025 à Montpellier.,Montpellier,Montpellier,2025-11-17T07:00:00+00:00,2025-11-24T19:00:00+00:00,['dégustation'],"Titre : Les Rendez-Vous Effervescents de Limoux – Montpellier. Description : Les vins de Limoux repartent à la rencontre des Toulousains et des Montpelliérains ! Du 3 au 9 novembre 2025 à Toulouse puis du 17 au 23 novembre 2025 à Montpellier.. Lieu : Montpellier, Montpellier. Date de début : 2025-11-17T07:00:00+00:00. Date de fin : 2025-11-24T19:00:00+00:00. Mots-clés : ['dégustation']."
Appel à candidature pour intégrer une troupe théâtrale - pour les 14-17 ans,Appel à candidature pour intégrer une troupe de théâtre amateur composée uniquement de jeunes âgés de 14 à 17 ans.,Montpellier,162 avenue de Palavas 34070 Montpellier,2026-03-03T09:00:00+00:00,2026-05-31T16:00:00+00:00,"['theatre', 'adolescent', '14-17ans', 'gratuit', 'montpellier', ""pièce d'anticipation"", 'surréalisme', 'rêve', 'casque de réalité virtuelle', 'fiction', 'pièce de théâtre', ""troupe d'adolescents""]","Titre : Appel à candidature pour intégrer une troupe théâtrale - pour les 14-17 ans. Description : Appel à candidature pour intégrer une troupe de théâtre amateur composée uniquement de jeunes âgés de 14 à 17 ans.. Lieu : Montpellier, 162 avenue de Palavas 34070 Montpellier. Date de début : 2026-03-03T09:00:00+00:00. Date de fin : 2026-05-31T16:00:00+00:00. Mots-clés : ['theatre', 'adolescent', '14-17ans', 'gratuit', 'montpellier', ""pièce d'anticipation"", 'surréalisme', 'rêve', 'casque de réalité virtuelle', 'fiction', 'pièce de théâtre', ""troupe d'adolescents""]."
Qui êtes-vous Monsieur Getz ?,Une ballade en musique et en images...,Montpellier,"100 rue ferdinand de Lesseps, Montpellier",2026-01-15T17:30:00+00:00,2026-01-15T19:00:00+00:00,"['getz', 'palabre', 'theatre', 'musique', 'gavalda', 'laurier']","Titre : Qui êtes-vous Monsieur Getz ?. Description : Une ballade en musique et en images.... Lieu : Montpellier, 100 rue ferdinand de Lesseps, Montpellier. Date de début : 2026-01-15T17:30:00+00:00. Date de fin : 2026-01-15T19:00:00+00:00. Mots-clés : ['getz', 'palabre', 'theatre', 'musique', 'gavalda', 'laurier']."
Comment l’œnotourisme - levier de développement durable et culturel pour les territoires - peut-il offrir des perspectives pour les jeunes diplômés ?,"Conférence sur les enjeux de l’œnotourisme : panorama du secteur, découverte des métiers, échanges avec des professionnels et réflexion sur les perspectives d’emploi et d’avenir pour les étudiants.",Montpellier,401 RUE LE TITIEN 34000 MONTPELLIER,2026-02-18T08:00:00+00:00,2026-02-18T12:00:00+00:00,"['restauration', 'hôtellerie', 'tourisme', 'oenotourisme', 'vins']","Titre : Comment l’œnotourisme - levier de développement durable et culturel pour les territoires - peut-il offrir des perspectives pour les jeunes diplômés ?. Description : Conférence sur les enjeux de l’œnotourisme : panorama du secteur, découverte des métiers, échanges avec des professionnels et réflexion sur les perspectives d’emploi et d’avenir pour les étudiants.. Lieu : Montpellier, 401 RUE LE TITIEN 34000 MONTPELLIER. Date de début : 2026-02-18T08:00:00+00:00. Date de fin : 2026-02-18T12:00:00+00:00. Mots-clés : ['restauration', 'hôtellerie', 'tourisme', 'oenotourisme', 'vins']."
"IN SITU | L’esplanade, son patrimoine et ses marges ?","À l’occasion de L’événement 25 ""Les chemins du vivant"" de Montpellier 2028, la MAOM vous propose de découvrir le nouveau visage de l’Esplanade Charles de Gaulle lors d’une visite ""In Situ"".",Montpellier,"Esplanade Charles de Gaulle, Montpellier",2025-10-04T08:00:00+00:00,2025-10-04T11:00:00+00:00,"['visite', 'architecture', 'occitanie', 'montpellier', 'découverte', 'balade', 'patrimoine', 'in situ', 'esplanade', 'paysage', 'urbanisme']","Titre : IN SITU | L’esplanade, son patrimoine et ses marges ?. Description : À l’occasion de L’événement 25 ""Les chemins du vivant"" de Montpellier 2028, la MAOM vous propose de découvrir le nouveau visage de l’Esplanade Charles de Gaulle lors d’une visite ""In Situ"".. Lieu : Montpellier, Esplanade Charles de Gaulle, Montpellier. Date de début : 2025-10-04T08:00:00+00:00. Date de fin : 2025-10-04T11:00:00+00:00. Mots-clés : ['visite', 'architecture', 'occitanie', 'montpellier', 'découverte', 'balade', 'patrimoine', 'in situ', 'esplanade', 'paysage', 'urbanisme']."
Projection Débat - Fernand POUILLON en Algérie 1953-1957,"Projection du film documentaire ""_Fernand Pouillon, une architecture habitée , 1953-1957 - Alger_"" , en présence de la réalisatrice, suivi d'un débat avec la participation de Myriam MAACHI, et de…",Montpellier,"6 rue Levat, 34000 Montpellier",2025-10-22T18:00:00+00:00,2025-10-22T19:30:00+00:00,,"Titre : Projection Débat - Fernand POUILLON en Algérie 1953-1957. Description : Projection du film documentaire ""_Fernand Pouillon, une architecture habitée , 1953-1957 - Alger_"" , en présence de la réalisatrice, suivi d'un débat avec la participation de Myriam MAACHI, et de…. Lieu : Montpellier, 6 rue Levat, 34000 Montpellier. Date de début : 2025-10-22T18:00:00+00:00. Date de fin : 2025-10-22T19:30:00+00:00. Mots-clés : None."
"Le moustique, ennemi public numéro un ?","Une rencontre autour de la question des moustiques en partenariat avec le CIRAD, INRAE et la Mairie de Montpellier.",Montpellier,218 boulevard aéroport international 34000 montpellier,2026-03-31T16:00:00+00:00,2026-03-31T17:30:00+00:00,,"Titre : Le moustique, ennemi public numéro un ?. Description : Une rencontre autour de la question des moustiques en partenariat avec le CIRAD, INRAE et la Mairie de Montpellier.. Lieu : Montpellier, 218 boulevard aéroport international 34000 montpellier. Date de début : 2026-03-31T16:00:00+00:00. Date de fin : 2026-03-31T17:30:00+00:00. Mots-clés : None."
Quiz de la Santé : découvrez les métiers du soin et de l'accompagnement en vous amusant !,"Êtes-vous prêt(e) à découvrir les métiers du soin et de l'accompagnement tout en vous amusant ? A) Oui, j'ai hâte ! B) Absolument, c'est parti ! C) Pourquoi pas, je suis curieux(se) !",Montpellier,34080 Montpellier,2026-04-01T08:00:00+00:00,2026-04-01T10:00:00+00:00,"['#TousMobilisés', 'Métiers du Prendre soin', 'Découverte secteur / métier']","Titre : Quiz de la Santé : découvrez les métiers du soin et de l'accompagnement en vous amusant !. Description : Êtes-vous prêt(e) à découvrir les métiers du soin et de l'accompagnement tout en vous amusant ? A) Oui, j'ai hâte ! B) Absolument, c'est parti ! C) Pourquoi pas, je suis curieux(se) !. Lieu : Montpellier, 34080 Montpellier. Date de début : 2026-04-01T08:00:00+00:00. Date de fin : 2026-04-01T10:00:00+00:00. Mots-clés : ['#TousMobilisés', 'Métiers du Prendre soin', 'Découverte secteur / métier']."
CINÉ-DÉBAT/ PUT YOUR SOUL ON YOUR HAND AND WALK,Jeudi 9 octobre à 20H et mardi 14 octobre à 16H10,Montpellier,"2, rue Marcellin Albert, Montpellier",2025-10-09T18:00:00+00:00,2025-10-09T21:00:00+00:00,"['cinéma Nestor Burma', 'PUT YOUR SOUL ON YOUR HAND AND WALK', 'Association France Palestine Solidarité 34', 'Collectif Palestine Montpellier', 'Sepideh Farsi', 'Fatem']","Titre : CINÉ-DÉBAT/ PUT YOUR SOUL ON YOUR HAND AND WALK. Description : Jeudi 9 octobre à 20H et mardi 14 octobre à 16H10. Lieu : Montpellier, 2, rue Marcellin Albert, Montpellier. Date de début : 2025-10-09T18:00:00+00:00. Date de fin : 2025-10-09T21:00:00+00:00. Mots-clés : ['cinéma Nestor Burma', 'PUT YOUR SOUL ON YOUR HAND AND WALK', 'Association France Palestine Solidarité 34', 'Collectif Palestine Montpellier', 'Sepideh Farsi', 'Fatem']."
CINÉ-GOÛTER / TIMIOCHE,"SAMEDI 4 OCTOBRE À 16H CINÉ-GOÛTER Suite à la séance, un goûter et des petites surprises seront offerts aux spectateurs pour fêter l’arrivée de Timioche sur nos écrans.",Montpellier,"2, rue Marcellin Albert, Montpellier",2025-10-04T14:00:00+00:00,2025-10-04T15:30:00+00:00,"['TIMIOCHE', 'Julia Donaldson et Axel Scheffler', 'CINÉ-GOÛTER', 'cinéma Nestor Burma']","Titre : CINÉ-GOÛTER / TIMIOCHE. Description : SAMEDI 4 OCTOBRE À 16H CINÉ-GOÛTER Suite à la séance, un goûter et des petites surprises seront offerts aux spectateurs pour fêter l’arrivée de Timioche sur nos écrans.. Lieu : Montpellier, 2, rue Marcellin Albert, Montpellier. Date de début : 2025-10-04T14:00:00+00:00. Date de fin : 2025-10-04T15:30:00+00:00. Mots-clés : ['TIMIOCHE', 'Julia Donaldson et Axel Scheffler', 'CINÉ-GOÛTER', 'cinéma Nestor Burma']."
CINEMED 2025 / LE FANFARON - Rétro Dino Risi,lundi 20 octobre 2025 à 17h,Montpellier,"2, rue Marcellin Albert, Montpellier",2025-10-20T15:00:00+00:00,2025-10-20T17:00:00+00:00,"['Cinéma Nestor Burma', 'DINO RISI', 'CINEMED', 'RÉTROSPECTIVE DINO RISI Festival CINEMED 2025', 'le Fanfaron']","Titre : CINEMED 2025 / LE FANFARON - Rétro Dino Risi. Description : lundi 20 octobre 2025 à 17h. Lieu : Montpellier, 2, rue Marcellin Albert, Montpellier. Date de début : 2025-10-20T15:00:00+00:00. Date de fin : 2025-10-20T17:00:00+00:00. Mots-clés : ['Cinéma Nestor Burma', 'DINO RISI', 'CINEMED', 'RÉTROSPECTIVE DINO RISI Festival CINEMED 2025', 'le Fanfaron']."
Premières neiges,"Cine-spectacle - La neige n'a pas son pareil pour faire des merveilles. Elle invite au jeu, bien sûr, mais aussi à la rêverie, au fantastique, à l'observation et à la découverte. Plaisir du toucher...",Montpellier,"2, rue Marcellin Albert, Montpellier",2025-11-16T09:45:00+00:00,2025-11-16T10:22:00+00:00,"['Cinéma Nestor Burma', 'Premières neiges', 'HECQUET Pascale', 'MARREIROS MARUM Cecilia', 'AUVIN Marion', 'BAILY Juliette', 'Animation', 'Familial']","Titre : Premières neiges. Description : Cine-spectacle - La neige n'a pas son pareil pour faire des merveilles. Elle invite au jeu, bien sûr, mais aussi à la rêverie, au fantastique, à l'observation et à la découverte. Plaisir du toucher.... Lieu : Montpellier, 2, rue Marcellin Albert, Montpellier. Date de début : 2025-11-16T09:45:00+00:00. Date de fin : 2025-11-16T10:22:00+00:00. Mots-clés : ['Cinéma Nestor Burma', 'Premières neiges', 'HECQUET Pascale', 'MARREIROS MARUM Cecilia', 'AUVIN Marion', 'BAILY Juliette', 'Animation', 'Familial']."
Rdv CitésLab - Création d'entreprise,"Venez préparer votre création d'entreprise, et poser vos questions. 30 minutes de rencontre en individuel, pour avancer sur votre projet, avec le sourire.",Montpellier,34080 Montpellier,2025-12-08T10:00:00+00:00,2025-12-08T10:30:00+00:00,"[""Création d'entreprise"", 'Se préparer']","Titre : Rdv CitésLab - Création d'entreprise. Description : Venez préparer votre création d'entreprise, et poser vos questions. 30 minutes de rencontre en individuel, pour avancer sur votre projet, avec le sourire.. Lieu : Montpellier, 34080 Montpellier. Date de début : 2025-12-08T10:00:00+00:00. Date de fin : 2025-12-08T10:30:00+00:00. Mots-clés : [""Création d'entreprise"", 'Se préparer']."
Dynamique emploi : faîtes le point et passez à l'action,Participez à un atelier collectif dynamique pour faire le point sur votre situation professionnelle et relancer votre recherche d'emploi.,Montpellier,34080 Montpellier,2026-06-03T12:00:00+00:00,2026-06-03T14:00:00+00:00,"['Se préparer', ""S'informer"", 'Marché du travail', 'Les outils du numérique']","Titre : Dynamique emploi : faîtes le point et passez à l'action. Description : Participez à un atelier collectif dynamique pour faire le point sur votre situation professionnelle et relancer votre recherche d'emploi.. Lieu : Montpellier, 34080 Montpellier. Date de début : 2026-06-03T12:00:00+00:00. Date de fin : 2026-06-03T14:00:00+00:00. Mots-clés : ['Se préparer', ""S'informer"", 'Marché du travail', 'Les outils du numérique']."
Seppuku: L'Honneur d'un Samouraï de Yuji Kakizaki,Avant-première,Montpellier,"5, rue de Verdun, Montpellier",2026-02-02T18:30:00+00:00,2026-02-02T21:30:00+00:00,"['Diagonal-Capitole', ""Seppuku: L'Honneur d'un Samouraï de Yuji Kakizaki""]","Titre : Seppuku: L'Honneur d'un Samouraï de Yuji Kakizaki. Description : Avant-première. Lieu : Montpellier, 5, rue de Verdun, Montpellier. Date de début : 2026-02-02T18:30:00+00:00. Date de fin : 2026-02-02T21:30:00+00:00. Mots-clés : ['Diagonal-Capitole', ""Seppuku: L'Honneur d'un Samouraï de Yuji Kakizaki""]."
Sous le Ciel de Kyoto de Akiko Ohku,Avant-première,Montpellier,"5, rue de Verdun, Montpellier",2026-02-03T18:30:00+00:00,2026-02-03T21:30:00+00:00,"['Diagonal-Capitole', 'Sous le Ciel de Kyoto de Akiko Ohku']","Titre : Sous le Ciel de Kyoto de Akiko Ohku. Description : Avant-première. Lieu : Montpellier, 5, rue de Verdun, Montpellier. Date de début : 2026-02-03T18:30:00+00:00. Date de fin : 2026-02-03T21:30:00+00:00. Mots-clés : ['Diagonal-Capitole', 'Sous le Ciel de Kyoto de Akiko Ohku']."
Chromozone 51- Détournement Ciné Concert,Concert,Montpellier,"5, rue de Verdun, Montpellier",2026-04-21T18:00:00+00:00,2026-04-21T21:00:00+00:00,"['Diagonal-Capitole', 'Chromozone 51- Détournement Ciné Concert']","Titre : Chromozone 51- Détournement Ciné Concert. Description : Concert. Lieu : Montpellier, 5, rue de Verdun, Montpellier. Date de début : 2026-04-21T18:00:00+00:00. Date de fin : 2026-04-21T21:00:00+00:00. Mots-clés : ['Diagonal-Capitole', 'Chromozone 51- Détournement Ciné Concert']."
*** Rencontre avec un Conseiller Entreprise SERVICE A LA PERSONNE***,Vous êtes disponible? Vous recherchez un emploi dans le service à la personne et avez votre CV à jour dans votre espace personnel?,Montpellier,34080 Montpellier,2026-06-09T07:00:00+00:00,2026-06-09T10:00:00+00:00,"['Recrutement', 'Marché du travail', ""S'informer""]","Titre : *** Rencontre avec un Conseiller Entreprise SERVICE A LA PERSONNE***. Description : Vous êtes disponible? Vous recherchez un emploi dans le service à la personne et avez votre CV à jour dans votre espace personnel?. Lieu : Montpellier, 34080 Montpellier. Date de début : 2026-06-09T07:00:00+00:00. Date de fin : 2026-06-09T10:00:00+00:00. Mots-clés : ['Recrutement', 'Marché du travail', ""S'informer""]."
"RDV des parcours ""Prépa Apprentissage BTP""",Vous avez un projet dans le BTP mais pas encore bien défini ? France Travail et le BTP CFA Occitanie vous accompagnent !,Montpellier,34080 Montpellier,2026-04-22T11:00:00+00:00,2026-04-22T14:30:00+00:00,"['#TousMobilisés', 'Découverte secteur / métier', 'Découverte formation']","Titre : RDV des parcours ""Prépa Apprentissage BTP"". Description : Vous avez un projet dans le BTP mais pas encore bien défini ? France Travail et le BTP CFA Occitanie vous accompagnent !. Lieu : Montpellier, 34080 Montpellier. Date de début : 2026-04-22T11:00:00+00:00. Date de fin : 2026-04-22T14:30:00+00:00. Mots-clés : ['#TousMobilisés', 'Découverte secteur / métier', 'Découverte formation']."
Visite de l'hôtel Cambacérès,"Hôtel particulier du XVIIIᵉ siècle attribué à l'architecte Jean Giral, l’hôtel Cambacérès a été conçu dans la tradition des édifices de son temps, avec une cour intérieure sur laquelle s'ouvre un en …",Montpellier,"3 rue Sainte-Croix, 34000 Montpellier",2025-09-20T08:00:00+00:00,2025-09-21T17:00:00+00:00,,"Titre : Visite de l'hôtel Cambacérès. Description : Hôtel particulier du XVIIIᵉ siècle attribué à l'architecte Jean Giral, l’hôtel Cambacérès a été conçu dans la tradition des édifices de son temps, avec une cour intérieure sur laquelle s'ouvre un en …. Lieu : Montpellier, 3 rue Sainte-Croix, 34000 Montpellier. Date de début : 2025-09-20T08:00:00+00:00. Date de fin : 2025-09-21T17:00:00+00:00. Mots-clés : None."
Démonstration de restauration de tableaux,🎨 Présentation des techniques de restauration de tableaux,Montpellier,"14 rue Jacques Cœur, 34000 Montpellier",2025-09-20T08:00:00+00:00,2025-09-20T15:00:00+00:00,,"Titre : Démonstration de restauration de tableaux. Description : 🎨 Présentation des techniques de restauration de tableaux. Lieu : Montpellier, 14 rue Jacques Cœur, 34000 Montpellier. Date de début : 2025-09-20T08:00:00+00:00. Date de fin : 2025-09-20T15:00:00+00:00. Mots-clés : None."
"Visites commentées ""Montpellier, regarder la ville autrement. Archives et architecture""",Visite guidée de l'exposition de documents issus des fonds de la Ville de Montpellier.,Montpellier,"218 boulevard de l'Aéroport, 34064 Montpellier",2025-09-20T09:00:00+00:00,2025-09-20T15:00:00+00:00,,"Titre : Visites commentées ""Montpellier, regarder la ville autrement. Archives et architecture"". Description : Visite guidée de l'exposition de documents issus des fonds de la Ville de Montpellier.. Lieu : Montpellier, 218 boulevard de l'Aéroport, 34064 Montpellier. Date de début : 2025-09-20T09:00:00+00:00. Date de fin : 2025-09-20T15:00:00+00:00. Mots-clés : None."
Visite des coulisses de l'exposition de Françoise Pétrovitch,"Rahmouna Boutayeb, curatrice de l'exposition “Sur un os” de Françoise Pétrovitch vous fait découvrir les coulisses de l’exposition et ses secrets de fabrication.",Montpellier,"13 rue de la République, 34000 Montpellier",2025-09-20T12:00:00+00:00,2025-09-20T13:00:00+00:00,,"Titre : Visite des coulisses de l'exposition de Françoise Pétrovitch. Description : Rahmouna Boutayeb, curatrice de l'exposition “Sur un os” de Françoise Pétrovitch vous fait découvrir les coulisses de l’exposition et ses secrets de fabrication.. Lieu : Montpellier, 13 rue de la République, 34000 Montpellier. Date de début : 2025-09-20T12:00:00+00:00. Date de fin : 2025-09-20T13:00:00+00:00. Mots-clés : None."
Performance Chorégraphique,"Olivier Kiswinsida Gansaore, artiste chorégraphe burkinabè dont la démarche artistique questionne les défis de la société à travers le langage du corps, propose une performance en lien avec les de -…",Montpellier,"13 rue de la République, 34000 Montpellier",2025-09-20T13:30:00+00:00,2025-09-20T16:00:00+00:00,,"Titre : Performance Chorégraphique. Description : Olivier Kiswinsida Gansaore, artiste chorégraphe burkinabè dont la démarche artistique questionne les défis de la société à travers le langage du corps, propose une performance en lien avec les de -…. Lieu : Montpellier, 13 rue de la République, 34000 Montpellier. Date de début : 2025-09-20T13:30:00+00:00. Date de fin : 2025-09-20T16:00:00+00:00. Mots-clés : None."
Visite guidée de la tour Urbain V,⛪ Visite de la cathédrale Urbain V – panorama sur la ville,Montpellier,"Place Saint-Pierre, 34000 Montpellier, France",2025-09-20T12:30:00+00:00,2025-09-21T16:00:00+00:00,,"Titre : Visite guidée de la tour Urbain V. Description : ⛪ Visite de la cathédrale Urbain V – panorama sur la ville. Lieu : Montpellier, Place Saint-Pierre, 34000 Montpellier, France. Date de début : 2025-09-20T12:30:00+00:00. Date de fin : 2025-09-21T16:00:00+00:00. Mots-clés : None."
Créer un jeu d'arcade [avec Coder Dojo],Apprenez à coder un mini-jeu d’arcade avec Scratch en y intégrant la carte micro:bit comme manette ou contrôleur.,Montpellier,218 boulevard de l'Aéroport International 34000 Montpellier,2025-10-04T08:00:00+00:00,2025-10-04T09:30:00+00:00,,"Titre : Créer un jeu d'arcade [avec Coder Dojo]. Description : Apprenez à coder un mini-jeu d’arcade avec Scratch en y intégrant la carte micro:bit comme manette ou contrôleur.. Lieu : Montpellier, 218 boulevard de l'Aéroport International 34000 Montpellier. Date de début : 2025-10-04T08:00:00+00:00. Date de fin : 2025-10-04T09:30:00+00:00. Mots-clés : None."
Les rencontres de la création avec L'ADIE et CitésLab,"Rencontre avec CitésLab CitésLab – Révélateurs de Talents, ce sont d’abord des hommes et des femmes de terrain – les chefs de projets CitésLab.Les chefs de projets CitésLab rencontrent et révèlent...",Montpellier,34080 Montpellier,2025-09-10T09:30:00+00:00,2025-09-10T10:00:00+00:00,"['Atelier', ""Création d'entreprise"", 'Se préparer', 'Tout public', 'en physique']","Titre : Les rencontres de la création avec L'ADIE et CitésLab. Description : Rencontre avec CitésLab CitésLab – Révélateurs de Talents, ce sont d’abord des hommes et des femmes de terrain – les chefs de projets CitésLab.Les chefs de projets CitésLab rencontrent et révèlent.... Lieu : Montpellier, 34080 Montpellier. Date de début : 2025-09-10T09:30:00+00:00. Date de fin : 2025-09-10T10:00:00+00:00. Mots-clés : ['Atelier', ""Création d'entreprise"", 'Se préparer', 'Tout public', 'en physique']."
SAV Machine à coudre,Votre machine à coudre a besoin d'une réparation ou d'une vérification? Apportez votre machine pour un diagnostic personnalisé et gratuit.,Montpellier,"130 RUE DE LA RESTANQUE, MONTPELLIER, 34070",2025-10-16T07:30:00+00:00,2025-10-18T17:00:00+00:00,,"Titre : SAV Machine à coudre. Description : Votre machine à coudre a besoin d'une réparation ou d'une vérification? Apportez votre machine pour un diagnostic personnalisé et gratuit.. Lieu : Montpellier, 130 RUE DE LA RESTANQUE, MONTPELLIER, 34070. Date de début : 2025-10-16T07:30:00+00:00. Date de fin : 2025-10-18T17:00:00+00:00. Mots-clés : None."
"Cycle Où je vais dormir ? : Ciné-débat ""Rénovations urbaines""",Deuxième ciné-débat du cycle qui s'intéressera aux rénovations urbaines de Montpellier,Montpellier,"416, Le Grand Mail 34080 Montpellier",2025-05-06T16:30:00+00:00,2025-05-06T19:00:00+00:00,"['débat', 'cinéma', 'projection', 'ciné-débat', 'rencontre', 'habitat', 'logement', 'architecture', 'urbanisme', 'ville', 'rénovation urbaine', 'réhabilitation']","Titre : Cycle Où je vais dormir ? : Ciné-débat ""Rénovations urbaines"". Description : Deuxième ciné-débat du cycle qui s'intéressera aux rénovations urbaines de Montpellier. Lieu : Montpellier, 416, Le Grand Mail 34080 Montpellier. Date de début : 2025-05-06T16:30:00+00:00. Date de fin : 2025-05-06T19:00:00+00:00. Mots-clés : ['débat', 'cinéma', 'projection', 'ciné-débat', 'rencontre', 'habitat', 'logement', 'architecture', 'urbanisme', 'ville', 'rénovation urbaine', 'réhabilitation']."
ARCHICITY | Skatepark International de Montpellier Grammont « Ronan Pointeau »,"En avril, la MAOM vous invite à un nouvel ARCHICITY pour découvrir le Skatepark International de Montpellier Grammont « Ronan Pointeau » !",Montpellier,"123 Avenue de Grammont, 34000 Montpellier",2026-04-11T08:00:00+00:00,2026-04-11T10:00:00+00:00,"['archicity', 'montpellier', 'skatepark', 'architecture', 'balade urbaine', 'hérault', 'maom', 'visite', 'patrimoine', 'découverte']","Titre : ARCHICITY | Skatepark International de Montpellier Grammont « Ronan Pointeau ». Description : En avril, la MAOM vous invite à un nouvel ARCHICITY pour découvrir le Skatepark International de Montpellier Grammont « Ronan Pointeau » !. Lieu : Montpellier, 123 Avenue de Grammont, 34000 Montpellier. Date de début : 2026-04-11T08:00:00+00:00. Date de fin : 2026-04-11T10:00:00+00:00. Mots-clés : ['archicity', 'montpellier', 'skatepark', 'architecture', 'balade urbaine', 'hérault', 'maom', 'visite', 'patrimoine', 'découverte']."
"Table ronde : ""Histoire du quartier de l'EAI : du casernement à la cité créative, la place des ICC dans l'urbanisme culturel""","À l’occasion du festival Hyperactive organisé par Halle Tropisme, la MAOM vous invite à une table ronde consacrée à l’histoire et aux mutations du quartier EAI - Cité créative.",Montpellier,121 rue fontcouverte montpellier,2026-05-16T15:00:00+00:00,2026-05-16T17:00:00+00:00,"['table ronde', 'montpellier', 'eai', 'cité créative', 'halle tropisme']","Titre : Table ronde : ""Histoire du quartier de l'EAI : du casernement à la cité créative, la place des ICC dans l'urbanisme culturel"". Description : À l’occasion du festival Hyperactive organisé par Halle Tropisme, la MAOM vous invite à une table ronde consacrée à l’histoire et aux mutations du quartier EAI - Cité créative.. Lieu : Montpellier, 121 rue fontcouverte montpellier. Date de début : 2026-05-16T15:00:00+00:00. Date de fin : 2026-05-16T17:00:00+00:00. Mots-clés : ['table ronde', 'montpellier', 'eai', 'cité créative', 'halle tropisme']."
Escape Game Energie - Collège les Guarrigues Jour 2,"L'Escape Game Energie est un outil pédagogique permet aux élèves de collèges, lycées et aux demandeurs d’emploi de s’immerger dans le monde des énergies décarbonées.",Montpellier,"145 av Comté de Nice, 34080 Montpellier",2025-11-25T07:00:00+00:00,2025-11-25T11:30:00+00:00,,"Titre : Escape Game Energie - Collège les Guarrigues Jour 2. Description : L'Escape Game Energie est un outil pédagogique permet aux élèves de collèges, lycées et aux demandeurs d’emploi de s’immerger dans le monde des énergies décarbonées.. Lieu : Montpellier, 145 av Comté de Nice, 34080 Montpellier. Date de début : 2025-11-25T07:00:00+00:00. Date de fin : 2025-11-25T11:30:00+00:00. Mots-clés : None."
Professeurs en entreprise,Développement de solutions pour l'interprétation géologique,Montpellier,"895 rue de la Vieille Poste, 34000 Montpellier",2025-11-28T07:00:00+00:00,2025-11-29T01:00:00+00:00,"[""Développement de solutions pour l'interprétation géologique"", 'xls2410']","Titre : Professeurs en entreprise. Description : Développement de solutions pour l'interprétation géologique. Lieu : Montpellier, 895 rue de la Vieille Poste, 34000 Montpellier. Date de début : 2025-11-28T07:00:00+00:00. Date de fin : 2025-11-29T01:00:00+00:00. Mots-clés : [""Développement de solutions pour l'interprétation géologique"", 'xls2410']."
"« Last of Us » duo de DJs de musique Tech, afro et mélodic techno",Fête de la musique 2025,Montpellier,56 Avenue des Hauts de Fontcaude Montpellier,2025-06-21T16:00:00+00:00,2025-06-21T21:59:00+00:00,,"Titre : « Last of Us » duo de DJs de musique Tech, afro et mélodic techno. Description : Fête de la musique 2025. Lieu : Montpellier, 56 Avenue des Hauts de Fontcaude Montpellier. Date de début : 2025-06-21T16:00:00+00:00. Date de fin : 2025-06-21T21:59:00+00:00. Mots-clés : None."
La Fête de la nature au Jardin,"Organisation d’ateliers en lien avec le jardin, pour adultes et enfants : reconnaître les différentes senteurs des plantes, déguster des tisanes chaudes et froides, observer et jouer autour des dans…",Montpellier,"1bis Rue du Jardin de la Reine, 34000 Montpellier, France",2026-06-06T12:00:00+00:00,2026-06-06T17:00:00+00:00,,"Titre : La Fête de la nature au Jardin. Description : Organisation d’ateliers en lien avec le jardin, pour adultes et enfants : reconnaître les différentes senteurs des plantes, déguster des tisanes chaudes et froides, observer et jouer autour des dans…. Lieu : Montpellier, 1bis Rue du Jardin de la Reine, 34000 Montpellier, France. Date de début : 2026-06-06T12:00:00+00:00. Date de fin : 2026-06-06T17:00:00+00:00. Mots-clés : None."
*** Rencontre avec un Conseiller Entreprise SERVICE A LA PERSONNE***,Vous êtes disponible? Vous recherchez un emploi dans le service à la personne et avez votre CV à jour dans votre espace personnel?,Montpellier,34080 Montpellier,2026-05-05T07:00:00+00:00,2026-05-05T10:00:00+00:00,"['Marché du travail', 'Recrutement', ""S'informer""]","Titre : *** Rencontre avec un Conseiller Entreprise SERVICE A LA PERSONNE***. Description : Vous êtes disponible? Vous recherchez un emploi dans le service à la personne et avez votre CV à jour dans votre espace personnel?. Lieu : Montpellier, 34080 Montpellier. Date de début : 2026-05-05T07:00:00+00:00. Date de fin : 2026-05-05T10:00:00+00:00. Mots-clés : ['Marché du travail', 'Recrutement', ""S'informer""]."
CINEMED 2025 / FANTÔME D'AMOUR - Rétro Dino Risi,vendredi 24 octobre à 11h20,Montpellier,2 rue Marcellin Albert 34080,2025-10-24T09:20:00+00:00,2025-10-24T11:00:00+00:00,"['Cinéma Nestor Burma', 'DINO RISI', 'CINEMED', 'RÉTROSPECTIVE DINO RISI Festival CINEMED 2025', 'Parfum de Femme', ""FANTÔME D'AMOUR""]","Titre : CINEMED 2025 / FANTÔME D'AMOUR - Rétro Dino Risi. Description : vendredi 24 octobre à 11h20. Lieu : Montpellier, 2 rue Marcellin Albert 34080. Date de début : 2025-10-24T09:20:00+00:00. Date de fin : 2025-10-24T11:00:00+00:00. Mots-clés : ['Cinéma Nestor Burma', 'DINO RISI', 'CINEMED', 'RÉTROSPECTIVE DINO RISI Festival CINEMED 2025', 'Parfum de Femme', ""FANTÔME D'AMOUR""]."
CINÉ-LECTURE / LA FERME DES ANIMAUX,Samedi 18 octobre à 17 h : CINÉ-LECTURE avec la MÉDIATHÈQUE W. SHAKESPEARE,Montpellier,"2, rue Marcellin Albert, Montpellier",2025-10-18T15:00:00+00:00,2025-10-18T16:30:00+00:00,"['cinéma Nestor Burma', 'CINÉ-LECTURE', 'George Orwell', 'LA FERME DES ANIMAUX', 'John Halas', 'John Halas', 'Joy Batchelor']","Titre : CINÉ-LECTURE / LA FERME DES ANIMAUX. Description : Samedi 18 octobre à 17 h : CINÉ-LECTURE avec la MÉDIATHÈQUE W. SHAKESPEARE. Lieu : Montpellier, 2, rue Marcellin Albert, Montpellier. Date de début : 2025-10-18T15:00:00+00:00. Date de fin : 2025-10-18T16:30:00+00:00. Mots-clés : ['cinéma Nestor Burma', 'CINÉ-LECTURE', 'George Orwell', 'LA FERME DES ANIMAUX', 'John Halas', 'John Halas', 'Joy Batchelor']."
Fais moi un signe de Mipo O,Avant-première,Montpellier,"5, rue de Verdun, Montpellier",2026-01-30T18:30:00+00:00,2026-01-30T21:30:00+00:00,"['Diagonal-Capitole', 'Fais moi un signe de Mipo O']","Titre : Fais moi un signe de Mipo O. Description : Avant-première. Lieu : Montpellier, 5, rue de Verdun, Montpellier. Date de début : 2026-01-30T18:30:00+00:00. Date de fin : 2026-01-30T21:30:00+00:00. Mots-clés : ['Diagonal-Capitole', 'Fais moi un signe de Mipo O']."
Colloque International Vinid’Occ,Défis clés Occitanie,Montpellier,"Corum, Montpellier",2026-12-08T08:30:00+00:00,2026-12-10T17:00:00+00:00,,"Titre : Colloque International Vinid’Occ. Description : Défis clés Occitanie. Lieu : Montpellier, Corum, Montpellier. Date de début : 2026-12-08T08:30:00+00:00. Date de fin : 2026-12-10T17:00:00+00:00. Mots-clés : None."
Les rencontres de la création avec CitésLab,"Rencontre avec CitésLab CitésLab - Révélateurs de Talents, ce sont d'abord des hommes et des femmes de terrain - les chefs de projets CitésLab.",Montpellier,34080 Montpellier,2025-10-22T09:30:00+00:00,2025-10-22T10:00:00+00:00,"['Se préparer', ""Création d'entreprise""]","Titre : Les rencontres de la création avec CitésLab. Description : Rencontre avec CitésLab CitésLab - Révélateurs de Talents, ce sont d'abord des hommes et des femmes de terrain - les chefs de projets CitésLab.. Lieu : Montpellier, 34080 Montpellier. Date de début : 2025-10-22T09:30:00+00:00. Date de fin : 2025-10-22T10:00:00+00:00. Mots-clés : ['Se préparer', ""Création d'entreprise""]."
Webinaire Atelier Emploi Retraite CARSAT,Vous avez 59 ans et plus et souhaitez y voir clair sur votre future retraite.,Montpellier,34000 Montpellier,2026-05-29T11:45:00+00:00,2026-05-29T13:15:00+00:00,"['Mobilisation 50 ans et plus', ""S'informer""]","Titre : Webinaire Atelier Emploi Retraite CARSAT. Description : Vous avez 59 ans et plus et souhaitez y voir clair sur votre future retraite.. Lieu : Montpellier, 34000 Montpellier. Date de début : 2026-05-29T11:45:00+00:00. Date de fin : 2026-05-29T13:15:00+00:00. Mots-clés : ['Mobilisation 50 ans et plus', ""S'informer""]."
"Présentation de la formation ""Chargé-e de production de projets artistiques/culturels proposée par l'ARDEC",L'ARDEC vient présenter sa formation financée par la région : -Chargé (e) de production de projets artistiques et/ou culturels le 27 avril 2026 de 10h00 à 12h00 à l'agence FRANCE TRAVAIL Cévennes.,Montpellier,34080 Montpellier,2026-04-27T08:00:00+00:00,2026-04-27T10:00:00+00:00,"['Espaces formation', 'Découverte formation']","Titre : Présentation de la formation ""Chargé-e de production de projets artistiques/culturels proposée par l'ARDEC. Description : L'ARDEC vient présenter sa formation financée par la région : -Chargé (e) de production de projets artistiques et/ou culturels le 27 avril 2026 de 10h00 à 12h00 à l'agence FRANCE TRAVAIL Cévennes.. Lieu : Montpellier, 34080 Montpellier. Date de début : 2026-04-27T08:00:00+00:00. Date de fin : 2026-04-27T10:00:00+00:00. Mots-clés : ['Espaces formation', 'Découverte formation']."
Rdv CitésLab - Création d'entreprise,"Venez préparer votre création d'entreprise, et poser vos questions. 30 minutes de rencontre en individuel, pour avancer sur votre projet, avec le sourire.",Montpellier,34080 Montpellier,2025-12-22T08:00:00+00:00,2025-12-22T08:30:00+00:00,"[""Création d'entreprise"", 'Se préparer']","Titre : Rdv CitésLab - Création d'entreprise. Description : Venez préparer votre création d'entreprise, et poser vos questions. 30 minutes de rencontre en individuel, pour avancer sur votre projet, avec le sourire.. Lieu : Montpellier, 34080 Montpellier. Date de début : 2025-12-22T08:00:00+00:00. Date de fin : 2025-12-22T08:30:00+00:00. Mots-clés : [""Création d'entreprise"", 'Se préparer']."
"Formation "" TOURNEURS, MANAGEURS, PRODUCTEURS D'ARTISTES""","Les musiques actuelles évoluent dans un écosystème complexe, où se croisent financements publics et privés, innovations technologiques et nouvelles pratiques professionnelles.",Montpellier,34080 Montpellier,2026-01-15T09:00:00+00:00,2026-01-15T11:00:00+00:00,"[""S'informer""]","Titre : Formation "" TOURNEURS, MANAGEURS, PRODUCTEURS D'ARTISTES"". Description : Les musiques actuelles évoluent dans un écosystème complexe, où se croisent financements publics et privés, innovations technologiques et nouvelles pratiques professionnelles.. Lieu : Montpellier, 34080 Montpellier. Date de début : 2026-01-15T09:00:00+00:00. Date de fin : 2026-01-15T11:00:00+00:00. Mots-clés : [""S'informer""]."
Envolez-vous vers l'industrie aéronautique avec F-TECH Méditerranée - Recrutement sans CV !,Vous êtes intéressé(e) par le secteur industriel mais vous manquez d'expérience ?,Montpellier,34070 Montpellier,2026-05-19T08:00:00+00:00,2026-05-19T09:00:00+00:00,"['Méthode de Recrutement par Simulation', 'Recrutement sans CV']","Titre : Envolez-vous vers l'industrie aéronautique avec F-TECH Méditerranée - Recrutement sans CV !. Description : Vous êtes intéressé(e) par le secteur industriel mais vous manquez d'expérience ?. Lieu : Montpellier, 34070 Montpellier. Date de début : 2026-05-19T08:00:00+00:00. Date de fin : 2026-05-19T09:00:00+00:00. Mots-clés : ['Méthode de Recrutement par Simulation', 'Recrutement sans CV']."
*** Rencontre avec un Conseiller Entreprise SERVICE A LA PERSONNE***,Vous êtes disponible? Vous recherchez un emploi dans le service à la personne et avez votre CV à jour dans votre espace personnel?,Montpellier,34080 Montpellier,2026-07-28T07:00:00+00:00,2026-07-28T10:00:00+00:00,"[""S'informer"", 'Recrutement', 'Marché du travail']","Titre : *** Rencontre avec un Conseiller Entreprise SERVICE A LA PERSONNE***. Description : Vous êtes disponible? Vous recherchez un emploi dans le service à la personne et avez votre CV à jour dans votre espace personnel?. Lieu : Montpellier, 34080 Montpellier. Date de début : 2026-07-28T07:00:00+00:00. Date de fin : 2026-07-28T10:00:00+00:00. Mots-clés : [""S'informer"", 'Recrutement', 'Marché du travail']."
Mai à Vélo 2026,Faites parcourir à votre communauté le plus de kilomètres au mois de mai !,Montpellier,"72 Boulevard Pénélope, 34965 Montpellier, France",2026-04-30T22:00:00+00:00,2026-05-31T21:59:59+00:00,['challenge-id=210640'],"Titre : Mai à Vélo 2026. Description : Faites parcourir à votre communauté le plus de kilomètres au mois de mai !. Lieu : Montpellier, 72 Boulevard Pénélope, 34965 Montpellier, France. Date de début : 2026-04-30T22:00:00+00:00. Date de fin : 2026-05-31T21:59:59+00:00. Mots-clés : ['challenge-id=210640']."
Regards croisés sur la peinture de François-Xavier Fabre,"Visite à deux voix par Eliane et Edouard Aujaleu, amis du musée Fabre",Montpellier,"39 Boulevard de Bonnes Nouvelles, 34000 Montpellier, France",2025-05-17T19:00:00+00:00,2025-05-17T20:00:00+00:00,,"Titre : Regards croisés sur la peinture de François-Xavier Fabre. Description : Visite à deux voix par Eliane et Edouard Aujaleu, amis du musée Fabre. Lieu : Montpellier, 39 Boulevard de Bonnes Nouvelles, 34000 Montpellier, France. Date de début : 2025-05-17T19:00:00+00:00. Date de fin : 2025-05-17T20:00:00+00:00. Mots-clés : None."
Rendez-vous aux jardins 2025,"Visites guidées toutes les heures entre 14 h et 17 h, dernier départ, des jardins en terrasses d’inspiration italienne de Hôtel Haguenot avec son buffet d'eau et sa grotte baroque. Ils abritent des…",Montpellier,"3 rue Clapiés, 34000 Montpellier",2025-06-08T12:00:00+00:00,2025-06-08T16:00:00+00:00,,"Titre : Rendez-vous aux jardins 2025. Description : Visites guidées toutes les heures entre 14 h et 17 h, dernier départ, des jardins en terrasses d’inspiration italienne de Hôtel Haguenot avec son buffet d'eau et sa grotte baroque. Ils abritent des…. Lieu : Montpellier, 3 rue Clapiés, 34000 Montpellier. Date de début : 2025-06-08T12:00:00+00:00. Date de fin : 2025-06-08T16:00:00+00:00. Mots-clés : None."
Les rencontres de la création avec CitésLab,"Rencontre avec CitésLab CitésLab – Révélateurs de Talents, ce sont d’abord des hommes et des femmes de terrain – les chefs de projets CitésLab.Les chefs de projets CitésLab rencontrent et révèlent les",Montpellier,34080 Montpellier,2025-08-18T08:00:00+00:00,2025-08-18T08:30:00+00:00,"[""Création d'entreprise"", 'Se préparer']","Titre : Les rencontres de la création avec CitésLab. Description : Rencontre avec CitésLab CitésLab – Révélateurs de Talents, ce sont d’abord des hommes et des femmes de terrain – les chefs de projets CitésLab.Les chefs de projets CitésLab rencontrent et révèlent les. Lieu : Montpellier, 34080 Montpellier. Date de début : 2025-08-18T08:00:00+00:00. Date de fin : 2025-08-18T08:30:00+00:00. Mots-clés : [""Création d'entreprise"", 'Se préparer']."
Les rencontres de la création avec CitésLab,"Rencontre avec CitésLab CitésLab – Révélateurs de Talents, ce sont d’abord des hommes et des femmes de terrain – les chefs de projets CitésLab.Les chefs de projets CitésLab rencontrent et révèlent les",Montpellier,34080 Montpellier,2025-08-25T08:00:00+00:00,2025-08-25T08:30:00+00:00,"[""Création d'entreprise"", 'Se préparer']","Titre : Les rencontres de la création avec CitésLab. Description : Rencontre avec CitésLab CitésLab – Révélateurs de Talents, ce sont d’abord des hommes et des femmes de terrain – les chefs de projets CitésLab.Les chefs de projets CitésLab rencontrent et révèlent les. Lieu : Montpellier, 34080 Montpellier. Date de début : 2025-08-25T08:00:00+00:00. Date de fin : 2025-08-25T08:30:00+00:00. Mots-clés : [""Création d'entreprise"", 'Se préparer']."
Les rencontres de la création avec CitésLab,"Rencontre avec CitésLab CitésLab – Révélateurs de Talents, ce sont d’abord des hommes et des femmes de terrain – les chefs de projets CitésLab.Les chefs de projets CitésLab rencontrent et révèlent les",Montpellier,34080 Montpellier,2025-09-01T09:30:00+00:00,2025-09-01T10:00:00+00:00,"['Se préparer', ""Création d'entreprise""]","Titre : Les rencontres de la création avec CitésLab. Description : Rencontre avec CitésLab CitésLab – Révélateurs de Talents, ce sont d’abord des hommes et des femmes de terrain – les chefs de projets CitésLab.Les chefs de projets CitésLab rencontrent et révèlent les. Lieu : Montpellier, 34080 Montpellier. Date de début : 2025-09-01T09:30:00+00:00. Date de fin : 2025-09-01T10:00:00+00:00. Mots-clés : ['Se préparer', ""Création d'entreprise""]."
Ghost in the Shell 2 : Innocence de Mamuro Oshii,Séance unique,Montpellier,"5, rue de Verdun, Montpellier",2026-03-19T19:00:00+00:00,2026-03-19T22:00:00+00:00,"['Diagonal-Capitole', 'Ghost in the Shell 2 : Innocence de Mamuro Oshii']","Titre : Ghost in the Shell 2 : Innocence de Mamuro Oshii. Description : Séance unique. Lieu : Montpellier, 5, rue de Verdun, Montpellier. Date de début : 2026-03-19T19:00:00+00:00. Date de fin : 2026-03-19T22:00:00+00:00. Mots-clés : ['Diagonal-Capitole', 'Ghost in the Shell 2 : Innocence de Mamuro Oshii']."
Hélène Trésore Transnationale de Judith Abitbol,Avant-première,Montpellier,"5, rue de Verdun, Montpellier",2026-03-31T18:00:00+00:00,2026-03-31T21:00:00+00:00,"['Diagonal-Capitole', 'Hélène Trésore Transnationale de Judith Abitbol']","Titre : Hélène Trésore Transnationale de Judith Abitbol. Description : Avant-première. Lieu : Montpellier, 5, rue de Verdun, Montpellier. Date de début : 2026-03-31T18:00:00+00:00. Date de fin : 2026-03-31T21:00:00+00:00. Mots-clés : ['Diagonal-Capitole', 'Hélène Trésore Transnationale de Judith Abitbol']."
Courts-métrages meilleurs effets spéciaux de l’école ARTFX Montpellier,Séance spéciale,Montpellier,"5, rue de Verdun, Montpellier",2026-03-25T17:30:00+00:00,2026-03-25T20:30:00+00:00,"['Diagonal-Capitole', 'Courts-métrages meilleurs effets spéciaux de l’école ARTFX Montpellier']","Titre : Courts-métrages meilleurs effets spéciaux de l’école ARTFX Montpellier. Description : Séance spéciale. Lieu : Montpellier, 5, rue de Verdun, Montpellier. Date de début : 2026-03-25T17:30:00+00:00. Date de fin : 2026-03-25T20:30:00+00:00. Mots-clés : ['Diagonal-Capitole', 'Courts-métrages meilleurs effets spéciaux de l’école ARTFX Montpellier']."
Paprika de Satoshi Kon,Ecrans philosophiques,Montpellier,"5, rue de Verdun, Montpellier",2026-04-08T18:00:00+00:00,2026-04-08T21:00:00+00:00,"['Diagonal-Capitole', 'Paprika de Satoshi Kon']","Titre : Paprika de Satoshi Kon. Description : Ecrans philosophiques. Lieu : Montpellier, 5, rue de Verdun, Montpellier. Date de début : 2026-04-08T18:00:00+00:00. Date de fin : 2026-04-08T21:00:00+00:00. Mots-clés : ['Diagonal-Capitole', 'Paprika de Satoshi Kon']."
Action découverte des métiers: Métiers de la prévention au travail du Conseil Départemental à Montpellier,Venez découvrir le métier passionnant de la prévention au travail au sein du Conseil Départemental ! Cette 1/2 journée est l'occasion parfaite pour échanger avec des professionnels engagés et déco...,Montpellier,34080 Montpellier,2025-09-16T12:00:00+00:00,2025-09-16T14:00:00+00:00,"['Portes ouvertes', '#TousEnImmersion', '1 jeune  1 solution', 'Découverte secteur / métier', 'Jeunes', 'en physique']","Titre : Action découverte des métiers: Métiers de la prévention au travail du Conseil Départemental à Montpellier. Description : Venez découvrir le métier passionnant de la prévention au travail au sein du Conseil Départemental ! Cette 1/2 journée est l'occasion parfaite pour échanger avec des professionnels engagés et déco.... Lieu : Montpellier, 34080 Montpellier. Date de début : 2025-09-16T12:00:00+00:00. Date de fin : 2025-09-16T14:00:00+00:00. Mots-clés : ['Portes ouvertes', '#TousEnImmersion', '1 jeune  1 solution', 'Découverte secteur / métier', 'Jeunes', 'en physique']."
Les rencontres de la création avec L'ADIE et CitésLab,"Rencontre avec CitésLab CitésLab – Révélateurs de Talents, ce sont d’abord des hommes et des femmes de terrain – les chefs de projets CitésLab.Les chefs de projets CitésLab rencontrent et révèlent les",Montpellier,34080 Montpellier,2025-09-10T09:00:00+00:00,2025-09-10T09:30:00+00:00,"[""Création d'entreprise"", 'Se préparer']","Titre : Les rencontres de la création avec L'ADIE et CitésLab. Description : Rencontre avec CitésLab CitésLab – Révélateurs de Talents, ce sont d’abord des hommes et des femmes de terrain – les chefs de projets CitésLab.Les chefs de projets CitésLab rencontrent et révèlent les. Lieu : Montpellier, 34080 Montpellier. Date de début : 2025-09-10T09:00:00+00:00. Date de fin : 2025-09-10T09:30:00+00:00. Mots-clés : [""Création d'entreprise"", 'Se préparer']."
Visite découverte pour enfants : « Le centre historique avec Perette la mouette »,Découvrez le centre historique avec Perette la Mouette !,Montpellier,"Rue de la Fontaine, 34000 Montpellier",2025-09-20T08:00:00+00:00,2025-09-21T14:00:00+00:00,,"Titre : Visite découverte pour enfants : « Le centre historique avec Perette la mouette ». Description : Découvrez le centre historique avec Perette la Mouette !. Lieu : Montpellier, Rue de la Fontaine, 34000 Montpellier. Date de début : 2025-09-20T08:00:00+00:00. Date de fin : 2025-09-21T14:00:00+00:00. Mots-clés : None."
"Le retour des liasses, l'atelier-jeu",Le retour des liasses : atelier-jeu,Montpellier,500 avenue des Etats du Languedoc 34064 Montpellier,2025-09-20T07:00:00+00:00,2025-09-20T15:00:00+00:00,,"Titre : Le retour des liasses, l'atelier-jeu. Description : Le retour des liasses : atelier-jeu. Lieu : Montpellier, 500 avenue des Etats du Languedoc 34064 Montpellier. Date de début : 2025-09-20T07:00:00+00:00. Date de fin : 2025-09-20T15:00:00+00:00. Mots-clés : None."
Visite de la chapelle du domaine de Grammont,Visite commentée de la chapelle du domaine de Grammont ⛪,Montpellier,"2733 avenue Albert Einstein, 34000 Montpellier",2025-09-20T07:30:00+00:00,2025-09-21T14:30:00+00:00,,"Titre : Visite de la chapelle du domaine de Grammont. Description : Visite commentée de la chapelle du domaine de Grammont ⛪. Lieu : Montpellier, 2733 avenue Albert Einstein, 34000 Montpellier. Date de début : 2025-09-20T07:30:00+00:00. Date de fin : 2025-09-21T14:30:00+00:00. Mots-clés : None."
Visitez la chapelle des Pénitents bleus,⛪ Visite de la chapelle des Pénitents bleus,Montpellier,11 rue des Etuves 34000 Montpellier,2025-09-20T08:00:00+00:00,2025-09-21T16:30:00+00:00,,"Titre : Visitez la chapelle des Pénitents bleus. Description : ⛪ Visite de la chapelle des Pénitents bleus. Lieu : Montpellier, 11 rue des Etuves 34000 Montpellier. Date de début : 2025-09-20T08:00:00+00:00. Date de fin : 2025-09-21T16:30:00+00:00. Mots-clés : None."
Spectacle jeunesse « Cantar las erbas : chanter les herbes avec Max Rouquette »,🌱 Hommage à Max Rouquette – Spectacle musical jeunesse,Montpellier,"1bis Rue du Jardin de la Reine, 34000 Montpellier, France",2025-09-20T13:30:00+00:00,2025-09-20T14:15:00+00:00,,"Titre : Spectacle jeunesse « Cantar las erbas : chanter les herbes avec Max Rouquette ». Description : 🌱 Hommage à Max Rouquette – Spectacle musical jeunesse. Lieu : Montpellier, 1bis Rue du Jardin de la Reine, 34000 Montpellier, France. Date de début : 2025-09-20T13:30:00+00:00. Date de fin : 2025-09-20T14:15:00+00:00. Mots-clés : None."
"Visite famille ""Jeux est un autre"" [complet]","Françoise Pétrovich crée des êtres hybrides, mi enfant, mi animal. Et si tu étais un animal, lequel serais-tu ?",Montpellier,"13 rue de la République, 34000 Montpellier",2025-09-21T09:00:00+00:00,2025-09-21T10:30:00+00:00,,"Titre : Visite famille ""Jeux est un autre"" [complet]. Description : Françoise Pétrovich crée des êtres hybrides, mi enfant, mi animal. Et si tu étais un animal, lequel serais-tu ?. Lieu : Montpellier, 13 rue de la République, 34000 Montpellier. Date de début : 2025-09-21T09:00:00+00:00. Date de fin : 2025-09-21T10:30:00+00:00. Mots-clés : None."
Visites flash de l'exposition de Françoise Pétrovitch,Des visites de 30 mn à la découverte d'une sélection d'œuvres de l'exposition Sur un os de Françoise Pétrovitch.,Montpellier,"13 rue de la République, 34000 Montpellier",2025-09-20T09:00:00+00:00,2025-09-20T15:30:00+00:00,,"Titre : Visites flash de l'exposition de Françoise Pétrovitch. Description : Des visites de 30 mn à la découverte d'une sélection d'œuvres de l'exposition Sur un os de Françoise Pétrovitch.. Lieu : Montpellier, 13 rue de la République, 34000 Montpellier. Date de début : 2025-09-20T09:00:00+00:00. Date de fin : 2025-09-20T15:30:00+00:00. Mots-clés : None."
Visites flash de l'exposition de Françoise Pétrovitch,Des visites de 30 mn à la découverte d'une sélection d'œuvres de l'exposition Sur un os de Françoise Pétrovitch.,Montpellier,"13 rue de la République, 34000 Montpellier",2025-09-21T12:00:00+00:00,2025-09-21T15:30:00+00:00,,"Titre : Visites flash de l'exposition de Françoise Pétrovitch. Description : Des visites de 30 mn à la découverte d'une sélection d'œuvres de l'exposition Sur un os de Françoise Pétrovitch.. Lieu : Montpellier, 13 rue de la République, 34000 Montpellier. Date de début : 2025-09-21T12:00:00+00:00. Date de fin : 2025-09-21T15:30:00+00:00. Mots-clés : None."
Une nuit sur l'Olympe,Les amis du musée Fabre vous propose un « marathon mythologique » au travers de la collection du musée Fabre.,Montpellier,"39 Boulevard de Bonnes Nouvelles, 34000 Montpellier, France",2026-05-23T17:00:00+00:00,2026-05-23T20:30:00+00:00,,"Titre : Une nuit sur l'Olympe. Description : Les amis du musée Fabre vous propose un « marathon mythologique » au travers de la collection du musée Fabre.. Lieu : Montpellier, 39 Boulevard de Bonnes Nouvelles, 34000 Montpellier, France. Date de début : 2026-05-23T17:00:00+00:00. Date de fin : 2026-05-23T20:30:00+00:00. Mots-clés : None."
Le voyage vous passionne ? Faites-en votre métier en Occitanie !,Le voyage vous passionne ? Faites-en votre métier!,Montpellier,34000 Montpellier,2026-02-26T09:00:00+00:00,2026-02-26T10:00:00+00:00,"['La semaine du Tourisme', 'Découverte secteur / métier']","Titre : Le voyage vous passionne ? Faites-en votre métier en Occitanie !. Description : Le voyage vous passionne ? Faites-en votre métier!. Lieu : Montpellier, 34000 Montpellier. Date de début : 2026-02-26T09:00:00+00:00. Date de fin : 2026-02-26T10:00:00+00:00. Mots-clés : ['La semaine du Tourisme', 'Découverte secteur / métier']."
Visite : les missions de la Banque de France,Découvrez les missions de la Banque de France à travers différents stands :,Montpellier,"98 ter avenue de Lodève, 34060 Montpellier",2025-09-19T07:00:00+00:00,2025-09-19T14:00:00+00:00,,"Titre : Visite : les missions de la Banque de France. Description : Découvrez les missions de la Banque de France à travers différents stands :. Lieu : Montpellier, 98 ter avenue de Lodève, 34060 Montpellier. Date de début : 2025-09-19T07:00:00+00:00. Date de fin : 2025-09-19T14:00:00+00:00. Mots-clés : None."
"Concert à Montpellier : Debussy, Ravel, Bizet, Aznavour, Saint-Saëns, Dutilleux","Concert Musicâme à Montpellier : Debussy, Aznavour et grands classiques français pour une expérience musicale immersive et émouvante. Réservez vite !",Montpellier,"43 Rue de l'aiguillerie, 34000 Montpellier",2026-04-30T18:00:00+00:00,2026-04-30T19:15:00+00:00,"['musicâme france', 'violon', 'musique classique', 'concert Montpellier']","Titre : Concert à Montpellier : Debussy, Ravel, Bizet, Aznavour, Saint-Saëns, Dutilleux. Description : Concert Musicâme à Montpellier : Debussy, Aznavour et grands classiques français pour une expérience musicale immersive et émouvante. Réservez vite !. Lieu : Montpellier, 43 Rue de l'aiguillerie, 34000 Montpellier. Date de début : 2026-04-30T18:00:00+00:00. Date de fin : 2026-04-30T19:15:00+00:00. Mots-clés : ['musicâme france', 'violon', 'musique classique', 'concert Montpellier']."
Rando-vélo Afterwork,Organisation d'une rando-vélo pour un afterwork convivial,Montpellier,"911 avenue Agropolis, 34394 Montpellier",2025-05-15T15:45:00+00:00,2025-05-15T18:30:00+00:00,,"Titre : Rando-vélo Afterwork. Description : Organisation d'une rando-vélo pour un afterwork convivial. Lieu : Montpellier, 911 avenue Agropolis, 34394 Montpellier. Date de début : 2025-05-15T15:45:00+00:00. Date de fin : 2025-05-15T18:30:00+00:00. Mots-clés : None."
Mai à Vélo 2026,Faites parcourir à votre communauté le plus de kilomètres au mois de mai !,Montpellier,"Montpellier, 34000 France",2026-04-30T22:00:00+00:00,2026-05-31T21:59:59+00:00,['challenge-id=209974'],"Titre : Mai à Vélo 2026. Description : Faites parcourir à votre communauté le plus de kilomètres au mois de mai !. Lieu : Montpellier, Montpellier, 34000 France. Date de début : 2026-04-30T22:00:00+00:00. Date de fin : 2026-05-31T21:59:59+00:00. Mots-clés : ['challenge-id=209974']."
Mai à Vélo 2026,Faites parcourir à votre communauté le plus de kilomètres au mois de mai !,Montpellier,"Rue Lydie Bénichou, 34070 Montpellier, France",2026-04-30T22:00:00+00:00,2026-05-31T21:59:59+00:00,['challenge-id=218995'],"Titre : Mai à Vélo 2026. Description : Faites parcourir à votre communauté le plus de kilomètres au mois de mai !. Lieu : Montpellier, Rue Lydie Bénichou, 34070 Montpellier, France. Date de début : 2026-04-30T22:00:00+00:00. Date de fin : 2026-05-31T21:59:59+00:00. Mots-clés : ['challenge-id=218995']."
100% des perdants ont tenté leur chance,Après-midi immersif autour d'ateliers ludiques et interactifs pour décortiquer les techniques de manipulations des plate-formes de pari sportif.,Montpellier,montpellier,2026-03-25T13:00:00+00:00,2026-03-25T17:00:00+00:00,,"Titre : 100% des perdants ont tenté leur chance. Description : Après-midi immersif autour d'ateliers ludiques et interactifs pour décortiquer les techniques de manipulations des plate-formes de pari sportif.. Lieu : Montpellier, montpellier. Date de début : 2026-03-25T13:00:00+00:00. Date de fin : 2026-03-25T17:00:00+00:00. Mots-clés : None."
Les rencontres de la création avec Axents,Axents Montpellier propose accompagnement et formation à la création/reprise d'entreprise,Montpellier,34080 Montpellier,2025-11-05T09:00:00+00:00,2025-11-05T09:30:00+00:00,"[""Création d'entreprise"", 'Se préparer']","Titre : Les rencontres de la création avec Axents. Description : Axents Montpellier propose accompagnement et formation à la création/reprise d'entreprise. Lieu : Montpellier, 34080 Montpellier. Date de début : 2025-11-05T09:00:00+00:00. Date de fin : 2025-11-05T09:30:00+00:00. Mots-clés : [""Création d'entreprise"", 'Se préparer']."
Les rencontres de la création avec ADIE,"Rencontre avec ADIE : L'Adie, c'est l'association qui finance votre entreprise et vous accompagne tout au long de votre projet. Un crédit et des conseils pour me lancer.",Montpellier,34080 Montpellier,2025-12-10T09:30:00+00:00,2025-12-10T10:00:00+00:00,"[""Création d'entreprise"", 'Se préparer']","Titre : Les rencontres de la création avec ADIE. Description : Rencontre avec ADIE : L'Adie, c'est l'association qui finance votre entreprise et vous accompagne tout au long de votre projet. Un crédit et des conseils pour me lancer.. Lieu : Montpellier, 34080 Montpellier. Date de début : 2025-12-10T09:30:00+00:00. Date de fin : 2025-12-10T10:00:00+00:00. Mots-clés : [""Création d'entreprise"", 'Se préparer']."
Rencontre avec la troupe d’Opéra Junior,Temps d'échange après le spectacle,Montpellier,Place de la Comédie - Montpellier 34000,2026-05-09T18:45:00+00:00,2026-05-10T17:15:00+00:00,"['rencontre', 'échange', 'jeunesse', 'opéra']","Titre : Rencontre avec la troupe d’Opéra Junior. Description : Temps d'échange après le spectacle. Lieu : Montpellier, Place de la Comédie - Montpellier 34000. Date de début : 2026-05-09T18:45:00+00:00. Date de fin : 2026-05-10T17:15:00+00:00. Mots-clés : ['rencontre', 'échange', 'jeunesse', 'opéra']."
ATELIER D’INITIATION AU CINÉMA BRAND A PART / LA PRINCESSE ET LE ROSSIGNOL,SAMEDI 18 OCTOBRE | 14H00-17H30 | 6-8 ANS,Montpellier,"2, rue Marcellin Albert, Montpellier",2025-10-18T12:00:00+00:00,2025-10-18T15:30:00+00:00,"['cinema nestor burma', 'LA PRINCESSE ET LE ROSSIGNOL', 'brand a part']","Titre : ATELIER D’INITIATION AU CINÉMA BRAND A PART / LA PRINCESSE ET LE ROSSIGNOL. Description : SAMEDI 18 OCTOBRE | 14H00-17H30 | 6-8 ANS. Lieu : Montpellier, 2, rue Marcellin Albert, Montpellier. Date de début : 2025-10-18T12:00:00+00:00. Date de fin : 2025-10-18T15:30:00+00:00. Mots-clés : ['cinema nestor burma', 'LA PRINCESSE ET LE ROSSIGNOL', 'brand a part']."
CINÉ-CONCERT - ANNIVERSAIRE 20 ANS CINÉ-RELAX / LA PRINCESSE ET LE ROSSIGNOL,DIMANCHE 12 OCTOBRE À 14H - CINÉ-CONCERT - ANNIVERSAIRE 20 ANS CINÉ-RELAX,Montpellier,"2, rue Marcellin Albert, Montpellier",2025-10-14T12:00:00+00:00,2025-10-14T14:00:00+00:00,"['cinéma Nestor Burma', 'CINÉ-RELAX', 'ANNIVERSAIRE 20 ANS', 'LA PRINCESSE ET LE ROSSIGNOL', 'P. Jadoul', 'R. Durin', 'P. Hecquet', 'A. Demuynck']","Titre : CINÉ-CONCERT - ANNIVERSAIRE 20 ANS CINÉ-RELAX / LA PRINCESSE ET LE ROSSIGNOL. Description : DIMANCHE 12 OCTOBRE À 14H - CINÉ-CONCERT - ANNIVERSAIRE 20 ANS CINÉ-RELAX. Lieu : Montpellier, 2, rue Marcellin Albert, Montpellier. Date de début : 2025-10-14T12:00:00+00:00. Date de fin : 2025-10-14T14:00:00+00:00. Mots-clés : ['cinéma Nestor Burma', 'CINÉ-RELAX', 'ANNIVERSAIRE 20 ANS', 'LA PRINCESSE ET LE ROSSIGNOL', 'P. Jadoul', 'R. Durin', 'P. Hecquet', 'A. Demuynck']."
Rencontre à la découverte de la paléontologie - MARY ANNING,Dimanche 5 octobre à 14h15 et Mercredi 8 octobre à 14h,Montpellier,"2, rue Marcellin Albert, Montpellier",2025-10-05T12:15:00+00:00,2025-10-08T14:00:00+00:00,"['cinéma Nestor Burma', 'Mary Anning', 'Marcel Barelli', 'Rodolphe Tabuce', 'Rencontre à la découverte de la paléontologie !']","Titre : Rencontre à la découverte de la paléontologie - MARY ANNING. Description : Dimanche 5 octobre à 14h15 et Mercredi 8 octobre à 14h. Lieu : Montpellier, 2, rue Marcellin Albert, Montpellier. Date de début : 2025-10-05T12:15:00+00:00. Date de fin : 2025-10-08T14:00:00+00:00. Mots-clés : ['cinéma Nestor Burma', 'Mary Anning', 'Marcel Barelli', 'Rodolphe Tabuce', 'Rencontre à la découverte de la paléontologie !']."
Découvrez les métiers du social et du médico-social : des rencontres et des opportunités pour vous !,Vous cherchez un métier qui a du sens Vous voulez en savoir plus sur les métiers du social et du médico-social Ce forum sera l'occasion d'explorer la richesse des parcours proposés par les différents,Montpellier,34080 Montpellier,2026-05-13T07:30:00+00:00,2026-05-13T15:00:00+00:00,"['Métiers du Prendre soin', 'Recrutement', 'Découverte formation', 'Découverte secteur / métier']","Titre : Découvrez les métiers du social et du médico-social : des rencontres et des opportunités pour vous !. Description : Vous cherchez un métier qui a du sens Vous voulez en savoir plus sur les métiers du social et du médico-social Ce forum sera l'occasion d'explorer la richesse des parcours proposés par les différents. Lieu : Montpellier, 34080 Montpellier. Date de début : 2026-05-13T07:30:00+00:00. Date de fin : 2026-05-13T15:00:00+00:00. Mots-clés : ['Métiers du Prendre soin', 'Recrutement', 'Découverte formation', 'Découverte secteur / métier']."
Réunion d'information collective avec la CARSAT,Réunion d'information organisée par France travail et la CARSAT à destination des demandeurs d'emploi de 60 ans et plus.,Montpellier,34080 Montpellier,2026-01-28T09:00:00+00:00,2026-01-28T11:00:00+00:00,"['Mobilisation 50 ans et plus', ""S'informer""]","Titre : Réunion d'information collective avec la CARSAT. Description : Réunion d'information organisée par France travail et la CARSAT à destination des demandeurs d'emploi de 60 ans et plus.. Lieu : Montpellier, 34080 Montpellier. Date de début : 2026-01-28T09:00:00+00:00. Date de fin : 2026-01-28T11:00:00+00:00. Mots-clés : ['Mobilisation 50 ans et plus', ""S'informer""]."
Les rencontres de la création avec AXENTS,"Vous avez une idée, besoin de conseils ? Depuis 1995, AXENTS favorise l'émergence de projets et le développement de la création d'entreprise dans le département de l'Hérault.",Montpellier,34080 Montpellier,2026-03-04T08:30:00+00:00,2026-03-04T09:00:00+00:00,"[""Création d'entreprise""]","Titre : Les rencontres de la création avec AXENTS. Description : Vous avez une idée, besoin de conseils ? Depuis 1995, AXENTS favorise l'émergence de projets et le développement de la création d'entreprise dans le département de l'Hérault.. Lieu : Montpellier, 34080 Montpellier. Date de début : 2026-03-04T08:30:00+00:00. Date de fin : 2026-03-04T09:00:00+00:00. Mots-clés : [""Création d'entreprise""]."
Les rencontres de la création avec Citéslab/BGE,"Venez préparer votre création d'entreprise, et poser vos questions. 30 minutes de rencontre en individuel, pour avancer sur votre projet, avec le sourire.",Montpellier,34080 Montpellier,2026-04-01T07:00:00+00:00,2026-04-01T07:30:00+00:00,"[""La semaine de la création et reprise d'entreprise - ReStart"", ""Création d'entreprise""]","Titre : Les rencontres de la création avec Citéslab/BGE. Description : Venez préparer votre création d'entreprise, et poser vos questions. 30 minutes de rencontre en individuel, pour avancer sur votre projet, avec le sourire.. Lieu : Montpellier, 34080 Montpellier. Date de début : 2026-04-01T07:00:00+00:00. Date de fin : 2026-04-01T07:30:00+00:00. Mots-clés : [""La semaine de la création et reprise d'entreprise - ReStart"", ""Création d'entreprise""]."
Les rencontres de la création avec AXENTS,"Vous avez une idée, besoin de conseils ? Depuis 1995, AXENTS favorise l'émergence de projets et le développement de la création d'entreprise dans le département de l'Hérault.",Montpellier,34080 Montpellier,2026-04-29T08:00:00+00:00,2026-04-29T08:30:00+00:00,"[""La semaine de la création et reprise d'entreprise - ReStart"", ""Création d'entreprise""]","Titre : Les rencontres de la création avec AXENTS. Description : Vous avez une idée, besoin de conseils ? Depuis 1995, AXENTS favorise l'émergence de projets et le développement de la création d'entreprise dans le département de l'Hérault.. Lieu : Montpellier, 34080 Montpellier. Date de début : 2026-04-29T08:00:00+00:00. Date de fin : 2026-04-29T08:30:00+00:00. Mots-clés : [""La semaine de la création et reprise d'entreprise - ReStart"", ""Création d'entreprise""]."
Les rencontres de la création avec ADIE,"Rencontre avec ADIE : L'Adie, c'est l'association qui finance votre entreprise et vous accompagne tout au long de votre projet. Un crédit et des conseils pour me lancer.",Montpellier,34080 Montpellier,2026-05-06T09:30:00+00:00,2026-05-06T10:00:00+00:00,"['Se préparer', ""Création d'entreprise""]","Titre : Les rencontres de la création avec ADIE. Description : Rencontre avec ADIE : L'Adie, c'est l'association qui finance votre entreprise et vous accompagne tout au long de votre projet. Un crédit et des conseils pour me lancer.. Lieu : Montpellier, 34080 Montpellier. Date de début : 2026-05-06T09:30:00+00:00. Date de fin : 2026-05-06T10:00:00+00:00. Mots-clés : ['Se préparer', ""Création d'entreprise""]."
Rdv CitésLab - Création d'entreprise,"Venez préparer votre création d'entreprise, et poser vos questions. 30 minutes de rencontre en individuel, pour avancer sur votre projet, avec le sourire.",Montpellier,34080 Montpellier,2026-04-20T08:00:00+00:00,2026-04-20T08:30:00+00:00,"[""Création d'entreprise""]","Titre : Rdv CitésLab - Création d'entreprise. Description : Venez préparer votre création d'entreprise, et poser vos questions. 30 minutes de rencontre en individuel, pour avancer sur votre projet, avec le sourire.. Lieu : Montpellier, 34080 Montpellier. Date de début : 2026-04-20T08:00:00+00:00. Date de fin : 2026-04-20T08:30:00+00:00. Mots-clés : [""Création d'entreprise""]."
JOB DATING ALTERNANCE,Nous vous attendons Salle Des Rencontres à l'Hôtel de ville de Montpellier - Tram : Georges Frêche Viens rencontrer ton futur employeur lors d'un JOB DATING Alternance Tu as fait tous les salons ?,Montpellier,34070 Montpellier,2026-04-15T07:30:00+00:00,2026-04-15T14:00:00+00:00,"['TaskForceEntreprise', 'L alternance', ""S'informer"", 'Recrutement', 'Marché du travail']","Titre : JOB DATING ALTERNANCE. Description : Nous vous attendons Salle Des Rencontres à l'Hôtel de ville de Montpellier - Tram : Georges Frêche Viens rencontrer ton futur employeur lors d'un JOB DATING Alternance Tu as fait tous les salons ?. Lieu : Montpellier, 34070 Montpellier. Date de début : 2026-04-15T07:30:00+00:00. Date de fin : 2026-04-15T14:00:00+00:00. Mots-clés : ['TaskForceEntreprise', 'L alternance', ""S'informer"", 'Recrutement', 'Marché du travail']."
Dynamique emploi : faire le point et passer à l'action,Participez à un atelier collectif dynamique pour faire le point sur votre situation professionnelle et relancer votre recherche d'emploi.,Montpellier,34080 Montpellier,2026-04-21T12:00:00+00:00,2026-04-21T14:00:00+00:00,"['Se préparer', 'Marché du travail', ""S'informer"", 'Les outils du numérique']","Titre : Dynamique emploi : faire le point et passer à l'action. Description : Participez à un atelier collectif dynamique pour faire le point sur votre situation professionnelle et relancer votre recherche d'emploi.. Lieu : Montpellier, 34080 Montpellier. Date de début : 2026-04-21T12:00:00+00:00. Date de fin : 2026-04-21T14:00:00+00:00. Mots-clés : ['Se préparer', 'Marché du travail', ""S'informer"", 'Les outils du numérique']."
BOOST' VOTRE CANDIDATURE : Rencontre avec l'Apije !,"Vous souhaitez donner une nouvelle impulsion à votre parcours ? Votre agence de Montpellier Cévennes vous invite à rencontrer Mme Olivia PIERI, experte en recrutement pour l'association Apije.",Montpellier,34080 Montpellier,2026-05-21T08:10:00+00:00,2026-05-21T08:20:00+00:00,"['Insertion', 'Recrutement']","Titre : BOOST' VOTRE CANDIDATURE : Rencontre avec l'Apije !. Description : Vous souhaitez donner une nouvelle impulsion à votre parcours ? Votre agence de Montpellier Cévennes vous invite à rencontrer Mme Olivia PIERI, experte en recrutement pour l'association Apije.. Lieu : Montpellier, 34080 Montpellier. Date de début : 2026-05-21T08:10:00+00:00. Date de fin : 2026-05-21T08:20:00+00:00. Mots-clés : ['Insertion', 'Recrutement']."
*** Rencontre avec un Conseiller Entreprise SERVICE A LA PERSONNE***,Vous êtes disponible? Vous recherchez un emploi dans le service à la personne et avez votre CV à jour dans votre espace personnel?,Montpellier,34080 Montpellier,2026-07-21T07:00:00+00:00,2026-07-21T10:00:00+00:00,"['Marché du travail', 'Recrutement', ""S'informer""]","Titre : *** Rencontre avec un Conseiller Entreprise SERVICE A LA PERSONNE***. Description : Vous êtes disponible? Vous recherchez un emploi dans le service à la personne et avez votre CV à jour dans votre espace personnel?. Lieu : Montpellier, 34080 Montpellier. Date de début : 2026-07-21T07:00:00+00:00. Date de fin : 2026-07-21T10:00:00+00:00. Mots-clés : ['Marché du travail', 'Recrutement', ""S'informer""]."
Rdv CitésLab - Création d'entreprise,"Venez préparer votre création d'entreprise, et poser vos questions. 30 minutes de rencontre en individuel, pour avancer sur votre projet, avec le sourire.",Montpellier,34080 Montpellier,2026-05-11T09:00:00+00:00,2026-05-11T09:30:00+00:00,"[""Création d'entreprise""]","Titre : Rdv CitésLab - Création d'entreprise. Description : Venez préparer votre création d'entreprise, et poser vos questions. 30 minutes de rencontre en individuel, pour avancer sur votre projet, avec le sourire.. Lieu : Montpellier, 34080 Montpellier. Date de début : 2026-05-11T09:00:00+00:00. Date de fin : 2026-05-11T09:30:00+00:00. Mots-clés : [""Création d'entreprise""]."
"André Ravéreau, leçons d’architecture","Une exposition, une table ronde et un séminaire sont dédiés à l'héritage de l'architecte André Ravéreau",Montpellier,179 rue de l'espérou,2026-03-24T12:30:00+00:00,2026-03-24T18:30:00+00:00,"['architecture vernaculaire', 'exposition', 'table ronde', 'séminaire']","Titre : André Ravéreau, leçons d’architecture. Description : Une exposition, une table ronde et un séminaire sont dédiés à l'héritage de l'architecte André Ravéreau. Lieu : Montpellier, 179 rue de l'espérou. Date de début : 2026-03-24T12:30:00+00:00. Date de fin : 2026-03-24T18:30:00+00:00. Mots-clés : ['architecture vernaculaire', 'exposition', 'table ronde', 'séminaire']."
atelier DUODAY: emploi et handicap,"Vous êtes en situation de handicap et en recherche d’emploi, en reconversion professionnelle ou simplement curieux.se de découvrir un métier ou une entreprise?Passez une journée en immersion dans ...",Montpellier,34080 Montpellier,2025-09-22T12:00:00+00:00,2025-09-22T14:00:00+00:00,"[""Réunion d'information"", 'La semaine du handicap', 'Insertion', 'Se préparer', ""Aides à l'emploi"", ""S'informer"", 'Découverte secteur / métier', 'Personnes en situation de handicap', 'en physique']","Titre : atelier DUODAY: emploi et handicap. Description : Vous êtes en situation de handicap et en recherche d’emploi, en reconversion professionnelle ou simplement curieux.se de découvrir un métier ou une entreprise?Passez une journée en immersion dans .... Lieu : Montpellier, 34080 Montpellier. Date de début : 2025-09-22T12:00:00+00:00. Date de fin : 2025-09-22T14:00:00+00:00. Mots-clés : [""Réunion d'information"", 'La semaine du handicap', 'Insertion', 'Se préparer', ""Aides à l'emploi"", ""S'informer"", 'Découverte secteur / métier', 'Personnes en situation de handicap', 'en physique']."
Les rencontres de la création avec CitésLab,"Rencontre avec CitésLab CitésLab – Révélateurs de Talents, ce sont d’abord des hommes et des femmes de terrain – les chefs de projets CitésLab.Les chefs de projets CitésLab rencontrent et révèlent les",Montpellier,34080 Montpellier,2025-08-18T07:00:00+00:00,2025-08-18T07:30:00+00:00,"['Se préparer', ""Création d'entreprise""]","Titre : Les rencontres de la création avec CitésLab. Description : Rencontre avec CitésLab CitésLab – Révélateurs de Talents, ce sont d’abord des hommes et des femmes de terrain – les chefs de projets CitésLab.Les chefs de projets CitésLab rencontrent et révèlent les. Lieu : Montpellier, 34080 Montpellier. Date de début : 2025-08-18T07:00:00+00:00. Date de fin : 2025-08-18T07:30:00+00:00. Mots-clés : ['Se préparer', ""Création d'entreprise""]."
Programmer un jeu vidéo [logiciel G-Develop],Initiez-vous à la création de jeux vidéo sans avoir besoin de coder !,Montpellier,218 boulevard de l'Aéroport International 34000 Montpellier,2025-10-04T13:30:00+00:00,2025-10-04T15:00:00+00:00,,"Titre : Programmer un jeu vidéo [logiciel G-Develop]. Description : Initiez-vous à la création de jeux vidéo sans avoir besoin de coder !. Lieu : Montpellier, 218 boulevard de l'Aéroport International 34000 Montpellier. Date de début : 2025-10-04T13:30:00+00:00. Date de fin : 2025-10-04T15:00:00+00:00. Mots-clés : None."
TRIUM VIRAL,Tant que les lapins n'auront pas d'historiens...,Montpellier,"Figuerolles, Montpellier",2026-06-28T18:00:00+00:00,2026-06-28T19:00:00+00:00,"['viviana alloco', 'elisabeth gavalda', 'tiziana valentini', 'trium viral']","Titre : TRIUM VIRAL. Description : Tant que les lapins n'auront pas d'historiens.... Lieu : Montpellier, Figuerolles, Montpellier. Date de début : 2026-06-28T18:00:00+00:00. Date de fin : 2026-06-28T19:00:00+00:00. Mots-clés : ['viviana alloco', 'elisabeth gavalda', 'tiziana valentini', 'trium viral']."
Concert Mind Erasers • Rock and Blues • The Black Keys,Fête de la musique 2025,Montpellier,place Henri Krasucki 34090,2025-06-21T18:30:00+00:00,2025-06-21T20:30:00+00:00,,"Titre : Concert Mind Erasers • Rock and Blues • The Black Keys. Description : Fête de la musique 2025. Lieu : Montpellier, place Henri Krasucki 34090. Date de début : 2025-06-21T18:30:00+00:00. Date de fin : 2025-06-21T20:30:00+00:00. Mots-clés : None."
Smart City - Visite exclusive du chantier du CAMPUS ANIMA avec Eiffage Construction !,Description : vous êtes passionnée par le monde de la construction et de l'ingénierie ? venez découvrir les coulisses du chantier du campus anima avec eiffage construction ! à l'occasion de la semain…,Montpellier,34000 Montpellier,2025-11-20T13:00:00+00:00,2025-11-20T15:00:00+00:00,"[""Description\xa0: vous êtes passionnée par le monde de la construction et de l'ingénierie\xa0? venez découvrir les coulisses du chantier du campus anima avec eiffage construction\xa0! à l'occasion de la semain…"", 'xls2410']","Titre : Smart City - Visite exclusive du chantier du CAMPUS ANIMA avec Eiffage Construction !. Description : Description : vous êtes passionnée par le monde de la construction et de l'ingénierie ? venez découvrir les coulisses du chantier du campus anima avec eiffage construction ! à l'occasion de la semain…. Lieu : Montpellier, 34000 Montpellier. Date de début : 2025-11-20T13:00:00+00:00. Date de fin : 2025-11-20T15:00:00+00:00. Mots-clés : [""Description\xa0: vous êtes passionnée par le monde de la construction et de l'ingénierie\xa0? venez découvrir les coulisses du chantier du campus anima avec eiffage construction\xa0! à l'occasion de la semain…"", 'xls2410']."
Jeu sur la décarbonation,"Envie de relever le défi de la décarbonation? à l'occasion de la semaine de l'industrie, plongez dans l'univers de slb à travers un grand jeu de plateau inédit, conçu par l'un de nos collaborateurs.e…",Montpellier,"895 rue de la Vieille Poste, 34000 Montpellier",2025-11-18T08:00:00+00:00,2025-11-18T12:30:00+00:00,"[""Envie de relever le défi de la décarbonation? à l'occasion de la semaine de l'industrie"", ""plongez dans l'univers de slb à travers un grand jeu de plateau inédit"", ""conçu par l'un de nos collaborateurs.e…"", 'xls2410']","Titre : Jeu sur la décarbonation. Description : Envie de relever le défi de la décarbonation? à l'occasion de la semaine de l'industrie, plongez dans l'univers de slb à travers un grand jeu de plateau inédit, conçu par l'un de nos collaborateurs.e…. Lieu : Montpellier, 895 rue de la Vieille Poste, 34000 Montpellier. Date de début : 2025-11-18T08:00:00+00:00. Date de fin : 2025-11-18T12:30:00+00:00. Mots-clés : [""Envie de relever le défi de la décarbonation? à l'occasion de la semaine de l'industrie"", ""plongez dans l'univers de slb à travers un grand jeu de plateau inédit"", ""conçu par l'un de nos collaborateurs.e…"", 'xls2410']."
Forum AFDET,"En partenariat avec l'AFDET, 3e édition avec plus de 35 établissements scolaires accueillis l’an dernier L’objectif ? Mettre les jeunes en contact direct avec le monde pro.",Montpellier,Montpellier,2025-11-13T07:00:00+00:00,2025-11-13T15:30:00+00:00,,"Titre : Forum AFDET. Description : En partenariat avec l'AFDET, 3e édition avec plus de 35 établissements scolaires accueillis l’an dernier L’objectif ? Mettre les jeunes en contact direct avec le monde pro.. Lieu : Montpellier, Montpellier. Date de début : 2025-11-13T07:00:00+00:00. Date de fin : 2025-11-13T15:30:00+00:00. Mots-clés : None."
Qui Vive !,Saison Méditerranée 2026,Montpellier,"3 Rue Nozeran, 34000 Montpellier",2026-10-10T14:00:00+00:00,2026-10-10T19:00:00+00:00,,"Titre : Qui Vive !. Description : Saison Méditerranée 2026. Lieu : Montpellier, 3 Rue Nozeran, 34000 Montpellier. Date de début : 2026-10-10T14:00:00+00:00. Date de fin : 2026-10-10T19:00:00+00:00. Mots-clés : None."
Stop Calling Beirut,Saison Méditerranée 2026,Montpellier,"155 Rue de Bologne, 34080 Montpellier",2026-10-13T18:00:00+00:00,2026-10-14T19:00:00+00:00,,"Titre : Stop Calling Beirut. Description : Saison Méditerranée 2026. Lieu : Montpellier, 155 Rue de Bologne, 34080 Montpellier. Date de début : 2026-10-13T18:00:00+00:00. Date de fin : 2026-10-14T19:00:00+00:00. Mots-clés : None."
Café IA - Comment intégrer l’IA dans nos outils du quotidien ?,"Les Cafés IA sont des moments conviviaux, ouverts aux dirigeants, managers et équipes de TPE/PME, pour démystifier l’intelligence artificielle.",Montpellier,1350 Avenue Albert Einstein,2025-09-25T09:00:00+00:00,2025-09-25T10:30:00+00:00,"['IA', 'intelligence artificielle', 'innovation', 'ateliers', 'opportunités', 'entreprise', 'transformation digitale', 'outils numériques', 'Montpellier']","Titre : Café IA - Comment intégrer l’IA dans nos outils du quotidien ?. Description : Les Cafés IA sont des moments conviviaux, ouverts aux dirigeants, managers et équipes de TPE/PME, pour démystifier l’intelligence artificielle.. Lieu : Montpellier, 1350 Avenue Albert Einstein. Date de début : 2025-09-25T09:00:00+00:00. Date de fin : 2025-09-25T10:30:00+00:00. Mots-clés : ['IA', 'intelligence artificielle', 'innovation', 'ateliers', 'opportunités', 'entreprise', 'transformation digitale', 'outils numériques', 'Montpellier']."
𝗔𝗩𝗔𝗡𝗧-𝗣𝗥𝗘𝗠𝗜𝗘̀𝗥𝗘 𝗖𝗢𝗨𝗣 𝗗𝗘 𝗖Œ𝗨𝗥 𝗦𝗨𝗥𝗣𝗥𝗜𝗦𝗘 𝗔𝗙𝗖𝗔𝗘,Le cinéma Nestor Burma fait partie de l’ASSOCIATION FRANÇAISE DES CINEMAS ART ET D’ESSAI (AFCAE).,Montpellier,"2, rue Marcellin Albert, Montpellier",2025-05-06T18:30:00+00:00,2025-05-06T20:00:00+00:00,"['CINEMA NESTOR BURMA', 'Coup de coeur afcae', 'avant-première', 'AFCAE']","Titre : 𝗔𝗩𝗔𝗡𝗧-𝗣𝗥𝗘𝗠𝗜𝗘̀𝗥𝗘 𝗖𝗢𝗨𝗣 𝗗𝗘 𝗖Œ𝗨𝗥 𝗦𝗨𝗥𝗣𝗥𝗜𝗦𝗘 𝗔𝗙𝗖𝗔𝗘. Description : Le cinéma Nestor Burma fait partie de l’ASSOCIATION FRANÇAISE DES CINEMAS ART ET D’ESSAI (AFCAE).. Lieu : Montpellier, 2, rue Marcellin Albert, Montpellier. Date de début : 2025-05-06T18:30:00+00:00. Date de fin : 2025-05-06T20:00:00+00:00. Mots-clés : ['CINEMA NESTOR BURMA', 'Coup de coeur afcae', 'avant-première', 'AFCAE']."
JOURNÉE MONDIALE DU MIGRANT ET DU RÉFUGIÉ / L’ÉTÉ DE JAHIA,Jeudi 16 octobre à 18H30 CINÉ-RENCONTRE À L’OCCASION DE LA JOURNÉE MONDIALE DU MIGRANT ET DU RÉFUGIÉ EN PARTENARIAT AVEC PAX CHRISTI MONTPELLIER,Montpellier,"2, rue Marcellin Albert, Montpellier",2025-10-16T16:30:00+00:00,2025-10-16T18:30:00+00:00,"['Cinéma Nestor Burma', 'Montpellier', 'L’Été de Jahia', 'Journée Mondiale du Migrant et du Réfugié', 'Pax Christi Montpellier', 'Olivier Meys']","Titre : JOURNÉE MONDIALE DU MIGRANT ET DU RÉFUGIÉ / L’ÉTÉ DE JAHIA. Description : Jeudi 16 octobre à 18H30 CINÉ-RENCONTRE À L’OCCASION DE LA JOURNÉE MONDIALE DU MIGRANT ET DU RÉFUGIÉ EN PARTENARIAT AVEC PAX CHRISTI MONTPELLIER. Lieu : Montpellier, 2, rue Marcellin Albert, Montpellier. Date de début : 2025-10-16T16:30:00+00:00. Date de fin : 2025-10-16T18:30:00+00:00. Mots-clés : ['Cinéma Nestor Burma', 'Montpellier', 'L’Été de Jahia', 'Journée Mondiale du Migrant et du Réfugié', 'Pax Christi Montpellier', 'Olivier Meys']."
CINEMED 2025 / LES MONSTRES - Rétro Dino Risi,jeudi 23 octobre à 11h20,Montpellier,"2, rue Marcellin Albert, Montpellier",2025-10-23T09:20:00+00:00,2025-10-23T11:30:00+00:00,"['Cinéma Nestor Burma', 'DINO RISI', 'CINEMED', 'RÉTROSPECTIVE DINO RISI Festival CINEMED 2025', 'LES MONSTRES']","Titre : CINEMED 2025 / LES MONSTRES - Rétro Dino Risi. Description : jeudi 23 octobre à 11h20. Lieu : Montpellier, 2, rue Marcellin Albert, Montpellier. Date de début : 2025-10-23T09:20:00+00:00. Date de fin : 2025-10-23T11:30:00+00:00. Mots-clés : ['Cinéma Nestor Burma', 'DINO RISI', 'CINEMED', 'RÉTROSPECTIVE DINO RISI Festival CINEMED 2025', 'LES MONSTRES']."
Mon Grand Frère et Moi de Ryōta Nakano,Avant-première,Montpellier,"5, rue de Verdun, Montpellier",2026-01-28T18:30:00+00:00,2026-01-28T21:30:00+00:00,"['Diagonal-Capitole', 'Mon Grand Frère et Moi de Ryōta Nakano']","Titre : Mon Grand Frère et Moi de Ryōta Nakano. Description : Avant-première. Lieu : Montpellier, 5, rue de Verdun, Montpellier. Date de début : 2026-01-28T18:30:00+00:00. Date de fin : 2026-01-28T21:30:00+00:00. Mots-clés : ['Diagonal-Capitole', 'Mon Grand Frère et Moi de Ryōta Nakano']."
Europe 51 de Roberto Rossellini,Séance unique,Montpellier,"5, rue de Verdun, Montpellier",2026-03-09T12:30:00+00:00,2026-03-09T15:30:00+00:00,"['Diagonal-Capitole', 'Europe 51 de Roberto Rossellini']","Titre : Europe 51 de Roberto Rossellini. Description : Séance unique. Lieu : Montpellier, 5, rue de Verdun, Montpellier. Date de début : 2026-03-09T12:30:00+00:00. Date de fin : 2026-03-09T15:30:00+00:00. Mots-clés : ['Diagonal-Capitole', 'Europe 51 de Roberto Rossellini']."
BOOST' VOTRE CANDIDATURE : Rencontre avec l'Apije !,"Vous souhaitez donner une nouvelle impulsion à votre parcours ? Votre agence de Montpellier Cévennes vous invite à rencontrer Mme Olivia PIERI, experte en recrutement pour l'association Apije.",Montpellier,34080 Montpellier,2026-05-21T09:30:00+00:00,2026-05-21T09:40:00+00:00,"['Recrutement', 'Insertion']","Titre : BOOST' VOTRE CANDIDATURE : Rencontre avec l'Apije !. Description : Vous souhaitez donner une nouvelle impulsion à votre parcours ? Votre agence de Montpellier Cévennes vous invite à rencontrer Mme Olivia PIERI, experte en recrutement pour l'association Apije.. Lieu : Montpellier, 34080 Montpellier. Date de début : 2026-05-21T09:30:00+00:00. Date de fin : 2026-05-21T09:40:00+00:00. Mots-clés : ['Recrutement', 'Insertion']."
"Les Armées recrutent dans tous les métiers, avec ou sans diplôme : venez les rencontrer !",Rejoignez les Forces Armées Françaises et découvrez une multitude de carrières passionnantes !,Montpellier,34080 Montpellier,2026-05-13T08:00:00+00:00,2026-05-13T10:00:00+00:00,"['#TousMobilisés', 'Découverte secteur / métier', 'Découverte formation', ""S'informer""]","Titre : Les Armées recrutent dans tous les métiers, avec ou sans diplôme : venez les rencontrer !. Description : Rejoignez les Forces Armées Françaises et découvrez une multitude de carrières passionnantes !. Lieu : Montpellier, 34080 Montpellier. Date de début : 2026-05-13T08:00:00+00:00. Date de fin : 2026-05-13T10:00:00+00:00. Mots-clés : ['#TousMobilisés', 'Découverte secteur / métier', 'Découverte formation', ""S'informer""]."
*** Rencontre avec un Conseiller Entreprise SERVICE A LA PERSONNE***,Vous êtes disponible? Vous recherchez un emploi dans le service à la personne et avez votre CV à jour dans votre espace personnel?,Montpellier,34080 Montpellier,2026-06-16T07:00:00+00:00,2026-06-16T10:00:00+00:00,"['Marché du travail', ""S'informer"", 'Recrutement']","Titre : *** Rencontre avec un Conseiller Entreprise SERVICE A LA PERSONNE***. Description : Vous êtes disponible? Vous recherchez un emploi dans le service à la personne et avez votre CV à jour dans votre espace personnel?. Lieu : Montpellier, 34080 Montpellier. Date de début : 2026-06-16T07:00:00+00:00. Date de fin : 2026-06-16T10:00:00+00:00. Mots-clés : ['Marché du travail', ""S'informer"", 'Recrutement']."
"Visitez Archicity - La Chapelle, agence Maguelone Vidal Architectures",🏛️ Visite des bureaux de Maguelone Vidal Architectures,Montpellier,"6 Rue des Carmélites, 34090 Montpellier",2025-09-20T08:00:00+00:00,2025-09-20T10:00:00+00:00,,"Titre : Visitez Archicity - La Chapelle, agence Maguelone Vidal Architectures. Description : 🏛️ Visite des bureaux de Maguelone Vidal Architectures. Lieu : Montpellier, 6 Rue des Carmélites, 34090 Montpellier. Date de début : 2025-09-20T08:00:00+00:00. Date de fin : 2025-09-20T10:00:00+00:00. Mots-clés : None."
Escape game « Percez le secret d'un contrôle des magistrats financiers »,Escape game : « Percez les secrets d’un contrôle des magistrats financiers »,Montpellier,500 avenue des Etats du Languedoc 34064 Montpellier,2025-09-20T07:00:00+00:00,2025-09-20T15:00:00+00:00,,"Titre : Escape game « Percez le secret d'un contrôle des magistrats financiers ». Description : Escape game : « Percez les secrets d’un contrôle des magistrats financiers ». Lieu : Montpellier, 500 avenue des Etats du Languedoc 34064 Montpellier. Date de début : 2025-09-20T07:00:00+00:00. Date de fin : 2025-09-20T15:00:00+00:00. Mots-clés : None."
Danse de bal 1900 en costume d’époque,Invitation à la danse,Montpellier,"Esplanade Charles de Gaulle, 34000 Montpellier, France",2025-09-21T09:00:00+00:00,2025-09-21T13:30:00+00:00,,"Titre : Danse de bal 1900 en costume d’époque. Description : Invitation à la danse. Lieu : Montpellier, Esplanade Charles de Gaulle, 34000 Montpellier, France. Date de début : 2025-09-21T09:00:00+00:00. Date de fin : 2025-09-21T13:30:00+00:00. Mots-clés : None."
Visite de l'hôtel Haguenot,"« Folie » montpelliéraine autrefois hors les murs, l’hôtel Haguenot a été construit entre 1751 et 1760 par Jean-Antoine Giral, futur architecte de la Promenade Royale du Peyrou, pour Henri Haguenot, …",Montpellier,"3 rue Clapiés, 34000 Montpellier",2025-09-21T12:00:00+00:00,2025-09-21T16:00:00+00:00,,"Titre : Visite de l'hôtel Haguenot. Description : « Folie » montpelliéraine autrefois hors les murs, l’hôtel Haguenot a été construit entre 1751 et 1760 par Jean-Antoine Giral, futur architecte de la Promenade Royale du Peyrou, pour Henri Haguenot, …. Lieu : Montpellier, 3 rue Clapiés, 34000 Montpellier. Date de début : 2025-09-21T12:00:00+00:00. Date de fin : 2025-09-21T16:00:00+00:00. Mots-clés : None."
Les rencontres de la création avec Axents,Axents Montpellier propose accompagnement et formation à la création/reprise d'entreprise,Montpellier,34080 Montpellier,2025-10-01T07:30:00+00:00,2025-10-01T08:00:00+00:00,"['Atelier', 'Se préparer', ""Création d'entreprise"", 'Tout public', 'en physique']","Titre : Les rencontres de la création avec Axents. Description : Axents Montpellier propose accompagnement et formation à la création/reprise d'entreprise. Lieu : Montpellier, 34080 Montpellier. Date de début : 2025-10-01T07:30:00+00:00. Date de fin : 2025-10-01T08:00:00+00:00. Mots-clés : ['Atelier', 'Se préparer', ""Création d'entreprise"", 'Tout public', 'en physique']."
Les rencontres de la création avec CitésLab,"Rencontre avec CitésLab CitésLab - Révélateurs de Talents, ce sont d'abord des hommes et des femmes de terrain - les chefs de projets CitésLab.",Montpellier,34080 Montpellier,2025-10-22T07:30:00+00:00,2025-10-22T08:00:00+00:00,"['Se préparer', ""Création d'entreprise""]","Titre : Les rencontres de la création avec CitésLab. Description : Rencontre avec CitésLab CitésLab - Révélateurs de Talents, ce sont d'abord des hommes et des femmes de terrain - les chefs de projets CitésLab.. Lieu : Montpellier, 34080 Montpellier. Date de début : 2025-10-22T07:30:00+00:00. Date de fin : 2025-10-22T08:00:00+00:00. Mots-clés : ['Se préparer', ""Création d'entreprise""]."
Les rencontres de la création avec AXENTS,"Vous avez une idée, besoin de conseils ? Depuis 1995, AXENTS favorise l'émergence de projets et le développement de la création d'entreprise dans le département de l'Hérault.",Montpellier,34080 Montpellier,2026-02-11T10:00:00+00:00,2026-02-11T10:30:00+00:00,"[""Création d'entreprise""]","Titre : Les rencontres de la création avec AXENTS. Description : Vous avez une idée, besoin de conseils ? Depuis 1995, AXENTS favorise l'émergence de projets et le développement de la création d'entreprise dans le département de l'Hérault.. Lieu : Montpellier, 34080 Montpellier. Date de début : 2026-02-11T10:00:00+00:00. Date de fin : 2026-02-11T10:30:00+00:00. Mots-clés : [""Création d'entreprise""]."
Escape Game : une découverte ludique des métiers du service à la personne,Participez à un Escape Game original pour découvrir les métiers du service à la personne à l'agence France Travail Montpellier Cévennes.,Montpellier,34080 Montpellier,2026-04-02T07:15:00+00:00,2026-04-02T08:30:00+00:00,"['#TousMobilisés', 'Métiers du Prendre soin', 'Découverte secteur / métier']","Titre : Escape Game : une découverte ludique des métiers du service à la personne. Description : Participez à un Escape Game original pour découvrir les métiers du service à la personne à l'agence France Travail Montpellier Cévennes.. Lieu : Montpellier, 34080 Montpellier. Date de début : 2026-04-02T07:15:00+00:00. Date de fin : 2026-04-02T08:30:00+00:00. Mots-clés : ['#TousMobilisés', 'Métiers du Prendre soin', 'Découverte secteur / métier']."
CAP VERS L'EMPLOI,"Vous êtes un demandeur d'emploi en situation de handicap, en recherche d'emploi TOUS SECTEURS D'ACTIVITE CONFONDUS (mais métier identifié) Merci de venir AVEC UN CV à jour pour le RDV.",Montpellier,34080 Montpellier,2026-04-13T09:00:00+00:00,2026-04-13T09:30:00+00:00,"['Insertion', 'Recrutement', 'Se préparer', ""Aides à l'emploi"", 'Marché du travail', ""S'informer""]","Titre : CAP VERS L'EMPLOI. Description : Vous êtes un demandeur d'emploi en situation de handicap, en recherche d'emploi TOUS SECTEURS D'ACTIVITE CONFONDUS (mais métier identifié) Merci de venir AVEC UN CV à jour pour le RDV.. Lieu : Montpellier, 34080 Montpellier. Date de début : 2026-04-13T09:00:00+00:00. Date de fin : 2026-04-13T09:30:00+00:00. Mots-clés : ['Insertion', 'Recrutement', 'Se préparer', ""Aides à l'emploi"", 'Marché du travail', ""S'informer""]."
Je suis sénior et alors !,"Cadres et recruteurs, ensemble brisons les clichés !",Montpellier,34000 Montpellier,2026-04-16T06:30:00+00:00,2026-04-16T10:30:00+00:00,"['Mobilisation 50 ans et plus', 'Se préparer', 'Marché du travail', ""S'informer""]","Titre : Je suis sénior et alors !. Description : Cadres et recruteurs, ensemble brisons les clichés !. Lieu : Montpellier, 34000 Montpellier. Date de début : 2026-04-16T06:30:00+00:00. Date de fin : 2026-04-16T10:30:00+00:00. Mots-clés : ['Mobilisation 50 ans et plus', 'Se préparer', 'Marché du travail', ""S'informer""]."
LANCER SON ENTREPRISE CULTURELLE ET CREATIVE,"PRESENTATION DE LA FORMATION ""LANCER SON ENTREPRISE CULTURELLE ET CREATIVE"" DU 5 OCTOBRE AU 21 DECEMBRE 2026 DISPENSEE ILLUSION ET MACADAM ET FINANCEE PAR LA REGION.",Montpellier,34080 Montpellier,2026-05-28T09:00:00+00:00,2026-05-28T10:30:00+00:00,"['Le mois de la formation', ""Création d'entreprise""]","Titre : LANCER SON ENTREPRISE CULTURELLE ET CREATIVE. Description : PRESENTATION DE LA FORMATION ""LANCER SON ENTREPRISE CULTURELLE ET CREATIVE"" DU 5 OCTOBRE AU 21 DECEMBRE 2026 DISPENSEE ILLUSION ET MACADAM ET FINANCEE PAR LA REGION.. Lieu : Montpellier, 34080 Montpellier. Date de début : 2026-05-28T09:00:00+00:00. Date de fin : 2026-05-28T10:30:00+00:00. Mots-clés : ['Le mois de la formation', ""Création d'entreprise""]."
Rdv CitésLab - Création d'entreprise,"Venez préparer votre création d'entreprise, et poser vos questions. 30 minutes de rencontre en individuel, pour avancer sur votre projet, avec le sourire.",Montpellier,34080 Montpellier,2025-12-08T08:00:00+00:00,2025-12-08T08:30:00+00:00,"[""Création d'entreprise"", 'Se préparer']","Titre : Rdv CitésLab - Création d'entreprise. Description : Venez préparer votre création d'entreprise, et poser vos questions. 30 minutes de rencontre en individuel, pour avancer sur votre projet, avec le sourire.. Lieu : Montpellier, 34080 Montpellier. Date de début : 2025-12-08T08:00:00+00:00. Date de fin : 2025-12-08T08:30:00+00:00. Mots-clés : [""Création d'entreprise"", 'Se préparer']."
Les rencontres de la création avec AXENTS,"Vous avez une idée, besoin de conseils ? Depuis 1995, AXENTS favorise l'émergence de projets et le développement de la création d'entreprise dans le département de l'Hérault.",Montpellier,34080 Montpellier,2026-01-14T08:00:00+00:00,2026-01-14T08:30:00+00:00,"[""Création d'entreprise""]","Titre : Les rencontres de la création avec AXENTS. Description : Vous avez une idée, besoin de conseils ? Depuis 1995, AXENTS favorise l'émergence de projets et le développement de la création d'entreprise dans le département de l'Hérault.. Lieu : Montpellier, 34080 Montpellier. Date de début : 2026-01-14T08:00:00+00:00. Date de fin : 2026-01-14T08:30:00+00:00. Mots-clés : [""Création d'entreprise""]."
Les rencontres de la création avec ADIE,"Rencontre avec ADIE : L'Adie, c'est l'association qui finance votre entreprise et vous accompagne tout au long de votre projet. Un crédit et des conseils pour me lancer.",Montpellier,34080 Montpellier,2025-12-10T08:30:00+00:00,2025-12-10T09:00:00+00:00,"[""Création d'entreprise"", 'Se préparer']","Titre : Les rencontres de la création avec ADIE. Description : Rencontre avec ADIE : L'Adie, c'est l'association qui finance votre entreprise et vous accompagne tout au long de votre projet. Un crédit et des conseils pour me lancer.. Lieu : Montpellier, 34080 Montpellier. Date de début : 2025-12-10T08:30:00+00:00. Date de fin : 2025-12-10T09:00:00+00:00. Mots-clés : [""Création d'entreprise"", 'Se préparer']."
Concert Vélo-Swing,3 musiciens acoustiques en itinérance entre l'Espagne et l'Italie font escale à Montpellier pour un concert sur une place publique,Montpellier,"Place Max Rouquette, Montpellier",2026-05-10T16:00:00+00:00,2026-05-10T17:00:00+00:00,,"Titre : Concert Vélo-Swing. Description : 3 musiciens acoustiques en itinérance entre l'Espagne et l'Italie font escale à Montpellier pour un concert sur une place publique. Lieu : Montpellier, Place Max Rouquette, Montpellier. Date de début : 2026-05-10T16:00:00+00:00. Date de fin : 2026-05-10T17:00:00+00:00. Mots-clés : None."
"Rencontre inter-associative du RESES : la réparation, pour imaginer un autre modèle économique","LE rendez-vous à ne pas manquer pour rencontrer d’autres étudiant·es engagé·es ! Des jeux d’interconnaissance, du partage d’expériences, un buffet convivial, accompagné·es du Repair Café Montpellier.",Montpellier,6 rue d'Obilion,2025-10-16T16:00:00+00:00,2025-10-16T18:00:00+00:00,"['Réflexion', 'Discussion', 'Echanges', 'Découverte', 'Associatif', 'Etudiant', 'Transition']","Titre : Rencontre inter-associative du RESES : la réparation, pour imaginer un autre modèle économique. Description : LE rendez-vous à ne pas manquer pour rencontrer d’autres étudiant·es engagé·es ! Des jeux d’interconnaissance, du partage d’expériences, un buffet convivial, accompagné·es du Repair Café Montpellier.. Lieu : Montpellier, 6 rue d'Obilion. Date de début : 2025-10-16T16:00:00+00:00. Date de fin : 2025-10-16T18:00:00+00:00. Mots-clés : ['Réflexion', 'Discussion', 'Echanges', 'Découverte', 'Associatif', 'Etudiant', 'Transition']."
Showing Up de Kelly Reichardt,Séance unique,Montpellier,"5, rue de Verdun, Montpellier",2026-02-02T19:00:00+00:00,2026-02-02T22:00:00+00:00,"['Diagonal-Capitole', 'Showing Up de Kelly Reichardt']","Titre : Showing Up de Kelly Reichardt. Description : Séance unique. Lieu : Montpellier, 5, rue de Verdun, Montpellier. Date de début : 2026-02-02T19:00:00+00:00. Date de fin : 2026-02-02T22:00:00+00:00. Mots-clés : ['Diagonal-Capitole', 'Showing Up de Kelly Reichardt']."
BOOST' VOTRE CANDIDATURE : Rencontre avec l'Apije !,"Vous souhaitez donner une nouvelle impulsion à votre parcours ? Votre agence de Montpellier Cévennes vous invite à rencontrer Mme Olivia PIERI, experte en recrutement pour l'association Apije.",Montpellier,34080 Montpellier,2026-05-21T07:20:00+00:00,2026-05-21T07:30:00+00:00,"['Insertion', 'Recrutement']","Titre : BOOST' VOTRE CANDIDATURE : Rencontre avec l'Apije !. Description : Vous souhaitez donner une nouvelle impulsion à votre parcours ? Votre agence de Montpellier Cévennes vous invite à rencontrer Mme Olivia PIERI, experte en recrutement pour l'association Apije.. Lieu : Montpellier, 34080 Montpellier. Date de début : 2026-05-21T07:20:00+00:00. Date de fin : 2026-05-21T07:30:00+00:00. Mots-clés : ['Insertion', 'Recrutement']."
Rdv CitésLab - Création d'entreprise,"Venez préparer votre création d'entreprise, et poser vos questions. 30 minutes de rencontre en individuel, pour avancer sur votre projet, avec le sourire.",Montpellier,34080 Montpellier,2026-05-11T07:00:00+00:00,2026-05-11T07:30:00+00:00,"[""Création d'entreprise""]","Titre : Rdv CitésLab - Création d'entreprise. Description : Venez préparer votre création d'entreprise, et poser vos questions. 30 minutes de rencontre en individuel, pour avancer sur votre projet, avec le sourire.. Lieu : Montpellier, 34080 Montpellier. Date de début : 2026-05-11T07:00:00+00:00. Date de fin : 2026-05-11T07:30:00+00:00. Mots-clés : [""Création d'entreprise""]."
Les rencontres de la création avec CitésLab,"Rencontre avec CitésLab CitésLab – Révélateurs de Talents, ce sont d’abord des hommes et des femmes de terrain – les chefs de projets CitésLab.Les chefs de projets CitésLab rencontrent et révèlent...",Montpellier,34080 Montpellier,2025-10-08T08:00:00+00:00,2025-10-08T08:30:00+00:00,"['Atelier', 'Se préparer', ""Création d'entreprise"", 'Tout public', 'en physique']","Titre : Les rencontres de la création avec CitésLab. Description : Rencontre avec CitésLab CitésLab – Révélateurs de Talents, ce sont d’abord des hommes et des femmes de terrain – les chefs de projets CitésLab.Les chefs de projets CitésLab rencontrent et révèlent.... Lieu : Montpellier, 34080 Montpellier. Date de début : 2025-10-08T08:00:00+00:00. Date de fin : 2025-10-08T08:30:00+00:00. Mots-clés : ['Atelier', 'Se préparer', ""Création d'entreprise"", 'Tout public', 'en physique']."
"Découverte de l'Agora, Cité Internationale de la Danse, couvent des Ursulines","Découverte de l’Agora, Cité Internationale de la Danse 💃",Montpellier,"2 boulevard Louis Blanc, 34000 Montpellier",2025-09-20T08:00:00+00:00,2025-09-20T16:00:00+00:00,,"Titre : Découverte de l'Agora, Cité Internationale de la Danse, couvent des Ursulines. Description : Découverte de l’Agora, Cité Internationale de la Danse 💃. Lieu : Montpellier, 2 boulevard Louis Blanc, 34000 Montpellier. Date de début : 2025-09-20T08:00:00+00:00. Date de fin : 2025-09-20T16:00:00+00:00. Mots-clés : None."
Circuit : « Fabre & the city »,🧭 Parcours interactifs : découvrez l’histoire de la médecine et de l’art à Montpellier !,Montpellier,"39 Boulevard de Bonnes Nouvelles, 34000 Montpellier, France",2025-09-20T09:00:00+00:00,2025-09-21T16:00:00+00:00,,"Titre : Circuit : « Fabre & the city ». Description : 🧭 Parcours interactifs : découvrez l’histoire de la médecine et de l’art à Montpellier !. Lieu : Montpellier, 39 Boulevard de Bonnes Nouvelles, 34000 Montpellier, France. Date de début : 2025-09-20T09:00:00+00:00. Date de fin : 2025-09-21T16:00:00+00:00. Mots-clés : None."
Visite guidée du cimetière protestant de Montpellier,Heurs et malheurs des protestants de Montpellier,Montpellier,1 avenue de Palavas,2025-09-20T08:00:00+00:00,2025-09-21T15:30:00+00:00,,"Titre : Visite guidée du cimetière protestant de Montpellier. Description : Heurs et malheurs des protestants de Montpellier. Lieu : Montpellier, 1 avenue de Palavas. Date de début : 2025-09-20T08:00:00+00:00. Date de fin : 2025-09-21T15:30:00+00:00. Mots-clés : None."
"Visites de l'exposition « Miss.tic : dame de pique, reine de coeur » et de la collection permanente du musée",Plongez dans l'univers passionnant du street art a travers deux expositions !,Montpellier,"425 avenue des Frères Buhler, 34080 Montpellier",2025-09-19T09:00:00+00:00,2025-09-21T17:00:00+00:00,,"Titre : Visites de l'exposition « Miss.tic : dame de pique, reine de coeur » et de la collection permanente du musée. Description : Plongez dans l'univers passionnant du street art a travers deux expositions !. Lieu : Montpellier, 425 avenue des Frères Buhler, 34080 Montpellier. Date de début : 2025-09-19T09:00:00+00:00. Date de fin : 2025-09-21T17:00:00+00:00. Mots-clés : None."
Visite du pavillon Jean-Nouvel,🏙️ Visite du pavillon Jean Nouvel,Montpellier,"Bassin Jacques-Cœur, 34000 Montpellier",2025-09-20T08:00:00+00:00,2025-09-21T16:00:00+00:00,,"Titre : Visite du pavillon Jean-Nouvel. Description : 🏙️ Visite du pavillon Jean Nouvel. Lieu : Montpellier, Bassin Jacques-Cœur, 34000 Montpellier. Date de début : 2025-09-20T08:00:00+00:00. Date de fin : 2025-09-21T16:00:00+00:00. Mots-clés : None."
Spectacle poétique et musical : Bazille au Verd paradís,🎶 Poésie en musique au mas de Méric,Montpellier,"634 rue de Ferran, 34000 Montpellier",2025-09-21T08:00:00+00:00,2025-09-21T15:00:00+00:00,,"Titre : Spectacle poétique et musical : Bazille au Verd paradís. Description : 🎶 Poésie en musique au mas de Méric. Lieu : Montpellier, 634 rue de Ferran, 34000 Montpellier. Date de début : 2025-09-21T08:00:00+00:00. Date de fin : 2025-09-21T15:00:00+00:00. Mots-clés : None."
Orgue à 2 et 4 mains,Fête de la musique 2025,Montpellier,"Place Saint-Pierre, 34000 Montpellier, France",2025-06-21T15:45:00+00:00,2025-06-21T17:00:00+00:00,,"Titre : Orgue à 2 et 4 mains. Description : Fête de la musique 2025. Lieu : Montpellier, Place Saint-Pierre, 34000 Montpellier, France. Date de début : 2025-06-21T15:45:00+00:00. Date de fin : 2025-06-21T17:00:00+00:00. Mots-clés : None."
Guimet+ Chine,Nuit européenne des musées,Montpellier,6 bis rue Montpellieret,2026-05-23T17:00:00+00:00,2026-05-23T21:00:00+00:00,,"Titre : Guimet+ Chine. Description : Nuit européenne des musées. Lieu : Montpellier, 6 bis rue Montpellieret. Date de début : 2026-05-23T17:00:00+00:00. Date de fin : 2026-05-23T21:00:00+00:00. Mots-clés : None."
Lancement 2026 de la Caravane des 10 mots Occitanie,Dis-moi Dix mots,Montpellier,285 rue du Mas de Prunet 34070 Montpellier,2026-01-19T10:00:00+00:00,2026-01-20T15:30:00+00:00,,"Titre : Lancement 2026 de la Caravane des 10 mots Occitanie. Description : Dis-moi Dix mots. Lieu : Montpellier, 285 rue du Mas de Prunet 34070 Montpellier. Date de début : 2026-01-19T10:00:00+00:00. Date de fin : 2026-01-20T15:30:00+00:00. Mots-clés : None."
Grand spectacle musical organisé par l'École Cadence,Fête de la musique 2025,Montpellier,"42, avenue d'Assas 34000 Montpellier",2025-06-21T13:00:00+00:00,2025-06-21T17:30:00+00:00,,"Titre : Grand spectacle musical organisé par l'École Cadence. Description : Fête de la musique 2025. Lieu : Montpellier, 42, avenue d'Assas 34000 Montpellier. Date de début : 2025-06-21T13:00:00+00:00. Date de fin : 2025-06-21T17:30:00+00:00. Mots-clés : None."
Visite guidée à la découverte de l'hôtel d'Aurès,🏛 Visite guidée – Découverte de l’hôtel d’Aurès,Montpellier,"14 Rue Eugène Lisbonne, 34000 Montpellier",2025-09-20T08:00:00+00:00,2025-09-21T16:00:00+00:00,,"Titre : Visite guidée à la découverte de l'hôtel d'Aurès. Description : 🏛 Visite guidée – Découverte de l’hôtel d’Aurès. Lieu : Montpellier, 14 Rue Eugène Lisbonne, 34000 Montpellier. Date de début : 2025-09-20T08:00:00+00:00. Date de fin : 2025-09-21T16:00:00+00:00. Mots-clés : None."
KBIRA,dans le cadre du Festival Culture Bar-Bars,Montpellier,"48 square de la Babote, 34000 Montpellier",2025-11-27T20:00:00+00:00,2025-11-27T22:59:00+00:00,['Mix'],"Titre : KBIRA. Description : dans le cadre du Festival Culture Bar-Bars. Lieu : Montpellier, 48 square de la Babote, 34000 Montpellier. Date de début : 2025-11-27T20:00:00+00:00. Date de fin : 2025-11-27T22:59:00+00:00. Mots-clés : ['Mix']."
Génération Industrie,Tables rondes mettant en avant les parcours d'industriels inspirants,Montpellier,2300 AVENUE DES MOULINS 34000,2025-11-20T16:00:00+00:00,2025-11-20T18:00:00+00:00,,"Titre : Génération Industrie. Description : Tables rondes mettant en avant les parcours d'industriels inspirants. Lieu : Montpellier, 2300 AVENUE DES MOULINS 34000. Date de début : 2025-11-20T16:00:00+00:00. Date de fin : 2025-11-20T18:00:00+00:00. Mots-clés : None."
Matinée Job Dating avec Appart'City Montpellier Millénaire (34070),"À l'occasion de la SMT 2026, notre groupe organise une matinée de recrutement intensive. Prêts pour l'aventure ?",Montpellier,418 rue du mas de verchant 34000 Montpellier,2026-02-04T08:30:00+00:00,2026-02-04T11:30:00+00:00,"[""appart'city"", ""Appart'City"", 'Job Dating', 'Recrutement', 'Hôtellerie', ""Appart'hôtels"", 'Réception', 'Ménage', 'Propreté', 'Petit-Déjeuner', 'Entretiens', 'CV', 'Montpellier', 'Hérault', 'Occitanie']","Titre : Matinée Job Dating avec Appart'City Montpellier Millénaire (34070). Description : À l'occasion de la SMT 2026, notre groupe organise une matinée de recrutement intensive. Prêts pour l'aventure ?. Lieu : Montpellier, 418 rue du mas de verchant 34000 Montpellier. Date de début : 2026-02-04T08:30:00+00:00. Date de fin : 2026-02-04T11:30:00+00:00. Mots-clés : [""appart'city"", ""Appart'City"", 'Job Dating', 'Recrutement', 'Hôtellerie', ""Appart'hôtels"", 'Réception', 'Ménage', 'Propreté', 'Petit-Déjeuner', 'Entretiens', 'CV', 'Montpellier', 'Hérault', 'Occitanie']."
Journée de la Propreté,"Dans le cadre du printemps de l'alternance et de l'emploi, L'agence France Travail Montpellier Cévennes accueillera "" La journée de la propreté"".",Montpellier,34080 Montpellier,2026-04-08T07:00:00+00:00,2026-04-08T11:00:00+00:00,"['Métiers de la propreté', ""S'informer"", 'Découverte secteur / métier', 'Découverte formation', 'Recrutement']","Titre : Journée de la Propreté. Description : Dans le cadre du printemps de l'alternance et de l'emploi, L'agence France Travail Montpellier Cévennes accueillera "" La journée de la propreté"".. Lieu : Montpellier, 34080 Montpellier. Date de début : 2026-04-08T07:00:00+00:00. Date de fin : 2026-04-08T11:00:00+00:00. Mots-clés : ['Métiers de la propreté', ""S'informer"", 'Découverte secteur / métier', 'Découverte formation', 'Recrutement']."
Frankenweenie,"Cine-gouter halloween - Victor Frankenstein est un jeune garçon solitaire qui vit avec sa famille et son chien Sparky. Introverti à l'école, Victor n'a que peu d'amis et, pour mieux être avec les a...",Montpellier,"2, rue Marcellin Albert, Montpellier",2025-10-31T13:00:00+00:00,2025-10-31T14:27:00+00:00,"['Cinéma Nestor Burma', 'Frankenweenie', 'Tim Burton', 'Animation', 'Horreur', 'Fantastique', 'Comédie', 'Familial', 'Science-Fiction', ""Catherine O'Hara"", 'Martin Short', 'Martin Landau', 'Charlie Tahan', 'Atticus Shaffer', 'Winona Ryder', 'Robert Capron', 'James Hiroyuki Liao', 'Conchata Ferrell', 'T...']","Titre : Frankenweenie. Description : Cine-gouter halloween - Victor Frankenstein est un jeune garçon solitaire qui vit avec sa famille et son chien Sparky. Introverti à l'école, Victor n'a que peu d'amis et, pour mieux être avec les a.... Lieu : Montpellier, 2, rue Marcellin Albert, Montpellier. Date de début : 2025-10-31T13:00:00+00:00. Date de fin : 2025-10-31T14:27:00+00:00. Mots-clés : ['Cinéma Nestor Burma', 'Frankenweenie', 'Tim Burton', 'Animation', 'Horreur', 'Fantastique', 'Comédie', 'Familial', 'Science-Fiction', ""Catherine O'Hara"", 'Martin Short', 'Martin Landau', 'Charlie Tahan', 'Atticus Shaffer', 'Winona Ryder', 'Robert Capron', 'James Hiroyuki Liao', 'Conchata Ferrell', 'T...']."
Une Touche d'Optimisme/Sortie d'Album Gratuite,"""Release Party"" Gratuite au ROCKSTORE",Montpellier,20 Rue de Verdun Montpellier,2026-05-21T17:30:00+00:00,2026-05-21T20:30:00+00:00,"['Musique', 'Concert', 'Fête', 'Soirée', 'Chanson', 'Chanson Française', 'Gratuit']","Titre : Une Touche d'Optimisme/Sortie d'Album Gratuite. Description : ""Release Party"" Gratuite au ROCKSTORE. Lieu : Montpellier, 20 Rue de Verdun Montpellier. Date de début : 2026-05-21T17:30:00+00:00. Date de fin : 2026-05-21T20:30:00+00:00. Mots-clés : ['Musique', 'Concert', 'Fête', 'Soirée', 'Chanson', 'Chanson Française', 'Gratuit']."
Les rencontres de la création avec CitésLab,"Rencontre avec CitésLab CitésLab - Révélateurs de Talents, ce sont d'abord des hommes et des femmes de terrain - les chefs de projets CitésLab.",Montpellier,34080 Montpellier,2025-10-29T08:00:00+00:00,2025-10-29T08:30:00+00:00,"['Se préparer', ""Création d'entreprise""]","Titre : Les rencontres de la création avec CitésLab. Description : Rencontre avec CitésLab CitésLab - Révélateurs de Talents, ce sont d'abord des hommes et des femmes de terrain - les chefs de projets CitésLab.. Lieu : Montpellier, 34080 Montpellier. Date de début : 2025-10-29T08:00:00+00:00. Date de fin : 2025-10-29T08:30:00+00:00. Mots-clés : ['Se préparer', ""Création d'entreprise""]."
Les rencontres de la création avec Axents,Axents Montpellier propose accompagnement et formation à la création/reprise d'entreprise,Montpellier,34080 Montpellier,2025-11-05T08:30:00+00:00,2025-11-05T09:00:00+00:00,"[""Création d'entreprise"", 'Se préparer']","Titre : Les rencontres de la création avec Axents. Description : Axents Montpellier propose accompagnement et formation à la création/reprise d'entreprise. Lieu : Montpellier, 34080 Montpellier. Date de début : 2025-11-05T08:30:00+00:00. Date de fin : 2025-11-05T09:00:00+00:00. Mots-clés : [""Création d'entreprise"", 'Se préparer']."
Atelier DUODAY: emploi et handicap,"Vous êtes en situation de handicap et en recherche d'emploi, en reconversion professionnelle ou simplement curieux.",Montpellier,34080 Montpellier,2025-11-12T13:00:00+00:00,2025-11-12T15:00:00+00:00,"['#TousEnImmersion', 'La semaine du handicap', ""S'informer"", 'Se préparer', 'Découverte secteur / métier', ""Aides à l'emploi"", 'Insertion']","Titre : Atelier DUODAY: emploi et handicap. Description : Vous êtes en situation de handicap et en recherche d'emploi, en reconversion professionnelle ou simplement curieux.. Lieu : Montpellier, 34080 Montpellier. Date de début : 2025-11-12T13:00:00+00:00. Date de fin : 2025-11-12T15:00:00+00:00. Mots-clés : ['#TousEnImmersion', 'La semaine du handicap', ""S'informer"", 'Se préparer', 'Découverte secteur / métier', ""Aides à l'emploi"", 'Insertion']."
Les rencontres de la création avec AXENTS,"Vous avez une idée, besoin de conseils ? Depuis 1995, AXENTS favorise l'émergence de projets et le développement de la création d'entreprise dans le département de l'Hérault.",Montpellier,34080 Montpellier,2026-03-04T09:00:00+00:00,2026-03-04T09:30:00+00:00,"[""Création d'entreprise""]","Titre : Les rencontres de la création avec AXENTS. Description : Vous avez une idée, besoin de conseils ? Depuis 1995, AXENTS favorise l'émergence de projets et le développement de la création d'entreprise dans le département de l'Hérault.. Lieu : Montpellier, 34080 Montpellier. Date de début : 2026-03-04T09:00:00+00:00. Date de fin : 2026-03-04T09:30:00+00:00. Mots-clés : [""Création d'entreprise""]."
Les rencontres de la création avec CitésLab,"Venez préparer votre création d'entreprise, et poser vos questions. 30 minutes de rencontre en individuel, pour avancer sur votre projet, avec le sourire.",Montpellier,34080 Montpellier,2025-12-17T08:30:00+00:00,2025-12-17T09:00:00+00:00,"['Se préparer', ""Création d'entreprise""]","Titre : Les rencontres de la création avec CitésLab. Description : Venez préparer votre création d'entreprise, et poser vos questions. 30 minutes de rencontre en individuel, pour avancer sur votre projet, avec le sourire.. Lieu : Montpellier, 34080 Montpellier. Date de début : 2025-12-17T08:30:00+00:00. Date de fin : 2025-12-17T09:00:00+00:00. Mots-clés : ['Se préparer', ""Création d'entreprise""]."
Job dating 50 ans et plus - Mettez votre expérience en lumière !!,Vous avez de l'expérience et souhaitez trouver un emploi qui reconnaisse vos compétences ? Venez participer à notre Job Dating spécial personnes expérimentées !,Montpellier,34080 Montpellier,2025-12-09T08:00:00+00:00,2025-12-09T11:00:00+00:00,"['Mobilisation 50 ans et plus', 'Recrutement']","Titre : Job dating 50 ans et plus - Mettez votre expérience en lumière !!. Description : Vous avez de l'expérience et souhaitez trouver un emploi qui reconnaisse vos compétences ? Venez participer à notre Job Dating spécial personnes expérimentées !. Lieu : Montpellier, 34080 Montpellier. Date de début : 2025-12-09T08:00:00+00:00. Date de fin : 2025-12-09T11:00:00+00:00. Mots-clés : ['Mobilisation 50 ans et plus', 'Recrutement']."
Les rencontres de la création avec AXENTS,"Vous avez une idée, besoin de conseils ? Depuis 1995, AXENTS favorise l'émergence de projets et le développement de la création d'entreprise dans le département de l'Hérault.",Montpellier,34080 Montpellier,2026-01-14T10:30:00+00:00,2026-01-14T11:00:00+00:00,"[""Création d'entreprise""]","Titre : Les rencontres de la création avec AXENTS. Description : Vous avez une idée, besoin de conseils ? Depuis 1995, AXENTS favorise l'émergence de projets et le développement de la création d'entreprise dans le département de l'Hérault.. Lieu : Montpellier, 34080 Montpellier. Date de début : 2026-01-14T10:30:00+00:00. Date de fin : 2026-01-14T11:00:00+00:00. Mots-clés : [""Création d'entreprise""]."
Job dating dédié aux candidats de 50 ans et plus - METIERS DU SECTEUR DE L'IMMOBILIER - CENTURY 21,"CENTURY 21 recrute actuellement des conseillers en transaction immobilière, en statut indépendant, pour nos agences situées à Lunel, Vauvert, La Grande-Motte, Codognan, Nîmes et Le Grau-du-Roi.",Montpellier,34080 Montpellier,2026-01-08T08:00:00+00:00,2026-01-08T11:30:00+00:00,"['Mobilisation 50 ans et plus', ""S'informer"", 'Découverte secteur / métier']","Titre : Job dating dédié aux candidats de 50 ans et plus - METIERS DU SECTEUR DE L'IMMOBILIER - CENTURY 21. Description : CENTURY 21 recrute actuellement des conseillers en transaction immobilière, en statut indépendant, pour nos agences situées à Lunel, Vauvert, La Grande-Motte, Codognan, Nîmes et Le Grau-du-Roi.. Lieu : Montpellier, 34080 Montpellier. Date de début : 2026-01-08T08:00:00+00:00. Date de fin : 2026-01-08T11:30:00+00:00. Mots-clés : ['Mobilisation 50 ans et plus', ""S'informer"", 'Découverte secteur / métier']."
Visite de chantier : la maison de Pam et Mat,"Venez découvrir la maison de Pam et Mat, un projet de maison individuelle actuellement en cours de construction, niché sur un terrain en restanques bordé par un bois classé, à deux pas du centre de …",Montpellier,"533-375 Rue du Mas de Calenda, 34090 Montpellier",2025-10-18T08:00:00+00:00,2025-10-18T13:00:00+00:00,,"Titre : Visite de chantier : la maison de Pam et Mat. Description : Venez découvrir la maison de Pam et Mat, un projet de maison individuelle actuellement en cours de construction, niché sur un terrain en restanques bordé par un bois classé, à deux pas du centre de …. Lieu : Montpellier, 533-375 Rue du Mas de Calenda, 34090 Montpellier. Date de début : 2025-10-18T08:00:00+00:00. Date de fin : 2025-10-18T13:00:00+00:00. Mots-clés : None."
VERNISSAGE EXPOSITION | « La graaande traversée »,"La MAOM vous invite le jeudi 26 février à 18h30 à découvrir l’exposition « La graaande traversée », portée par le duo Alice Migeon, artiste-paysagiste et Alice Rochette, designeuse !",Montpellier,19 rue Saint Louis 34000 Montpellier,2026-02-26T17:30:00+00:00,2026-02-26T20:00:00+00:00,"['exposition', 'paysage', 'montpellier', 'hérault', 'traversée', 'architecture', 'urbainisme']","Titre : VERNISSAGE EXPOSITION | « La graaande traversée ». Description : La MAOM vous invite le jeudi 26 février à 18h30 à découvrir l’exposition « La graaande traversée », portée par le duo Alice Migeon, artiste-paysagiste et Alice Rochette, designeuse !. Lieu : Montpellier, 19 rue Saint Louis 34000 Montpellier. Date de début : 2026-02-26T17:30:00+00:00. Date de fin : 2026-02-26T20:00:00+00:00. Mots-clés : ['exposition', 'paysage', 'montpellier', 'hérault', 'traversée', 'architecture', 'urbainisme']."
Repair Café à la Bricole,Matinée de co-réparation tout public,Montpellier,80 rue du faubourg Figuerolles,2025-10-18T07:00:00+00:00,2025-10-18T10:00:00+00:00,"['électroménager', 'raccommodage', 'couture', 'atelier', 'electronique']","Titre : Repair Café à la Bricole. Description : Matinée de co-réparation tout public. Lieu : Montpellier, 80 rue du faubourg Figuerolles. Date de début : 2025-10-18T07:00:00+00:00. Date de fin : 2025-10-18T10:00:00+00:00. Mots-clés : ['électroménager', 'raccommodage', 'couture', 'atelier', 'electronique']."
Mai à Vélo 2026,Faites parcourir à votre communauté le plus de kilomètres au mois de mai !,Montpellier,"334 Allée Henri II de Montmorency, 34064 Montpellier, France",2026-04-30T22:00:00+00:00,2026-05-31T21:59:59+00:00,['challenge-id=212318'],"Titre : Mai à Vélo 2026. Description : Faites parcourir à votre communauté le plus de kilomètres au mois de mai !. Lieu : Montpellier, 334 Allée Henri II de Montmorency, 34064 Montpellier, France. Date de début : 2026-04-30T22:00:00+00:00. Date de fin : 2026-05-31T21:59:59+00:00. Mots-clés : ['challenge-id=212318']."
RDV les 6 et 7 juin au Bio Bus à Montpellier !,C'est le retour du #BioTour en Occitanie : RDV les 6 et 7 juin à Montpellier pour parler d'agriculture biologique :-),Montpellier,Place du Nombre d'Or Montpellier,2025-06-06T08:00:00+00:00,2025-06-07T17:00:00+00:00,"['bio', 'agriculture biologique', 'Montpellier', 'Bio Bus']","Titre : RDV les 6 et 7 juin au Bio Bus à Montpellier !. Description : C'est le retour du #BioTour en Occitanie : RDV les 6 et 7 juin à Montpellier pour parler d'agriculture biologique :-). Lieu : Montpellier, Place du Nombre d'Or Montpellier. Date de début : 2025-06-06T08:00:00+00:00. Date de fin : 2025-06-07T17:00:00+00:00. Mots-clés : ['bio', 'agriculture biologique', 'Montpellier', 'Bio Bus']."
"Visite libre ou guidée, zoom sur l'histoire des structures en pierres...","Visite libre ou guidée du jardin avec un zoom sur les specificités en pierre.,",Montpellier,"1 bis rue jardin de la Reine, Montpellier, Hérault, Occitanie",2025-06-07T08:00:00+00:00,2025-06-08T16:30:00+00:00,,"Titre : Visite libre ou guidée, zoom sur l'histoire des structures en pierres.... Description : Visite libre ou guidée du jardin avec un zoom sur les specificités en pierre.,. Lieu : Montpellier, 1 bis rue jardin de la Reine, Montpellier, Hérault, Occitanie. Date de début : 2025-06-07T08:00:00+00:00. Date de fin : 2025-06-08T16:30:00+00:00. Mots-clés : None."
"""Le monde est mon jardin"", raconté par Alain Vidal","Parler de la beauté d’une simple salade, d’une carotte ou d’un navet.",Montpellier,"1 bis rue jardin de la Reine, Montpellier, Hérault, Occitanie",2025-06-08T15:30:00+00:00,2025-06-08T17:30:00+00:00,,"Titre : ""Le monde est mon jardin"", raconté par Alain Vidal. Description : Parler de la beauté d’une simple salade, d’une carotte ou d’un navet.. Lieu : Montpellier, 1 bis rue jardin de la Reine, Montpellier, Hérault, Occitanie. Date de début : 2025-06-08T15:30:00+00:00. Date de fin : 2025-06-08T17:30:00+00:00. Mots-clés : None."
visite Parcours mythologiques,Visite par Pierre-Yves Carraut amis du musée Fabre,Montpellier,"39 Boulevard de Bonnes Nouvelles, 34000 Montpellier, France",2025-05-17T17:30:00+00:00,2025-05-17T18:30:00+00:00,,"Titre : visite Parcours mythologiques. Description : Visite par Pierre-Yves Carraut amis du musée Fabre. Lieu : Montpellier, 39 Boulevard de Bonnes Nouvelles, 34000 Montpellier, France. Date de début : 2025-05-17T17:30:00+00:00. Date de fin : 2025-05-17T18:30:00+00:00. Mots-clés : None."
Le Roi des Masques de Wu Tianming,Séance unique,Montpellier,"5, rue de Verdun, Montpellier",2026-03-10T19:00:00+00:00,2026-03-10T22:00:00+00:00,"['Diagonal-Capitole', 'Le Roi des Masques de Wu Tianming']","Titre : Le Roi des Masques de Wu Tianming. Description : Séance unique. Lieu : Montpellier, 5, rue de Verdun, Montpellier. Date de début : 2026-03-10T19:00:00+00:00. Date de fin : 2026-03-10T22:00:00+00:00. Mots-clés : ['Diagonal-Capitole', 'Le Roi des Masques de Wu Tianming']."
Ouvrir la voix de Amandine Gay,Séance unique,Montpellier,"5, rue de Verdun, Montpellier",2026-04-03T18:00:00+00:00,2026-04-03T21:00:00+00:00,"['Diagonal-Capitole', 'Ouvrir la voix de Amandine Gay']","Titre : Ouvrir la voix de Amandine Gay. Description : Séance unique. Lieu : Montpellier, 5, rue de Verdun, Montpellier. Date de début : 2026-04-03T18:00:00+00:00. Date de fin : 2026-04-03T21:00:00+00:00. Mots-clés : ['Diagonal-Capitole', 'Ouvrir la voix de Amandine Gay']."
"Exposition : ""Échos de quartier, Croix d'Argent Lemasson""",🌳 Exposition immersive – Patrimoine intime d’un quartier,Montpellier,Rue Marcel Paul 34070 Montpellier,2025-09-21T08:00:00+00:00,2025-09-21T15:00:00+00:00,,"Titre : Exposition : ""Échos de quartier, Croix d'Argent Lemasson"". Description : 🌳 Exposition immersive – Patrimoine intime d’un quartier. Lieu : Montpellier, Rue Marcel Paul 34070 Montpellier. Date de début : 2025-09-21T08:00:00+00:00. Date de fin : 2025-09-21T15:00:00+00:00. Mots-clés : None."
A la rencontre des instruments anciens,🎻 L’archéo-lutherie : redonner vie aux instruments médiévaux,Montpellier,"2 place Pétrarque, 34000 Montpellier",2025-09-20T08:00:00+00:00,2025-09-21T16:00:00+00:00,,"Titre : A la rencontre des instruments anciens. Description : 🎻 L’archéo-lutherie : redonner vie aux instruments médiévaux. Lieu : Montpellier, 2 place Pétrarque, 34000 Montpellier. Date de début : 2025-09-20T08:00:00+00:00. Date de fin : 2025-09-21T16:00:00+00:00. Mots-clés : None."
Escape Game Energie - Lycée Jean Mermoz,"L'Escape Game Energie est un outil pédagogique permet aux élèves de collèges, lycées et aux demandeurs d’emploi de s’immerger dans le monde des énergies décarbonées.",Montpellier,"717 AV Jean Mermoz, 34000 Montpellier",2025-11-05T07:30:00+00:00,2025-11-05T11:00:00+00:00,,"Titre : Escape Game Energie - Lycée Jean Mermoz. Description : L'Escape Game Energie est un outil pédagogique permet aux élèves de collèges, lycées et aux demandeurs d’emploi de s’immerger dans le monde des énergies décarbonées.. Lieu : Montpellier, 717 AV Jean Mermoz, 34000 Montpellier. Date de début : 2025-11-05T07:30:00+00:00. Date de fin : 2025-11-05T11:00:00+00:00. Mots-clés : None."
Atelier - La Fresque du Climat,"Venez découvrir La Fresque du Climat, un atelier ludique et collaboratif, pendant La Grande Semaine Végétale !",Montpellier,"77 Rue du Faubourg Figuerolles, Montpellier, France",2025-09-29T18:00:00+00:00,2025-09-29T21:00:00+00:00,,"Titre : Atelier - La Fresque du Climat. Description : Venez découvrir La Fresque du Climat, un atelier ludique et collaboratif, pendant La Grande Semaine Végétale !. Lieu : Montpellier, 77 Rue du Faubourg Figuerolles, Montpellier, France. Date de début : 2025-09-29T18:00:00+00:00. Date de fin : 2025-09-29T21:00:00+00:00. Mots-clés : None."
Plateau DJ live et animation visuelle,Fête de la musique 2025,Montpellier,"34 rue de l'Université, 34000 Montpellier",2025-06-21T14:00:00+00:00,2025-06-22T00:00:00+00:00,,"Titre : Plateau DJ live et animation visuelle. Description : Fête de la musique 2025. Lieu : Montpellier, 34 rue de l'Université, 34000 Montpellier. Date de début : 2025-06-21T14:00:00+00:00. Date de fin : 2025-06-22T00:00:00+00:00. Mots-clés : None."
Visite découverte et parcours sensoriel au jardin,"Le Jardin de la Reine s’inscrit dans le cadre du Jardin des Plantes de Montpellier, le plus ancien jardin botanique de France et l’un des premiers d’Europe.",Montpellier,"1bis Rue du Jardin de la Reine, 34000 Montpellier, France",2026-06-06T07:30:00+00:00,2026-06-07T15:30:00+00:00,,"Titre : Visite découverte et parcours sensoriel au jardin. Description : Le Jardin de la Reine s’inscrit dans le cadre du Jardin des Plantes de Montpellier, le plus ancien jardin botanique de France et l’un des premiers d’Europe.. Lieu : Montpellier, 1bis Rue du Jardin de la Reine, 34000 Montpellier, France. Date de début : 2026-06-06T07:30:00+00:00. Date de fin : 2026-06-07T15:30:00+00:00. Mots-clés : None."
IA & Bâtiment : Innovations et démonstrations pour décrypter l’IA dans le secteur,La FFB Occitanie propose une masterclasse pour découvrir comment l’IA transforme le bâtiment.,Montpellier,61 rue jacques fouroux,2026-05-21T15:30:00+00:00,2026-05-21T17:00:00+00:00,"['BTP', 'bâtiment', 'IA', 'intelligence artificielle', 'montpellier', 'atelier B']","Titre : IA & Bâtiment : Innovations et démonstrations pour décrypter l’IA dans le secteur. Description : La FFB Occitanie propose une masterclasse pour découvrir comment l’IA transforme le bâtiment.. Lieu : Montpellier, 61 rue jacques fouroux. Date de début : 2026-05-21T15:30:00+00:00. Date de fin : 2026-05-21T17:00:00+00:00. Mots-clés : ['BTP', 'bâtiment', 'IA', 'intelligence artificielle', 'montpellier', 'atelier B']."
"Atelier jeunes 10-14 ans ""J’peux pas... J’ai archi !""",Deux après-midi pendant les vacances scolaires pour partir aux côtés du CAUE 34 à la découverte des moyens d’habiter autrement nos lieux de vie. Pour les 10-14 ans.,Montpellier,"19 rue Saint-Louis, 34000 Montpellier",2025-10-21T12:00:00+00:00,2025-10-28T16:00:00+00:00,,"Titre : Atelier jeunes 10-14 ans ""J’peux pas... J’ai archi !"". Description : Deux après-midi pendant les vacances scolaires pour partir aux côtés du CAUE 34 à la découverte des moyens d’habiter autrement nos lieux de vie. Pour les 10-14 ans.. Lieu : Montpellier, 19 rue Saint-Louis, 34000 Montpellier. Date de début : 2025-10-21T12:00:00+00:00. Date de fin : 2025-10-28T16:00:00+00:00. Mots-clés : None."
Repair café spécial couture,"Venez avec vos textiles à recoudre (vêtements, sacs, linge de maison...) et apprenez à les réparer vous-même grâce au REPAIR CAFÉ MONTPELLIER",Montpellier,"9 rue de la Raffinerie, 34000 Montpellier",2025-10-16T11:00:00+00:00,2025-10-16T14:00:00+00:00,,"Titre : Repair café spécial couture. Description : Venez avec vos textiles à recoudre (vêtements, sacs, linge de maison...) et apprenez à les réparer vous-même grâce au REPAIR CAFÉ MONTPELLIER. Lieu : Montpellier, 9 rue de la Raffinerie, 34000 Montpellier. Date de début : 2025-10-16T11:00:00+00:00. Date de fin : 2025-10-16T14:00:00+00:00. Mots-clés : None."
Mai à Vélo 2026,Faites parcourir à votre communauté le plus de kilomètres au mois de mai !,Montpellier,"Université Paul-Valéry Montpellier 3, Route de Mende 34090 Montpellier, France",2026-04-30T22:00:00+00:00,2026-05-31T21:59:59+00:00,['challenge-id=211045'],"Titre : Mai à Vélo 2026. Description : Faites parcourir à votre communauté le plus de kilomètres au mois de mai !. Lieu : Montpellier, Université Paul-Valéry Montpellier 3, Route de Mende 34090 Montpellier, France. Date de début : 2026-04-30T22:00:00+00:00. Date de fin : 2026-05-31T21:59:59+00:00. Mots-clés : ['challenge-id=211045']."
Forum des 500 offres : Votre tremplin vers l'emploi ou l'alternance !,Plongez au coeur d'un événement dynamique et inspirant dédié à l'emploi et à l'alternance !,Montpellier,34000 Montpellier,2026-05-07T07:30:00+00:00,2026-05-07T11:00:00+00:00,"['Découverte formation', 'Recrutement']","Titre : Forum des 500 offres : Votre tremplin vers l'emploi ou l'alternance !. Description : Plongez au coeur d'un événement dynamique et inspirant dédié à l'emploi et à l'alternance !. Lieu : Montpellier, 34000 Montpellier. Date de début : 2026-05-07T07:30:00+00:00. Date de fin : 2026-05-07T11:00:00+00:00. Mots-clés : ['Découverte formation', 'Recrutement']."
Le Forum des 500,"Organisé par la Mission Locale de Montpellier, Le Forum des 500 Offres emploi et alternance Le Forum se tiendra de 9h30 à 13h à l'esplanade de l'Europe.",Montpellier,34000 Montpellier,2026-05-07T07:30:00+00:00,2026-05-07T11:00:00+00:00,['Recrutement'],"Titre : Le Forum des 500. Description : Organisé par la Mission Locale de Montpellier, Le Forum des 500 Offres emploi et alternance Le Forum se tiendra de 9h30 à 13h à l'esplanade de l'Europe.. Lieu : Montpellier, 34000 Montpellier. Date de début : 2026-05-07T07:30:00+00:00. Date de fin : 2026-05-07T11:00:00+00:00. Mots-clés : ['Recrutement']."
Rdv CitésLab - Création d'entreprise,"Venez préparer votre création d'entreprise, et poser vos questions. 30 minutes de rencontre en individuel, pour avancer sur votre projet, avec le sourire.",Montpellier,34080 Montpellier,2026-04-20T07:00:00+00:00,2026-04-20T07:30:00+00:00,"[""Création d'entreprise""]","Titre : Rdv CitésLab - Création d'entreprise. Description : Venez préparer votre création d'entreprise, et poser vos questions. 30 minutes de rencontre en individuel, pour avancer sur votre projet, avec le sourire.. Lieu : Montpellier, 34080 Montpellier. Date de début : 2026-04-20T07:00:00+00:00. Date de fin : 2026-04-20T07:30:00+00:00. Mots-clés : [""Création d'entreprise""]."
ATELIER DYNAMISATION RESERVE AUX PERSONNES EN SITUATION D 'HANDICAP,"Donnez un nouvel élan à votre projet professionnel Vous souhaitez faire le point sur votre situation, mieux comprendre vos atouts et choisir les solutions qui vous conviennent ?",Montpellier,34080 Montpellier,2026-01-30T08:30:00+00:00,2026-01-30T11:00:00+00:00,"[""Aides à l'emploi"", 'Se préparer', 'Insertion', ""S'informer""]","Titre : ATELIER DYNAMISATION RESERVE AUX PERSONNES EN SITUATION D 'HANDICAP. Description : Donnez un nouvel élan à votre projet professionnel Vous souhaitez faire le point sur votre situation, mieux comprendre vos atouts et choisir les solutions qui vous conviennent ?. Lieu : Montpellier, 34080 Montpellier. Date de début : 2026-01-30T08:30:00+00:00. Date de fin : 2026-01-30T11:00:00+00:00. Mots-clés : [""Aides à l'emploi"", 'Se préparer', 'Insertion', ""S'informer""]."
Atelier Sénior 360,"Vous avez 50 ans et plus ? Faites le point sur votre situation, votre parcours et vos besoins.",Montpellier,34080 Montpellier,2026-05-04T12:00:00+00:00,2026-05-04T14:00:00+00:00,"['Mobilisation 50 ans et plus', ""S'informer"", 'Marché du travail']","Titre : Atelier Sénior 360. Description : Vous avez 50 ans et plus ? Faites le point sur votre situation, votre parcours et vos besoins.. Lieu : Montpellier, 34080 Montpellier. Date de début : 2026-05-04T12:00:00+00:00. Date de fin : 2026-05-04T14:00:00+00:00. Mots-clés : ['Mobilisation 50 ans et plus', ""S'informer"", 'Marché du travail']."
"Atelier-visite - Athéna, les attributs de la déesse","Partez à la découverte des copies en plâtre du Musée des Moulages et des chefs-d'oeuvre de la Grèce ancienne grâce aux représentations de la déesse Athéna, au travers de cet atelier-visite d'1h aux…",Montpellier,"Université de Montpellier Paul-Valéry, route de Mende, 34090 Montpellier",2026-06-12T09:00:00+00:00,2026-06-12T15:00:00+00:00,,"Titre : Atelier-visite - Athéna, les attributs de la déesse. Description : Partez à la découverte des copies en plâtre du Musée des Moulages et des chefs-d'oeuvre de la Grèce ancienne grâce aux représentations de la déesse Athéna, au travers de cet atelier-visite d'1h aux…. Lieu : Montpellier, Université de Montpellier Paul-Valéry, route de Mende, 34090 Montpellier. Date de début : 2026-06-12T09:00:00+00:00. Date de fin : 2026-06-12T15:00:00+00:00. Mots-clés : None."
Les rencontres de la création avec Axents et CitésLab,"Rencontre avec CitésLab CitésLab - Révélateurs de Talents, ce sont d'abord des hommes et des femmes de terrain - les chefs de projets CitésLab. Les chefs de projets CitésLab rencontrent et révèlen...",Montpellier,34080 Montpellier,2025-09-17T07:30:00+00:00,2025-09-17T08:00:00+00:00,"['Atelier', ""Création d'entreprise"", 'Se préparer', 'Tout public', 'en physique']","Titre : Les rencontres de la création avec Axents et CitésLab. Description : Rencontre avec CitésLab CitésLab - Révélateurs de Talents, ce sont d'abord des hommes et des femmes de terrain - les chefs de projets CitésLab. Les chefs de projets CitésLab rencontrent et révèlen.... Lieu : Montpellier, 34080 Montpellier. Date de début : 2025-09-17T07:30:00+00:00. Date de fin : 2025-09-17T08:00:00+00:00. Mots-clés : ['Atelier', ""Création d'entreprise"", 'Se préparer', 'Tout public', 'en physique']."
Les rencontres de la création avec Axents et CitésLab,"Rencontre avec CitésLab CitésLab - Révélateurs de Talents, ce sont d'abord des hommes et des femmes de terrain - les chefs de projets CitésLab. Les chefs de projets CitésLab rencontrent et révèlen...",Montpellier,34080 Montpellier,2025-09-17T08:30:00+00:00,2025-09-17T09:00:00+00:00,"['Atelier', 'Se préparer', ""Création d'entreprise"", 'Tout public', 'en physique']","Titre : Les rencontres de la création avec Axents et CitésLab. Description : Rencontre avec CitésLab CitésLab - Révélateurs de Talents, ce sont d'abord des hommes et des femmes de terrain - les chefs de projets CitésLab. Les chefs de projets CitésLab rencontrent et révèlen.... Lieu : Montpellier, 34080 Montpellier. Date de début : 2025-09-17T08:30:00+00:00. Date de fin : 2025-09-17T09:00:00+00:00. Mots-clés : ['Atelier', 'Se préparer', ""Création d'entreprise"", 'Tout public', 'en physique']."
Devenez Adjoint Responsable de Magasin,Vous avec une expérience dans la vente/Commerce ou êtes titulaire d'un diplôme dans le secteur:La grande distribution recrute activement et offre de réelles perspectives d'évolution. Montez en com...,Montpellier,34090 Montpellier,2025-09-22T12:00:00+00:00,2025-09-22T13:30:00+00:00,"[""Réunion d'information"", 'Espaces formation', 'Se préparer', 'Découverte secteur / métier', 'Découverte formation', 'Tout public', 'Formation assurée', 'Se diplômer', 'Formation financée', ""Opportunité d'emploi"", 'à distance']","Titre : Devenez Adjoint Responsable de Magasin. Description : Vous avec une expérience dans la vente/Commerce ou êtes titulaire d'un diplôme dans le secteur:La grande distribution recrute activement et offre de réelles perspectives d'évolution. Montez en com.... Lieu : Montpellier, 34090 Montpellier. Date de début : 2025-09-22T12:00:00+00:00. Date de fin : 2025-09-22T13:30:00+00:00. Mots-clés : [""Réunion d'information"", 'Espaces formation', 'Se préparer', 'Découverte secteur / métier', 'Découverte formation', 'Tout public', 'Formation assurée', 'Se diplômer', 'Formation financée', ""Opportunité d'emploi"", 'à distance']."
Les rencontres de la création avec L'ADIE et Axents,"Adie finance et accompagne les entrepreneurs dans la création et le développement de leur activité, même sans capital ni diplôme Axents Montpellier propose accompagnement et formation à la créatio...",Montpellier,34080 Montpellier,2025-09-24T08:30:00+00:00,2025-09-24T09:00:00+00:00,"['Atelier', ""Création d'entreprise"", 'Se préparer', 'Tout public', 'en physique']","Titre : Les rencontres de la création avec L'ADIE et Axents. Description : Adie finance et accompagne les entrepreneurs dans la création et le développement de leur activité, même sans capital ni diplôme Axents Montpellier propose accompagnement et formation à la créatio.... Lieu : Montpellier, 34080 Montpellier. Date de début : 2025-09-24T08:30:00+00:00. Date de fin : 2025-09-24T09:00:00+00:00. Mots-clés : ['Atelier', ""Création d'entreprise"", 'Se préparer', 'Tout public', 'en physique']."
Les rencontres de la création avec Axents,Axents Montpellier propose accompagnement et formation à la création/reprise d'entreprise,Montpellier,34080 Montpellier,2025-10-01T08:00:00+00:00,2025-10-01T08:30:00+00:00,"['Atelier', ""Création d'entreprise"", 'Se préparer', 'Tout public', 'en physique']","Titre : Les rencontres de la création avec Axents. Description : Axents Montpellier propose accompagnement et formation à la création/reprise d'entreprise. Lieu : Montpellier, 34080 Montpellier. Date de début : 2025-10-01T08:00:00+00:00. Date de fin : 2025-10-01T08:30:00+00:00. Mots-clés : ['Atelier', ""Création d'entreprise"", 'Se préparer', 'Tout public', 'en physique']."
Les rencontres de la création avec CitésLab,"Rencontre avec CitésLab CitésLab - Révélateurs de Talents, ce sont d'abord des hommes et des femmes de terrain - les chefs de projets CitésLab.",Montpellier,34080 Montpellier,2025-10-22T09:00:00+00:00,2025-10-22T09:30:00+00:00,"[""Création d'entreprise"", 'Se préparer']","Titre : Les rencontres de la création avec CitésLab. Description : Rencontre avec CitésLab CitésLab - Révélateurs de Talents, ce sont d'abord des hommes et des femmes de terrain - les chefs de projets CitésLab.. Lieu : Montpellier, 34080 Montpellier. Date de début : 2025-10-22T09:00:00+00:00. Date de fin : 2025-10-22T09:30:00+00:00. Mots-clés : [""Création d'entreprise"", 'Se préparer']."
Les rencontres de la création avec CitésLab,"Rencontre avec CitésLab CitésLab - Révélateurs de Talents, ce sont d'abord des hommes et des femmes de terrain - les chefs de projets CitésLab.",Montpellier,34080 Montpellier,2025-10-29T09:00:00+00:00,2025-10-29T09:30:00+00:00,"[""Création d'entreprise"", 'Se préparer']","Titre : Les rencontres de la création avec CitésLab. Description : Rencontre avec CitésLab CitésLab - Révélateurs de Talents, ce sont d'abord des hommes et des femmes de terrain - les chefs de projets CitésLab.. Lieu : Montpellier, 34080 Montpellier. Date de début : 2025-10-29T09:00:00+00:00. Date de fin : 2025-10-29T09:30:00+00:00. Mots-clés : [""Création d'entreprise"", 'Se préparer']."
Rdv CitésLab - Création d'entreprise,"Venez préparer votre création d'entreprise, et poser vos questions. 30 minutes de rencontre en individuel, pour avancer sur votre projet, avec le sourire.",Montpellier,34080 Montpellier,2025-12-08T09:00:00+00:00,2025-12-08T09:30:00+00:00,"[""Création d'entreprise"", 'Se préparer']","Titre : Rdv CitésLab - Création d'entreprise. Description : Venez préparer votre création d'entreprise, et poser vos questions. 30 minutes de rencontre en individuel, pour avancer sur votre projet, avec le sourire.. Lieu : Montpellier, 34080 Montpellier. Date de début : 2025-12-08T09:00:00+00:00. Date de fin : 2025-12-08T09:30:00+00:00. Mots-clés : [""Création d'entreprise"", 'Se préparer']."
Rdv CitésLab - Création d'entreprise,"Venez préparer votre création d'entreprise, et poser vos questions. 30 minutes de rencontre en individuel, pour avancer sur votre projet, avec le sourire.",Montpellier,34080 Montpellier,2025-12-15T09:00:00+00:00,2025-12-15T09:30:00+00:00,"[""Création d'entreprise"", 'Se préparer']","Titre : Rdv CitésLab - Création d'entreprise. Description : Venez préparer votre création d'entreprise, et poser vos questions. 30 minutes de rencontre en individuel, pour avancer sur votre projet, avec le sourire.. Lieu : Montpellier, 34080 Montpellier. Date de début : 2025-12-15T09:00:00+00:00. Date de fin : 2025-12-15T09:30:00+00:00. Mots-clés : [""Création d'entreprise"", 'Se préparer']."
BtoField,Le rendez-vous des experts du digital pour l’agriculture,Montpellier,"1000 avenue Agropolis, 34000 Montpellier",2026-02-03T08:30:00+00:00,2026-02-04T17:00:00+00:00,,"Titre : BtoField. Description : Le rendez-vous des experts du digital pour l’agriculture. Lieu : Montpellier, 1000 avenue Agropolis, 34000 Montpellier. Date de début : 2026-02-03T08:30:00+00:00. Date de fin : 2026-02-04T17:00:00+00:00. Mots-clés : None."
Les rencontres de la création avec CitésLab,"Rencontre avec CitésLab CitésLab – Révélateurs de Talents, ce sont d’abord des hommes et des femmes de terrain – les chefs de projets CitésLab.Les chefs de projets CitésLab rencontrent et révèlent les",Montpellier,34080 Montpellier,2025-09-01T07:30:00+00:00,2025-09-01T08:00:00+00:00,"['Se préparer', ""Création d'entreprise""]","Titre : Les rencontres de la création avec CitésLab. Description : Rencontre avec CitésLab CitésLab – Révélateurs de Talents, ce sont d’abord des hommes et des femmes de terrain – les chefs de projets CitésLab.Les chefs de projets CitésLab rencontrent et révèlent les. Lieu : Montpellier, 34080 Montpellier. Date de début : 2025-09-01T07:30:00+00:00. Date de fin : 2025-09-01T08:00:00+00:00. Mots-clés : ['Se préparer', ""Création d'entreprise""]."
Une balade « Au fil des jardins » avec le CAUE 34,"Dans le cadre du week-end des « Rendez-vous aux jardins » du vendredi 6 au dimanche 8 juin 2025, le CAUE de l’Hérault vous invite à une balade de jardin en jardin – le patio du CAUE, la place royale …",Montpellier,"19 rue Saint-Louis, 34000 Montpellier",2025-06-07T07:30:00+00:00,2025-06-07T10:30:00+00:00,,"Titre : Une balade « Au fil des jardins » avec le CAUE 34. Description : Dans le cadre du week-end des « Rendez-vous aux jardins » du vendredi 6 au dimanche 8 juin 2025, le CAUE de l’Hérault vous invite à une balade de jardin en jardin – le patio du CAUE, la place royale …. Lieu : Montpellier, 19 rue Saint-Louis, 34000 Montpellier. Date de début : 2025-06-07T07:30:00+00:00. Date de fin : 2025-06-07T10:30:00+00:00. Mots-clés : None."
Polar au coeur des livres ! par la Cie l'Arborescence,"Dans cette enquête participative adpaptée des célèbres albums d'Yvan Pommeau, aide le détective Chatterton à résoudre trois énigmes aussi truculententes qu'inattendues ! Fouille, observe et prend aux…",Montpellier,"162 Avenue de Palavas, 34070 Montpellier, France",2025-10-04T13:00:00+00:00,2025-10-04T14:00:00+00:00,,"Titre : Polar au coeur des livres ! par la Cie l'Arborescence. Description : Dans cette enquête participative adpaptée des célèbres albums d'Yvan Pommeau, aide le détective Chatterton à résoudre trois énigmes aussi truculententes qu'inattendues ! Fouille, observe et prend aux…. Lieu : Montpellier, 162 Avenue de Palavas, 34070 Montpellier, France. Date de début : 2025-10-04T13:00:00+00:00. Date de fin : 2025-10-04T14:00:00+00:00. Mots-clés : None."
Les rencontres de la création avec L'ADIE et CitésLab,"Rencontre avec CitésLab CitésLab – Révélateurs de Talents, ce sont d’abord des hommes et des femmes de terrain – les chefs de projets CitésLab.Les chefs de projets CitésLab rencontrent et révèlent les",Montpellier,34080 Montpellier,2025-09-10T07:30:00+00:00,2025-09-10T08:00:00+00:00,"['Se préparer', ""Création d'entreprise""]","Titre : Les rencontres de la création avec L'ADIE et CitésLab. Description : Rencontre avec CitésLab CitésLab – Révélateurs de Talents, ce sont d’abord des hommes et des femmes de terrain – les chefs de projets CitésLab.Les chefs de projets CitésLab rencontrent et révèlent les. Lieu : Montpellier, 34080 Montpellier. Date de début : 2025-09-10T07:30:00+00:00. Date de fin : 2025-09-10T08:00:00+00:00. Mots-clés : ['Se préparer', ""Création d'entreprise""]."
Les rencontres de la création avec L'ADIE et CitésLab,"Rencontre avec CitésLab CitésLab – Révélateurs de Talents, ce sont d’abord des hommes et des femmes de terrain – les chefs de projets CitésLab.Les chefs de projets CitésLab rencontrent et révèlent...",Montpellier,34080 Montpellier,2025-09-10T08:30:00+00:00,2025-09-10T09:00:00+00:00,"['Atelier', ""Création d'entreprise"", 'Se préparer', 'Tout public', 'en physique']","Titre : Les rencontres de la création avec L'ADIE et CitésLab. Description : Rencontre avec CitésLab CitésLab – Révélateurs de Talents, ce sont d’abord des hommes et des femmes de terrain – les chefs de projets CitésLab.Les chefs de projets CitésLab rencontrent et révèlent.... Lieu : Montpellier, 34080 Montpellier. Date de début : 2025-09-10T08:30:00+00:00. Date de fin : 2025-09-10T09:00:00+00:00. Mots-clés : ['Atelier', ""Création d'entreprise"", 'Se préparer', 'Tout public', 'en physique']."
"Conférence gesticulée : Max Rouquette, homme de théâtre",🎙️ Conférence gesticulée autour de Max Rouquette,Montpellier,Place Max Rouquette 34000 Montpellier,2025-09-21T08:00:00+00:00,2025-09-21T09:00:00+00:00,,"Titre : Conférence gesticulée : Max Rouquette, homme de théâtre. Description : 🎙️ Conférence gesticulée autour de Max Rouquette. Lieu : Montpellier, Place Max Rouquette 34000 Montpellier. Date de début : 2025-09-21T08:00:00+00:00. Date de fin : 2025-09-21T09:00:00+00:00. Mots-clés : None."
Visite commentée : à la découverte de l'ancien évêché,⛪ Visite de l’ancien évêché,Montpellier,"22 rue Lallemand, 34000 Montpellier",2025-09-20T08:00:00+00:00,2025-09-21T16:00:00+00:00,,"Titre : Visite commentée : à la découverte de l'ancien évêché. Description : ⛪ Visite de l’ancien évêché. Lieu : Montpellier, 22 rue Lallemand, 34000 Montpellier. Date de début : 2025-09-20T08:00:00+00:00. Date de fin : 2025-09-21T16:00:00+00:00. Mots-clés : None."
"Visite guidée des salons, exposition d'art contemporain et partage du savoir-faire des artisans d'art au château de la Piscine","Cette visite guidée propose une déambulation dans les salons commentée par les propriétaires, un accès à une exposition d'art contemporain réalisée par des artistes sétoises ""Les Crafties"" et un des …",Montpellier,"129 avenue de Lodève, 34070 Montpellier",2025-09-20T08:00:00+00:00,2025-09-21T16:00:00+00:00,,"Titre : Visite guidée des salons, exposition d'art contemporain et partage du savoir-faire des artisans d'art au château de la Piscine. Description : Cette visite guidée propose une déambulation dans les salons commentée par les propriétaires, un accès à une exposition d'art contemporain réalisée par des artistes sétoises ""Les Crafties"" et un des …. Lieu : Montpellier, 129 avenue de Lodève, 34070 Montpellier. Date de début : 2025-09-20T08:00:00+00:00. Date de fin : 2025-09-21T16:00:00+00:00. Mots-clés : None."
Visite guidée du mikvé médiéval,💧 Visite du mikvé médiéval,Montpellier,"1 rue de la Barralerie, 34000 Montpellier",2025-09-20T08:00:00+00:00,2025-09-21T17:00:00+00:00,,"Titre : Visite guidée du mikvé médiéval. Description : 💧 Visite du mikvé médiéval. Lieu : Montpellier, 1 rue de la Barralerie, 34000 Montpellier. Date de début : 2025-09-20T08:00:00+00:00. Date de fin : 2025-09-21T17:00:00+00:00. Mots-clés : None."
Visite commentée du Sanctuaire Saint-Roch,⛪ Visite du sanctuaire Saint-Roch,Montpellier,"Place Saint-Roch, 34000 Montpellier",2025-09-20T08:00:00+00:00,2025-09-21T16:00:00+00:00,,"Titre : Visite commentée du Sanctuaire Saint-Roch. Description : ⛪ Visite du sanctuaire Saint-Roch. Lieu : Montpellier, Place Saint-Roch, 34000 Montpellier. Date de début : 2025-09-20T08:00:00+00:00. Date de fin : 2025-09-21T16:00:00+00:00. Mots-clés : None."
Atelier DUODAY: emploi et handicap,"Vous êtes en situation de handicap et en recherche d'emploi, en reconversion professionnelle ou simplement curieux.se de découvrir un métier ou une entreprise? Passez une journée en immersion dans...",Montpellier,34080 Montpellier,2025-09-22T12:00:00+00:00,2025-09-22T14:00:00+00:00,"[""Réunion d'information"", 'La semaine du handicap', 'Se préparer', 'Découverte secteur / métier', 'Insertion', ""S'informer"", ""Aides à l'emploi"", 'Personnes en situation de handicap', 'en physique']","Titre : Atelier DUODAY: emploi et handicap. Description : Vous êtes en situation de handicap et en recherche d'emploi, en reconversion professionnelle ou simplement curieux.se de découvrir un métier ou une entreprise? Passez une journée en immersion dans.... Lieu : Montpellier, 34080 Montpellier. Date de début : 2025-09-22T12:00:00+00:00. Date de fin : 2025-09-22T14:00:00+00:00. Mots-clés : [""Réunion d'information"", 'La semaine du handicap', 'Se préparer', 'Découverte secteur / métier', 'Insertion', ""S'informer"", ""Aides à l'emploi"", 'Personnes en situation de handicap', 'en physique']."
CHOEUR SOUL'IDAIRE : Un Événement Unique de Recrutement par la Musique !,Le Choeur Soul'idaire est un événement innovant où recruteurs et demandeurs d'emploi se rencontrent sur scène pour un spectacle inoubliable.,Montpellier,34080 Montpellier,2026-01-06T08:30:00+00:00,2026-01-06T11:00:00+00:00,"['Recrutement sans CV', 'Insertion']","Titre : CHOEUR SOUL'IDAIRE : Un Événement Unique de Recrutement par la Musique !. Description : Le Choeur Soul'idaire est un événement innovant où recruteurs et demandeurs d'emploi se rencontrent sur scène pour un spectacle inoubliable.. Lieu : Montpellier, 34080 Montpellier. Date de début : 2026-01-06T08:30:00+00:00. Date de fin : 2026-01-06T11:00:00+00:00. Mots-clés : ['Recrutement sans CV', 'Insertion']."
Les grands donateurs,"Les amis du musée Fabre vous propose une visite afin de découvrir quelques grands donateurs du musée. François-Xavier Fabre, Antoine Valedau et Alfred Bruyas seront à l'honneur.",Montpellier,"39 Boulevard de Bonnes Nouvelles, 34000 Montpellier, France",2026-05-23T18:00:00+00:00,2026-05-23T19:30:00+00:00,,"Titre : Les grands donateurs. Description : Les amis du musée Fabre vous propose une visite afin de découvrir quelques grands donateurs du musée. François-Xavier Fabre, Antoine Valedau et Alfred Bruyas seront à l'honneur.. Lieu : Montpellier, 39 Boulevard de Bonnes Nouvelles, 34000 Montpellier, France. Date de début : 2026-05-23T18:00:00+00:00. Date de fin : 2026-05-23T19:30:00+00:00. Mots-clés : None."
"Max Rouquette, l'enchanteur - Exposition","La vie et l'œuvre de l'enchanteur montpelliérain, Max Rouquette. Photographies de Georges Souche, textes Jean-Frédéric Brun. Production CIRDOC - Institut occitan de cultura",Montpellier,"14 Rue Eugène Lisbonne, 34000 Montpellier",2025-06-24T12:00:00+00:00,2025-07-11T16:00:00+00:00,"['Max Rouquette', 'Littérature', 'exposition', 'photographies']","Titre : Max Rouquette, l'enchanteur - Exposition. Description : La vie et l'œuvre de l'enchanteur montpelliérain, Max Rouquette. Photographies de Georges Souche, textes Jean-Frédéric Brun. Production CIRDOC - Institut occitan de cultura. Lieu : Montpellier, 14 Rue Eugène Lisbonne, 34000 Montpellier. Date de début : 2025-06-24T12:00:00+00:00. Date de fin : 2025-07-11T16:00:00+00:00. Mots-clés : ['Max Rouquette', 'Littérature', 'exposition', 'photographies']."
Présentation des ouvrages de la collection DUO de la DRAC et projection d’une vidéo sur la restauration de la cathédrale de Nîmes,"Au cours de votre visite, la DRAC Occitanie vous propose de découvrir sa collection éditoriale Duo, une série unique qui met en valeur la richesse et la diversité du patrimoine régional.",Montpellier,"5 rue de la Salle l’Évêque, 34000 Montpellier",2025-09-20T08:00:00+00:00,2025-09-21T16:00:00+00:00,,"Titre : Présentation des ouvrages de la collection DUO de la DRAC et projection d’une vidéo sur la restauration de la cathédrale de Nîmes. Description : Au cours de votre visite, la DRAC Occitanie vous propose de découvrir sa collection éditoriale Duo, une série unique qui met en valeur la richesse et la diversité du patrimoine régional.. Lieu : Montpellier, 5 rue de la Salle l’Évêque, 34000 Montpellier. Date de début : 2025-09-20T08:00:00+00:00. Date de fin : 2025-09-21T16:00:00+00:00. Mots-clés : None."
Visite guidée - Le Musée des Moulages et ses collections,"En suivant le parcours du Musée des Moulages, remontez le temps jusqu’au XIXe siècle, quand l’archéologie n’était encore qu’une discipline naissante et quand les moulages permettaient aux étudiants à…",Montpellier,"Université de Montpellier Paul-Valéry, route de Mende, 34090 Montpellier",2026-06-12T09:00:00+00:00,2026-06-12T15:00:00+00:00,,"Titre : Visite guidée - Le Musée des Moulages et ses collections. Description : En suivant le parcours du Musée des Moulages, remontez le temps jusqu’au XIXe siècle, quand l’archéologie n’était encore qu’une discipline naissante et quand les moulages permettaient aux étudiants à…. Lieu : Montpellier, Université de Montpellier Paul-Valéry, route de Mende, 34090 Montpellier. Date de début : 2026-06-12T09:00:00+00:00. Date de fin : 2026-06-12T15:00:00+00:00. Mots-clés : None."
Atelier - Les animaux au musée,"Faites explorer le musée aux plus petits grâce à un atelier conçu pour les enfants de 3 à 5 ans (maternelle), autour des animaux, réels et fantastiques, qui peuplent l'immaginaire des sculptures et…",Montpellier,"Université de Montpellier Paul-Valéry, route de Mende, 34090 Montpellier",2026-06-12T09:00:00+00:00,2026-06-12T15:00:00+00:00,,"Titre : Atelier - Les animaux au musée. Description : Faites explorer le musée aux plus petits grâce à un atelier conçu pour les enfants de 3 à 5 ans (maternelle), autour des animaux, réels et fantastiques, qui peuplent l'immaginaire des sculptures et…. Lieu : Montpellier, Université de Montpellier Paul-Valéry, route de Mende, 34090 Montpellier. Date de début : 2026-06-12T09:00:00+00:00. Date de fin : 2026-06-12T15:00:00+00:00. Mots-clés : None."
Les rencontres de la création avec AXENTS,"Vous avez une idée, besoin de conseils ? Depuis 1995, AXENTS favorise l'émergence de projets et le développement de la création d'entreprise dans le département de l'Hérault.",Montpellier,34080 Montpellier,2026-04-29T07:00:00+00:00,2026-04-29T07:30:00+00:00,"[""La semaine de la création et reprise d'entreprise - ReStart"", ""Création d'entreprise""]","Titre : Les rencontres de la création avec AXENTS. Description : Vous avez une idée, besoin de conseils ? Depuis 1995, AXENTS favorise l'émergence de projets et le développement de la création d'entreprise dans le département de l'Hérault.. Lieu : Montpellier, 34080 Montpellier. Date de début : 2026-04-29T07:00:00+00:00. Date de fin : 2026-04-29T07:30:00+00:00. Mots-clés : [""La semaine de la création et reprise d'entreprise - ReStart"", ""Création d'entreprise""]."
Les rencontres de la création avec ADIE,"Rencontre avec ADIE : L'Adie, c'est l'association qui finance votre entreprise et vous accompagne tout au long de votre projet. Un crédit et des conseils pour me lancer.",Montpellier,34080 Montpellier,2026-05-06T07:30:00+00:00,2026-05-06T08:00:00+00:00,"[""Création d'entreprise"", 'Se préparer']","Titre : Les rencontres de la création avec ADIE. Description : Rencontre avec ADIE : L'Adie, c'est l'association qui finance votre entreprise et vous accompagne tout au long de votre projet. Un crédit et des conseils pour me lancer.. Lieu : Montpellier, 34080 Montpellier. Date de début : 2026-05-06T07:30:00+00:00. Date de fin : 2026-05-06T08:00:00+00:00. Mots-clés : [""Création d'entreprise"", 'Se préparer']."
FESTIVAL PLAY IT AGAIN / 2046,"Jeudi 25 septembre à 20h. En partenariat avec le Ciné-Club Jean Vigo, en présence de son président Jean Aubert",Montpellier,"2, rue Marcellin Albert, Montpellier",2025-09-25T18:00:00+00:00,2025-09-25T21:00:00+00:00,"['2046', 'Wong Kar-Wai', 'cinéma Nestor Burma', 'festival Play it again', 'Ciné-Club Jean Vigo', 'Jean Aubert', 'ADRC']","Titre : FESTIVAL PLAY IT AGAIN / 2046. Description : Jeudi 25 septembre à 20h. En partenariat avec le Ciné-Club Jean Vigo, en présence de son président Jean Aubert. Lieu : Montpellier, 2, rue Marcellin Albert, Montpellier. Date de début : 2025-09-25T18:00:00+00:00. Date de fin : 2025-09-25T21:00:00+00:00. Mots-clés : ['2046', 'Wong Kar-Wai', 'cinéma Nestor Burma', 'festival Play it again', 'Ciné-Club Jean Vigo', 'Jean Aubert', 'ADRC']."
Le Secret des Mésanges,"Cine-rencontre - Lucie, petite fille dégourdie de 10 ans, vient passer quelques jours de vacances avec sa mère, Caroline. Celle-ci est archéologue et participe à des fouilles à la campagne avec Pie...",Montpellier,"2, rue Marcellin Albert, Montpellier",2025-11-29T13:15:00+00:00,2025-11-29T14:21:00+00:00,"['Cinéma Nestor Burma', 'Le Secret des Mésanges', 'Antoine Lanciaux', 'Animation', 'Familial', 'Aventure']","Titre : Le Secret des Mésanges. Description : Cine-rencontre - Lucie, petite fille dégourdie de 10 ans, vient passer quelques jours de vacances avec sa mère, Caroline. Celle-ci est archéologue et participe à des fouilles à la campagne avec Pie.... Lieu : Montpellier, 2, rue Marcellin Albert, Montpellier. Date de début : 2025-11-29T13:15:00+00:00. Date de fin : 2025-11-29T14:21:00+00:00. Mots-clés : ['Cinéma Nestor Burma', 'Le Secret des Mésanges', 'Antoine Lanciaux', 'Animation', 'Familial', 'Aventure']."
Séance Interactive : Fabrication d'un doc féministe avec la réalisatrice Nina Faure !,Rencontre avec la réalisatrice,Montpellier,"5, rue de Verdun, Montpellier",2026-02-12T19:00:00+00:00,2026-02-12T22:00:00+00:00,"['Diagonal-Capitole', ""Séance Interactive : Fabrication d'un doc féministe avec la réalisatrice Nina Faure !""]","Titre : Séance Interactive : Fabrication d'un doc féministe avec la réalisatrice Nina Faure !. Description : Rencontre avec la réalisatrice. Lieu : Montpellier, 5, rue de Verdun, Montpellier. Date de début : 2026-02-12T19:00:00+00:00. Date de fin : 2026-02-12T22:00:00+00:00. Mots-clés : ['Diagonal-Capitole', ""Séance Interactive : Fabrication d'un doc féministe avec la réalisatrice Nina Faure !""]."
Pillion de Harry Lighton,Avant-première,Montpellier,"5, rue de Verdun, Montpellier",2026-03-01T16:40:00+00:00,2026-03-01T19:40:00+00:00,"['Diagonal-Capitole', 'Pillion de Harry Lighton']","Titre : Pillion de Harry Lighton. Description : Avant-première. Lieu : Montpellier, 5, rue de Verdun, Montpellier. Date de début : 2026-03-01T16:40:00+00:00. Date de fin : 2026-03-01T19:40:00+00:00. Mots-clés : ['Diagonal-Capitole', 'Pillion de Harry Lighton']."
Les rencontres de la création avec CitésLab,"Rencontre avec CitésLab CitésLab - Révélateurs de Talents, ce sont d'abord des hommes et des femmes de terrain - les chefs de projets CitésLab. Les chefs de projets CitésLab rencontrent et révèlen...",Montpellier,34080 Montpellier,2025-09-15T07:00:00+00:00,2025-09-15T07:30:00+00:00,"['Atelier', ""Création d'entreprise"", 'Se préparer', 'Tout public', 'en physique']","Titre : Les rencontres de la création avec CitésLab. Description : Rencontre avec CitésLab CitésLab - Révélateurs de Talents, ce sont d'abord des hommes et des femmes de terrain - les chefs de projets CitésLab. Les chefs de projets CitésLab rencontrent et révèlen.... Lieu : Montpellier, 34080 Montpellier. Date de début : 2025-09-15T07:00:00+00:00. Date de fin : 2025-09-15T07:30:00+00:00. Mots-clés : ['Atelier', ""Création d'entreprise"", 'Se préparer', 'Tout public', 'en physique']."
Les rencontres de la création avec CitésLab,"Rencontre avec CitésLab CitésLab – Révélateurs de Talents, ce sont d’abord des hommes et des femmes de terrain – les chefs de projets CitésLab.Les chefs de projets CitésLab rencontrent et révèlent...",Montpellier,34080 Montpellier,2025-10-22T08:00:00+00:00,2025-10-22T08:30:00+00:00,"['Atelier', 'Se préparer', ""Création d'entreprise"", 'Tout public', 'en physique']","Titre : Les rencontres de la création avec CitésLab. Description : Rencontre avec CitésLab CitésLab – Révélateurs de Talents, ce sont d’abord des hommes et des femmes de terrain – les chefs de projets CitésLab.Les chefs de projets CitésLab rencontrent et révèlent.... Lieu : Montpellier, 34080 Montpellier. Date de début : 2025-10-22T08:00:00+00:00. Date de fin : 2025-10-22T08:30:00+00:00. Mots-clés : ['Atelier', 'Se préparer', ""Création d'entreprise"", 'Tout public', 'en physique']."
Les rencontres de la création avec CitésLab,"Rencontre avec CitésLab CitésLab - Révélateurs de Talents, ce sont d'abord des hommes et des femmes de terrain - les chefs de projets CitésLab.",Montpellier,34080 Montpellier,2025-10-22T08:00:00+00:00,2025-10-22T08:30:00+00:00,"['Se préparer', ""Création d'entreprise""]","Titre : Les rencontres de la création avec CitésLab. Description : Rencontre avec CitésLab CitésLab - Révélateurs de Talents, ce sont d'abord des hommes et des femmes de terrain - les chefs de projets CitésLab.. Lieu : Montpellier, 34080 Montpellier. Date de début : 2025-10-22T08:00:00+00:00. Date de fin : 2025-10-22T08:30:00+00:00. Mots-clés : ['Se préparer', ""Création d'entreprise""]."
Rencontre Transport & Logistique - AFTRAL,Vous êtes en recherche d'emploi ou en projet de reconversion ?,Montpellier,34080 Montpellier,2026-02-23T08:00:00+00:00,2026-02-23T09:30:00+00:00,"['1 jeune  1 solution', ""S'informer"", 'Découverte formation', 'Découverte secteur / métier']","Titre : Rencontre Transport & Logistique - AFTRAL. Description : Vous êtes en recherche d'emploi ou en projet de reconversion ?. Lieu : Montpellier, 34080 Montpellier. Date de début : 2026-02-23T08:00:00+00:00. Date de fin : 2026-02-23T09:30:00+00:00. Mots-clés : ['1 jeune  1 solution', ""S'informer"", 'Découverte formation', 'Découverte secteur / métier']."
Je participe à un projet de Ressourcerie !,"Avec Toits lance un projet de ressourcerie avec pour objectif de collecter, valoriser et revendre des objets lors de vide-greniers afin de financer nos actions solidaires.",Montpellier,19 Rue Farges 34000 Montpellier,2025-10-16T07:00:00+00:00,2025-10-19T15:00:00+00:00,,"Titre : Je participe à un projet de Ressourcerie !. Description : Avec Toits lance un projet de ressourcerie avec pour objectif de collecter, valoriser et revendre des objets lors de vide-greniers afin de financer nos actions solidaires.. Lieu : Montpellier, 19 Rue Farges 34000 Montpellier. Date de début : 2025-10-16T07:00:00+00:00. Date de fin : 2025-10-19T15:00:00+00:00. Mots-clés : None."
"Atelier Flamenco ""Flamenco aux pieds nus""",Initiation à la danse flamenco en passant par les rythmes de rumbas et tangos,Montpellier,"7 rue Pages, 34070 Montpellier",2025-07-11T08:00:00+00:00,2025-07-11T10:00:00+00:00,,"Titre : Atelier Flamenco ""Flamenco aux pieds nus"". Description : Initiation à la danse flamenco en passant par les rythmes de rumbas et tangos. Lieu : Montpellier, 7 rue Pages, 34070 Montpellier. Date de début : 2025-07-11T08:00:00+00:00. Date de fin : 2025-07-11T10:00:00+00:00. Mots-clés : None."
Sortie de résidence - La grande traversée,"Venez découvrir l'exposition issue de la résidence ""La grande traversée"" aux Echelles de la Ville",Montpellier,1 place Paul Bec 34000 Montpellier,2025-10-04T14:00:00+00:00,2025-10-04T18:00:00+00:00,"['résidence', 'sortie de résidence', 'visite', 'art', 'paysage', 'design', 'exposition']","Titre : Sortie de résidence - La grande traversée. Description : Venez découvrir l'exposition issue de la résidence ""La grande traversée"" aux Echelles de la Ville. Lieu : Montpellier, 1 place Paul Bec 34000 Montpellier. Date de début : 2025-10-04T14:00:00+00:00. Date de fin : 2025-10-04T18:00:00+00:00. Mots-clés : ['résidence', 'sortie de résidence', 'visite', 'art', 'paysage', 'design', 'exposition']."
